id,deviceId,protocol,serverTime,deviceTime,fixTime,valid,latitude,longitude,altitude,speed,course,address,accuracy,totalDistance,event,odometer,activity,charge,distance,motion,batteryLevel
70872,1,osmand,2026-01-30 15:00:27,2026-01-30 15:00:26,2026-01-30 15:00:26,true,35.4893073,138.7820485,875.8,0.0,0.0,,0.0,1.481183743968772E7,motionchange,8248251,still,true,14.870165292867547,false,96
70873,1,osmand,2026-01-30 15:05:29,2026-01-30 15:05:28,2026-01-30 15:05:28,true,35.4891344,138.7822527,875.8,0.0,0.0,,0.0,1.4811864142066086E7,motionchange,8248304,still,true,26.702378366784497,false,97
70874,1,osmand,2026-01-30 15:10:31,2026-01-30 15:10:27,2026-01-30 15:10:27,true,35.4893764,138.7821061,876.0,0.0,0.0,,0.0,1.4811894180197477E7,motionchange,8248387,still,true,30.038131392288626,false,98
70875,1,osmand,2026-01-30 15:15:33,2026-01-30 15:15:26,2026-01-30 15:15:26,true,35.4894024,138.7821265,876.0,2.3714848,349.93,,0.0,1.4811897614718745E7,motionchange,8248462,still,true,3.4345212679867827,false,99
70876,1,osmand,2026-01-30 15:20:33,2026-01-30 15:20:32,2026-01-30 15:20:32,true,35.4897292,138.782191,876.0,0.0,0.0,,0.0,1.4811934460680487E7,motionchange,8248540,still,true,36.84596174193072,false,100
70877,1,osmand,2026-01-30 15:25:34,2026-01-30 15:25:32,2026-01-30 15:25:32,true,35.4896358,138.7821626,876.0,0.0,0.0,,0.0,1.4811945171832662E7,motionchange,8248575,still,true,10.711152174661889,false,100
70878,1,osmand,2026-01-30 15:30:35,2026-01-30 15:26:11,2026-01-30 15:26:11,true,35.489594,138.782179,876.0,0.0,0.0,,0.0,1.4811950056651276E7,,8248605,still,true,4.884818612976529,true,100
70879,1,osmand,2026-01-30 15:30:35,2026-01-30 15:30:33,2026-01-30 15:30:33,true,35.4895139,138.7821082,876.0,0.0,0.0,,0.0,1.4811961042464968E7,motionchange,8248628,still,true,10.985813692546508,false,100
70880,1,osmand,2026-01-30 15:35:34,2026-01-30 15:35:33,2026-01-30 15:35:33,true,35.4890395,138.782265,875.8,0.0,0.0,,0.0,1.4812015731395697E7,,8248679,still,true,54.68893072962645,true,100
70881,1,osmand,2026-01-30 15:40:39,2026-01-30 15:40:38,2026-01-30 15:40:38,true,35.4894931,138.7821358,876.0,2.332608,155.82,,0.0,1.4812067566074653E7,,8248831,still,true,51.83467895586702,true,100
70882,1,osmand,2026-01-30 15:42:16,2026-01-30 15:42:15,2026-01-30 15:42:15,true,35.4894344,138.7821277,876.0,0.0,0.0,,0.0,1.481207414164326E7,motionchange,8248831,still,true,6.575568607219529,false,100
70883,1,osmand,2026-01-30 15:47:17,2026-01-30 15:47:10,2026-01-30 15:47:10,true,35.4893888,138.7821254,876.0,0.7386592,298.89,,0.0,1.4812079222090974E7,motionchange,8248969,still,true,5.0804477140085025,false,100
70884,1,osmand,2026-01-30 15:52:12,2026-01-30 15:52:11,2026-01-30 15:52:11,true,35.4892916,138.7819338,876.0,0.0,0.0,,0.0,1.4812099683531556E7,,8249067,still,true,20.46144058190404,true,100
70885,1,osmand,2026-01-30 15:52:18,2026-01-30 15:52:17,2026-01-30 15:52:17,true,35.4892916,138.7819338,876.0,0.0,0.0,,0.0,1.4812099683531556E7,,8249067,still,true,0.0,false,100
70886,1,osmand,2026-01-30 15:52:18,2026-01-30 15:52:17,2026-01-30 15:52:17,true,35.4892916,138.7819338,876.0,0.0,0.0,,0.0,1.4812099683531556E7,motionchange,8249067,still,true,0.0,false,100
70887,1,osmand,2026-01-30 15:59:14,2026-01-30 15:59:13,2026-01-30 15:59:13,true,35.4894675,138.7821516,876.0,0.0,0.0,,0.0,1.4812127488793015E7,motionchange,8249364,still,true,27.80526145995038,false,100
70888,1,osmand,2026-01-30 16:04:19,2026-01-30 16:04:18,2026-01-30 16:04:18,true,35.4894019,138.7821257,876.0,0.2332608,315.17,,0.0,1.4812135159408018E7,,8249442,still,true,7.670615002405243,true,100
70889,1,osmand,2026-01-30 16:06:00,2026-01-30 16:05:59,2026-01-30 16:05:59,true,35.4895074,138.7820664,876.0,0.0,0.0,,0.0,1.4812148075124748E7,motionchange,8249442,still,true,12.915716729800044,false,100
70890,1,osmand,2026-01-30 16:11:00,2026-01-30 16:10:59,2026-01-30 16:10:59,true,35.4894029,138.7821226,876.0,0.33045280000000005,111.87,,0.0,1.4812160774411725E7,,8249442,still,true,12.69928697702548,true,100
70891,1,osmand,2026-01-30 16:11:02,2026-01-30 16:10:59,2026-01-30 16:10:59,true,35.4894029,138.7821226,876.0,0.33045280000000005,111.87,,0.0,1.4812160774411725E7,motionchange,8249442,still,true,0.0,false,100
70892,1,osmand,2026-01-30 16:16:07,2026-01-30 16:16:05,2026-01-30 16:16:05,true,35.4891889,138.7820461,876.0,0.0,0.0,,0.0,1.48121855853791E7,motionchange,8249516,still,true,24.81096737497926,false,100
70893,1,osmand,2026-01-30 16:21:06,2026-01-30 16:17:14,2026-01-30 16:17:14,true,35.4894088,138.7820013,876.0,0.0,0.0,,0.0,1.4812210399040092E7,,8249547,still,true,24.813660992098843,true,100
70894,1,osmand,2026-01-30 16:21:06,2026-01-30 16:21:05,2026-01-30 16:21:05,true,35.4893489,138.7821466,876.0,0.0,0.0,,0.0,1.481222516072119E7,,8249585,still,true,14.761681099092337,true,100
70895,1,osmand,2026-01-30 16:21:07,2026-01-30 16:21:06,2026-01-30 16:21:06,true,35.4893489,138.7821466,876.0,0.0,0.0,,0.0,1.481222516072119E7,motionchange,8249585,still,true,0.0,false,100
70896,1,osmand,2026-01-30 16:26:08,2026-01-30 16:26:06,2026-01-30 16:26:06,true,35.4893858,138.7821132,876.0,0.0,0.0,,0.0,1.4812230263455518E7,motionchange,8249585,still,true,5.102734326704334,false,100
70897,1,osmand,2026-01-30 16:31:10,2026-01-30 16:31:09,2026-01-30 16:31:09,true,35.4894376,138.7820328,876.0,0.0,0.0,,0.0,1.4812239556274159E7,motionchange,8249598,still,true,9.292818640461887,false,100
70898,1,osmand,2026-01-30 16:36:12,2026-01-30 16:36:11,2026-01-30 16:36:11,true,35.4893961,138.7820274,876.0,0.0,0.0,,0.0,1.4812244201888561E7,motionchange,8249616,still,true,4.645614401625943,false,100
70899,1,osmand,2026-01-30 16:41:12,2026-01-30 16:41:11,2026-01-30 16:41:11,true,35.4893273,138.7818548,876.0,0.0,0.0,,0.0,1.4812261620280553E7,,8249636,still,true,17.41839199165049,true,100
70900,1,osmand,2026-01-30 16:41:15,2026-01-30 16:41:14,2026-01-30 16:41:14,true,35.4893273,138.7818548,876.0,0.0,0.0,,0.0,1.4812261620280553E7,motionchange,8249636,still,true,0.0,false,100
70901,1,osmand,2026-01-30 16:46:16,2026-01-30 16:46:14,2026-01-30 16:46:14,true,35.4894039,138.7817936,876.0,0.0,0.0,,0.0,1.4812271792857142E7,motionchange,8249710,still,true,10.172576589324324,false,100
70902,1,osmand,2026-01-30 16:51:17,2026-01-30 16:51:16,2026-01-30 16:51:16,true,35.4894791,138.7818204,875.8,0.0,0.0,,0.0,1.4812280509395888E7,motionchange,8249851,still,true,8.716538746781493,false,100
70903,1,osmand,2026-01-30 16:56:19,2026-01-30 16:56:18,2026-01-30 16:56:18,true,35.4895879,138.7817327,876.0,0.0,0.0,,0.0,1.4812294996520117E7,motionchange,8250057,still,true,14.487124228621283,false,100
70904,1,osmand,2026-01-30 17:01:21,2026-01-30 17:01:20,2026-01-30 17:01:20,true,35.4895879,138.7817327,876.0,0.0,0.0,,0.0,1.4812294996520117E7,motionchange,8250057,still,true,0.0,false,100
70905,1,osmand,2026-01-30 17:06:23,2026-01-30 17:06:16,2026-01-30 17:06:16,true,35.4895879,138.7817327,876.0,0.0,0.0,,0.0,1.4812294996520117E7,motionchange,8250057,still,true,0.0,false,100
70906,1,osmand,2026-01-30 17:11:17,2026-01-30 17:11:16,2026-01-30 17:11:16,true,35.4893325,138.7817874,876.0,0.0,0.0,,0.0,1.4812323856576335E7,,8250150,still,true,28.86005621686977,true,100
70907,1,osmand,2026-01-30 17:11:29,2026-01-30 17:11:28,2026-01-30 17:11:28,true,35.4893325,138.7817874,876.0,0.0,0.0,,0.0,1.4812323856576335E7,motionchange,8250150,still,true,0.0,false,100
70908,1,osmand,2026-01-30 17:16:30,2026-01-30 17:16:29,2026-01-30 17:16:29,true,35.489346,138.7818673,876.0,2.5075536,353.92,,0.0,1.4812331252911065E7,,8250150,still,true,7.396334730670329,false,100
70909,1,osmand,2026-01-30 17:16:30,2026-01-30 17:16:29,2026-01-30 17:16:29,true,35.489346,138.7818673,876.0,2.5075536,353.92,,0.0,1.4812331252911065E7,motionchange,8250150,still,true,0.0,false,100
70910,1,osmand,2026-01-30 17:21:31,2026-01-30 17:21:30,2026-01-30 17:21:30,true,35.4893973,138.7821311,876.0,14.7343072,335.65,,0.0,1.4812355835957563E7,,8250802,still,true,24.583046497504295,true,100
70911,1,osmand,2026-01-30 17:25:47,2026-01-30 17:25:41,2026-01-30 17:25:41,true,35.4893855,138.7821461,876.0,0.0777536,0.0,,0.0,1.481235772644245E7,motionchange,8250949,still,true,1.8904848886608587,false,100
70912,1,osmand,2026-01-30 17:30:49,2026-01-30 17:30:47,2026-01-30 17:30:47,true,35.4892241,138.7820845,876.0,0.0,0.0,,0.0,1.4812376540952528E7,motionchange,8251013,still,true,18.814510077970677,false,100
70913,1,osmand,2026-01-30 17:35:49,2026-01-30 17:35:48,2026-01-30 17:35:48,true,35.4893214,138.7822987,876.0,0.0,0.0,,0.0,1.4812398772832252E7,motionchange,8251133,still,true,22.231879723501525,false,100
70914,1,osmand,2026-01-30 17:40:51,2026-01-30 17:40:48,2026-01-30 17:40:48,true,35.4893214,138.7822987,875.8,0.0,0.0,,0.0,1.4812398772832252E7,motionchange,8251133,still,true,0.0,false,100
70915,1,osmand,2026-01-30 17:42:05,2026-01-30 17:42:04,2026-01-30 17:42:04,true,35.4898654,138.7817081,875.8,0.0583152,0.0,,0.0,1.4812479598795757E7,,8251372,still,true,80.82596350526877,true,100
70916,1,osmand,2026-01-30 17:42:05,2026-01-30 17:42:04,2026-01-30 17:42:04,true,35.4898839,138.7816911,875.8,0.0,0.0,,0.0,1.4812482170837075E7,,8251372,still,true,2.5720413169341616,true,100
70917,1,osmand,2026-01-30 17:45:23,2026-01-30 17:45:22,2026-01-30 17:45:22,true,35.4892298,138.7819929,876.0,0.0,0.0,,0.0,1.4812559953695487E7,,8251577,still,true,77.78285841363731,true,100
70918,1,osmand,2026-01-30 17:48:54,2026-01-30 17:46:03,2026-01-30 17:46:03,true,35.4892466,138.782006,876.0,0.0,0.0,,0.0,1.4812562168955734E7,,8251610,still,true,2.21526024612333,true,100
70919,1,osmand,2026-01-30 17:48:54,2026-01-30 17:48:53,2026-01-30 17:48:53,true,35.4892836,138.7820942,876.0,0.0,0.0,,0.0,1.4812571161982233E7,motionchange,8251702,still,true,8.993026498832451,false,100
70920,1,osmand,2026-01-30 17:53:56,2026-01-30 17:52:55,2026-01-30 17:52:55,true,35.4895289,138.7818773,876.0,0.0,0.0,,0.0,1.4812604809464501E7,,8251783,still,true,33.64748226874494,true,100
70921,1,osmand,2026-01-30 17:53:56,2026-01-30 17:53:55,2026-01-30 17:53:55,true,35.4895289,138.7818773,876.0,0.0,0.0,,0.0,1.4812604809464501E7,motionchange,8251783,still,true,0.0,false,100
70922,1,osmand,2026-01-30 17:58:57,2026-01-30 17:58:56,2026-01-30 17:58:56,true,35.4894491,138.7818894,876.0,0.0,0.0,,0.0,1.4812613760204786E7,,8251827,still,true,8.950740284444652,true,100
70923,1,osmand,2026-01-30 17:58:58,2026-01-30 17:58:57,2026-01-30 17:58:57,true,35.4894491,138.7818894,876.0,0.0,0.0,,0.0,1.4812613760204786E7,motionchange,8251827,still,true,0.0,false,100
70924,1,osmand,2026-01-30 18:07:44,2026-01-30 17:59:57,2026-01-30 17:59:57,true,35.4894013,138.7820942,876.0,1.1079888,143.07,,0.0,1.4812633070635512E7,,8251827,still,true,19.31043072528296,true,100
70925,1,osmand,2026-01-30 18:07:44,2026-01-30 18:00:28,2026-01-30 18:00:28,true,35.489398,138.7819862,876.0,0.0,0.0,,0.0,1.4812642866525369E7,,8251839,still,true,9.795889856036771,true,100
70926,1,osmand,2026-01-30 18:07:45,2026-01-30 18:07:43,2026-01-30 18:07:43,true,35.4894061,138.7823068,876.0,0.0,0.0,,0.0,1.4812671939336648E7,motionchange,8251893,still,true,29.0728112800317,false,100
70927,1,osmand,2026-01-30 18:12:45,2026-01-30 18:12:44,2026-01-30 18:12:44,true,35.4894385,138.7821347,875.8,1.555072,322.98,,0.0,1.4812687949827466E7,,8251910,still,true,16.01049081815084,true,100
70928,1,osmand,2026-01-30 18:12:45,2026-01-30 18:12:44,2026-01-30 18:12:44,true,35.4894385,138.7821347,875.8,1.555072,322.98,,0.0,1.4812687949827466E7,motionchange,8251910,still,true,0.0,false,100
70929,1,osmand,2026-01-30 18:17:46,2026-01-30 18:17:45,2026-01-30 18:17:45,true,35.4895663,138.7820784,876.0,0.0,0.0,,0.0,1.4812703063968351E7,motionchange,8251981,still,true,15.11414088578584,false,100
70930,1,osmand,2026-01-30 18:22:48,2026-01-30 18:22:47,2026-01-30 18:22:47,true,35.4895708,138.7818386,875.8,0.0,0.0,,0.0,1.4812724804898726E7,motionchange,8252070,still,true,21.74093037545989,false,100
70931,1,osmand,2026-01-30 18:28:12,2026-01-30 18:25:02,2026-01-30 18:25:02,true,35.4896936,138.7818496,875.8,0.0,0.0,,0.0,1.4812738511243008E7,,8252210,still,true,13.706344281569354,true,100
70932,1,osmand,2026-01-30 18:28:12,2026-01-30 18:28:11,2026-01-30 18:28:11,true,35.4893905,138.7821539,876.0,0.13606880000000002,0.0,,0.0,1.481278209085377E7,,8252296,still,true,43.579610761560566,true,100
70933,1,osmand,2026-01-30 18:30:42,2026-01-30 18:30:41,2026-01-30 18:30:41,true,35.4894657,138.7820172,876.0,0.0,0.0,,0.0,1.4812797044038069E7,motionchange,8252339,still,true,14.953184298787702,false,100
70934,1,osmand,2026-01-30 18:35:42,2026-01-30 18:35:41,2026-01-30 18:35:41,true,35.4895313,138.7818711,876.0,0.097192,0.0,,0.0,1.4812812166422846E7,,8252407,still,true,15.122384777789478,true,100
70935,1,osmand,2026-01-30 18:35:44,2026-01-30 18:35:43,2026-01-30 18:35:43,true,35.4895428,138.7818489,876.0,0.0,0.0,,0.0,1.4812814551315557E7,motionchange,8252407,still,true,2.3848927114382454,false,100
70936,1,osmand,2026-01-30 18:37:49,2026-01-30 18:37:48,2026-01-30 18:37:48,true,35.4895473,138.7809808,875.8,0.1749456,0.0,,0.0,1.4812893236382255E7,,8252586,still,true,78.68506669769377,true,100
70937,1,osmand,2026-01-30 18:37:53,2026-01-30 18:37:52,2026-01-30 18:37:52,true,35.4894238,138.7818472,875.8,2.818568,137.38,,0.0,1.4812972960155167E7,,8252666,still,true,79.72377291064292,true,100
70938,1,osmand,2026-01-30 18:42:50,2026-01-30 18:38:04,2026-01-30 18:38:04,true,35.4894735,138.781632,876.0,0.0,0.0,,0.0,1.4812993235090721E7,,8252791,still,true,20.27493555403919,true,100
70939,1,osmand,2026-01-30 18:42:50,2026-01-30 18:42:49,2026-01-30 18:42:49,true,35.4894406,138.7819362,876.0,0.0,0.0,,0.0,1.4813021049593387E7,motionchange,8252868,still,true,27.814502666171112,false,100
70940,1,osmand,2026-01-30 18:47:52,2026-01-30 18:47:51,2026-01-30 18:47:51,true,35.4893806,138.7820582,876.0,0.0,0.0,,0.0,1.4813033968161074E7,motionchange,8252868,still,true,12.918567687814758,false,100
70941,1,osmand,2026-01-30 18:52:54,2026-01-30 18:52:48,2026-01-30 18:52:48,true,35.4893916,138.7821614,876.0,2.91576,119.0,,0.0,1.4813043401904913E7,motionchange,8252868,still,true,9.43374383808491,false,100
70942,1,osmand,2026-01-30 18:57:55,2026-01-30 18:57:54,2026-01-30 18:57:54,true,35.4891432,138.7818706,876.0,0.0,0.0,,0.0,1.481308160341207E7,motionchange,8252899,still,true,38.20150715619868,false,100
70943,1,osmand,2026-01-30 19:02:56,2026-01-30 19:02:55,2026-01-30 19:02:55,true,35.4891432,138.7818706,876.0,0.0,0.0,,0.0,1.481308160341207E7,motionchange,8252899,still,true,0.0,false,100
70944,1,osmand,2026-01-30 19:07:58,2026-01-30 19:07:57,2026-01-30 19:07:57,true,35.4891432,138.7818706,876.0,0.0,0.0,,0.0,1.481308160341207E7,motionchange,8252899,still,true,0.0,false,100
70945,1,osmand,2026-01-30 19:12:59,2026-01-30 19:12:58,2026-01-30 19:12:58,true,35.4894258,138.7821133,876.0,0.583152,119.56,,0.0,1.4813119990617447E7,,8252933,still,true,38.38720537629378,true,100
70946,1,osmand,2026-01-30 19:13:00,2026-01-30 19:12:59,2026-01-30 19:12:59,true,35.489426,138.7821212,876.0,1.166304,119.22,,0.0,1.4813120707010431E7,motionchange,8252933,still,true,0.7163929841725102,false,100
70947,1,osmand,2026-01-30 19:18:02,2026-01-30 19:18:01,2026-01-30 19:18:01,true,35.4895052,138.7823035,876.0,0.0,0.0,,0.0,1.4813139435472645E7,motionchange,8253038,still,true,18.72846221320944,false,100
70948,1,osmand,2026-01-30 19:23:04,2026-01-30 19:23:03,2026-01-30 19:23:03,true,35.4894716,138.7823197,876.0,0.0,0.0,,0.0,1.4813143453700088E7,motionchange,8253038,still,true,4.018227442211294,false,100
70949,1,osmand,2026-01-30 19:25:41,2026-01-30 19:25:40,2026-01-30 19:25:40,true,35.4892812,138.7831723,876.0,4.9179151999999995,133.06,,0.0,1.481322358634369E7,,8253125,still,true,80.13264360307737,true,100
70950,1,osmand,2026-01-30 19:26:19,2026-01-30 19:26:18,2026-01-30 19:26:18,true,35.4893949,138.7821532,876.0,19.3606464,278.67,,0.0,1.4813316819632532E7,,8253194,still,true,93.23328884155966,true,100
70951,1,osmand,2026-01-30 19:28:05,2026-01-30 19:27:39,2026-01-30 19:27:39,true,35.4893759,138.7823894,876.0,0.0,0.0,,0.0,1.48133383327649E7,,8253315,still,true,21.51313236688421,true,100
70952,1,osmand,2026-01-30 19:28:05,2026-01-30 19:28:03,2026-01-30 19:28:03,true,35.4893874,138.7822042,876.0,1.7883328,315.96,,0.0,1.481335516783396E7,motionchange,8253357,still,true,16.835069060552154,false,100
70953,1,osmand,2026-01-30 19:33:05,2026-01-30 19:33:04,2026-01-30 19:33:04,true,35.4895452,138.7821541,875.8,0.0,0.0,,0.0,1.4813373311500955E7,,8253411,still,true,18.14366699531313,true,100
70954,1,osmand,2026-01-30 19:33:05,2026-01-30 19:33:04,2026-01-30 19:33:04,true,35.4895452,138.7821541,875.8,0.0,0.0,,0.0,1.4813373311500955E7,motionchange,8253411,still,true,0.0,false,100
70955,1,osmand,2026-01-30 19:38:06,2026-01-30 19:38:04,2026-01-30 19:38:04,true,35.4893839,138.7822505,876.0,0.0,0.0,,0.0,1.4813393280409198E7,motionchange,8253433,still,true,19.968908242891022,false,100
70956,1,osmand,2026-01-30 19:43:08,2026-01-30 19:43:07,2026-01-30 19:43:07,true,35.4894846,138.7821437,876.0,0.0,0.0,,0.0,1.4813408091488542E7,motionchange,8253444,still,true,14.811079343404504,false,100
70957,1,osmand,2026-01-30 19:48:10,2026-01-30 19:48:06,2026-01-30 19:48:06,true,35.4894045,138.7821237,876.0,0.13606880000000002,0.0,,0.0,1.4813417190584177E7,motionchange,8253460,still,true,9.0990956343325,false,100
70958,1,osmand,2026-01-30 19:53:08,2026-01-30 19:53:07,2026-01-30 19:53:07,true,35.4893983,138.7822793,876.0,0.0,0.0,,0.0,1.4813431310871737E7,,8253970,still,true,14.12028756065542,true,100
70959,1,osmand,2026-01-30 19:55:35,2026-01-30 19:55:34,2026-01-30 19:55:34,true,35.4887114,138.7821924,876.0,0.1555072,0.0,,0.0,1.4813508180833956E7,,8254536,still,true,76.86996221990994,true,100
70960,1,osmand,2026-01-30 19:56:16,2026-01-30 19:56:15,2026-01-30 19:56:15,true,35.4893895,138.7821037,876.0,4.354201600000001,352.04,,0.0,1.4813584093512703E7,,8254966,still,true,75.91267874566581,true,100
70961,1,osmand,2026-01-30 20:01:16,2026-01-30 20:01:15,2026-01-30 20:01:15,true,35.4893944,138.7821416,876.0,0.1166304,0.0,,0.0,1.481358757176339E7,,8255103,still,true,3.478250688015295,true,100
70962,1,osmand,2026-01-30 20:02:17,2026-01-30 20:02:16,2026-01-30 20:02:16,true,35.4890988,138.7824671,876.0,0.1555072,0.0,,0.0,1.4813631767185349E7,,8255103,still,true,44.19542195766061,false,100
70963,1,osmand,2026-01-30 20:02:17,2026-01-30 20:02:16,2026-01-30 20:02:16,true,35.4890988,138.7824671,876.0,0.1555072,0.0,,0.0,1.4813631767185349E7,motionchange,8255148,still,true,0.0,false,100
70964,1,osmand,2026-01-30 20:07:19,2026-01-30 20:07:12,2026-01-30 20:07:12,true,35.4891866,138.7821103,875.8,0.0,0.0,,0.0,1.48136655519075E7,motionchange,8255362,still,true,33.78472215213147,false,100
70965,1,osmand,2026-01-30 20:12:20,2026-01-30 20:12:18,2026-01-30 20:12:18,true,35.4892949,138.782223,875.8,0.0,0.0,,0.0,1.481368135353484E7,motionchange,8255438,still,true,15.801627340521444,false,100
70966,1,osmand,2026-01-30 20:17:23,2026-01-30 20:17:22,2026-01-30 20:17:22,true,35.4891666,138.7822033,876.0,2.0993472,305.55,,0.0,1.4813695747011054E7,,8255662,still,true,14.393476213441831,true,100
70967,1,osmand,2026-01-30 20:22:28,2026-01-30 20:22:27,2026-01-30 20:22:27,true,35.4893794,138.7820874,876.0,0.6025904,11.19,,0.0,1.481372166061773E7,,8255988,still,true,25.91360667602075,true,100
70968,1,osmand,2026-01-30 20:25:12,2026-01-30 20:25:11,2026-01-30 20:25:11,true,35.4898659,138.7826704,876.0,0.0777536,0.0,,0.0,1.4813797326226385E7,,8256084,still,true,75.66560865476907,true,100
70969,1,osmand,2026-01-30 20:33:05,2026-01-30 20:33:04,2026-01-30 20:33:04,true,35.4893657,138.7822022,876.0,2.5658688,265.94,,0.0,1.4813867336126095E7,,8256166,still,true,70.00989970963147,true,100
70970,1,osmand,2026-01-30 20:33:13,2026-01-30 20:33:11,2026-01-30 20:33:11,true,35.4893564,138.7821086,876.0,0.0,0.0,,0.0,1.4813875882862847E7,motionchange,8256174,still,true,8.546736752435045,false,100
70971,1,osmand,2026-01-30 20:34:15,2026-01-30 20:34:14,2026-01-30 20:34:14,true,35.4899388,138.7813893,876.0,10.9243808,268.93,,0.0,1.4813967827482477E7,,8256266,still,true,91.94461962954506,true,100
70972,1,osmand,2026-01-30 20:35:25,2026-01-30 20:35:24,2026-01-30 20:35:24,true,35.4893984,138.7821316,876.0,29.6629984,144.28,,0.0,1.4814058080495497E7,,8256445,still,true,90.25301302128996,true,100
70973,1,osmand,2026-01-30 20:40:26,2026-01-30 20:40:25,2026-01-30 20:40:25,true,35.4893855,138.7821446,876.0,0.27213760000000004,205.37,,0.0,1.4814059938064238E7,,8256445,still,true,1.8575687399425105,true,100
70974,1,osmand,2026-01-30 20:40:31,2026-01-30 20:40:25,2026-01-30 20:40:25,true,35.4893855,138.7821446,876.0,0.27213760000000004,205.37,,0.0,1.4814059938064238E7,motionchange,8256445,still,true,0.0,false,100
70975,1,osmand,2026-01-30 20:44:11,2026-01-30 20:44:10,2026-01-30 20:44:10,true,35.490075,138.7822078,876.0,0.291576,270.3,,0.0,1.4814136906315207E7,,8256521,still,true,76.96825096883477,true,100
70976,1,osmand,2026-01-30 20:44:23,2026-01-30 20:44:22,2026-01-30 20:44:22,true,35.4893951,138.7821503,876.0,5.889835199999999,177.1,,0.0,1.4814212771662993E7,,8256590,still,true,75.86534778596709,true,100
70977,1,osmand,2026-01-30 20:49:16,2026-01-30 20:49:12,2026-01-30 20:49:12,true,35.4894033,138.7821189,876.0,0.3498912,279.35,,0.0,1.4814215760526147E7,motionchange,8256669,still,true,2.988863154087218,false,100
70978,1,osmand,2026-01-30 20:54:13,2026-01-30 20:50:33,2026-01-30 20:50:33,true,35.4895561,138.7822949,876.0,0.0,0.0,,0.0,1.481423908019715E7,,8256689,still,true,23.319671004015436,true,100
70979,1,osmand,2026-01-30 20:54:13,2026-01-30 20:54:12,2026-01-30 20:54:12,true,35.4897395,138.7820455,876.0,0.097192,0.0,,0.0,1.4814269540186673E7,,8256781,still,true,30.45998952259206,true,100
70980,1,osmand,2026-01-30 20:54:19,2026-01-30 20:54:18,2026-01-30 20:54:18,true,35.4897586,138.7820412,876.0,0.0,0.0,,0.0,1.4814271701815149E7,motionchange,8256781,still,true,2.1616284761989677,false,100
70981,1,osmand,2026-01-30 20:59:20,2026-01-30 20:59:19,2026-01-30 20:59:19,true,35.4892641,138.7823046,876.0,0.0,0.0,,0.0,1.4814331703529332E7,,8257029,still,true,60.00171418353584,true,100
70982,1,osmand,2026-01-30 21:01:44,2026-01-30 21:01:37,2026-01-30 21:01:37,true,35.4893886,138.7821434,876.0,0.3498912,297.06,,0.0,1.481435184207215E7,motionchange,8257046,still,true,20.138542817875834,false,100
70983,1,osmand,2026-01-30 21:03:49,2026-01-30 21:03:48,2026-01-30 21:03:48,true,35.4887876,138.7817124,876.0,11.5852864,209.29,,0.0,1.4814429315469889E7,,8257172,still,true,77.47339774003578,true,100
70984,1,osmand,2026-01-30 21:07:02,2026-01-30 21:07:01,2026-01-30 21:07:01,true,35.4893869,138.7821342,876.0,4.8012848,44.81,,0.0,1.4814506207502745E7,,8257503,still,true,76.8920328556776,true,100
70985,1,osmand,2026-01-30 21:08:55,2026-01-30 21:08:54,2026-01-30 21:08:54,true,35.489404,138.7821067,876.0,0.0,0.0,,0.0,1.481450934381515E7,motionchange,8257524,still,true,3.136312405385336,false,100
70986,1,osmand,2026-01-30 21:13:55,2026-01-30 21:13:54,2026-01-30 21:13:54,true,35.4893212,138.7819327,875.8,0.0,0.0,,0.0,1.4814527610934911E7,,8257546,still,true,18.267119760697547,true,100
70987,1,osmand,2026-01-30 21:13:56,2026-01-30 21:13:55,2026-01-30 21:13:55,true,35.4893212,138.7819327,875.8,0.0,0.0,,0.0,1.4814527610934911E7,motionchange,8257546,still,true,0.0,false,100
70988,1,osmand,2026-01-30 21:18:00,2026-01-30 21:17:59,2026-01-30 21:17:59,true,35.4873924,138.7812124,876.0,0.13606880000000002,0.0,,0.0,1.4814752030663079E7,,8257799,still,true,224.41972816692873,true,100
70989,1,osmand,2026-01-30 21:20:12,2026-01-30 21:20:11,2026-01-30 21:20:11,true,35.4894049,138.7821485,876.0,0.0,0.0,,16.65,1.4814991590376975E7,,8257814,still,true,239.5597138960958,true,100
70990,1,osmand,2026-01-30 21:25:19,2026-01-30 21:25:17,2026-01-30 21:25:17,true,35.4895851,138.7820112,876.0,0.0,0.0,,0.0,1.481501519684044E7,motionchange,8258087,still,true,23.6064634656332,false,100
70991,1,osmand,2026-01-30 21:30:18,2026-01-30 21:28:14,2026-01-30 21:28:14,true,35.4895086,138.7820032,876.0,0.0,0.0,,0.0,1.4815023743596317E7,,8258087,still,true,8.54675587711574,true,100
70992,1,osmand,2026-01-30 21:30:18,2026-01-30 21:29:18,2026-01-30 21:29:18,true,35.489469,138.7819403,876.0,0.0,0.0,,0.0,1.4815030950268995E7,,8258111,still,true,7.206672677792788,true,100
70993,1,osmand,2026-01-30 21:30:18,2026-01-30 21:30:17,2026-01-30 21:30:17,true,35.489469,138.7819403,876.0,0.0,0.0,,0.0,1.4815030950268995E7,,8258136,still,true,0.0,true,100
70994,1,osmand,2026-01-30 21:30:19,2026-01-30 21:30:18,2026-01-30 21:30:18,true,35.489469,138.7819403,876.0,0.0,0.0,,0.0,1.4815030950268995E7,motionchange,8258136,still,true,0.0,false,100
70995,1,osmand,2026-01-30 21:35:19,2026-01-30 21:32:14,2026-01-30 21:32:14,true,35.489422,138.7820749,876.0,2.526992,62.0,,0.0,1.4815044224818626E7,,8258148,still,true,13.274549631927751,true,100
70996,1,osmand,2026-01-30 21:35:19,2026-01-30 21:35:18,2026-01-30 21:35:18,true,35.4895382,138.7823687,876.0,0.0,0.0,,0.0,1.4815073829925232E7,,8258260,still,true,29.605106604374132,true,100
70997,1,osmand,2026-01-30 21:37:32,2026-01-30 21:37:31,2026-01-30 21:37:31,true,35.489397,138.7821357,876.0,0.27213760000000004,175.97,,0.0,1.4815100156163462E7,,8258310,still,,26.326238230406048,false,100
70998,1,osmand,2026-01-30 21:37:32,2026-01-30 21:37:31,2026-01-30 21:37:31,true,35.489397,138.7821357,876.0,0.27213760000000004,175.97,,0.0,1.4815100156163462E7,motionchange,8258310,still,,0.0,false,100
70999,1,osmand,2026-01-30 21:42:32,2026-01-30 21:42:31,2026-01-30 21:42:31,true,35.4894973,138.7820628,875.4,0.583152,324.31,,0.0,1.4815113130172772E7,,8258340,still,,12.974009309900046,true,100
71000,1,osmand,2026-01-30 21:42:34,2026-01-30 21:42:31,2026-01-30 21:42:31,true,35.4894973,138.7820628,875.4,0.583152,324.31,,0.0,1.4815113130172772E7,motionchange,8258340,still,,0.0,false,100
71001,1,osmand,2026-01-30 21:46:14,2026-01-30 21:46:13,2026-01-30 21:46:13,true,35.4900309,138.7813106,875.8,0.40820639999999997,207.46,,0.0,1.4815203554973008E7,,8258431,still,,90.4248002362383,true,100
71002,1,osmand,2026-01-30 21:47:04,2026-01-30 21:47:03,2026-01-30 21:47:03,true,35.4895517,138.781938,875.0,4.568024,144.0,,0.0,1.4815281525607066E7,,8258488,still,,77.97063405820309,true,100
71003,1,osmand,2026-01-30 21:51:33,2026-01-30 21:51:31,2026-01-30 21:51:31,true,35.4894858,138.7820915,875.0,0.6025904,96.7,,0.0,1.4815297254215738E7,motionchange,8258588,still,,15.72860867194527,false,100
71004,1,osmand,2026-01-30 21:56:33,2026-01-30 21:56:32,2026-01-30 21:56:32,true,35.4894977,138.7820769,875.4,0.5248368,119.27,,0.0,1.481529912665463E7,,8258588,still,,1.8724388929518518,true,100
71005,1,osmand,2026-01-30 21:56:38,2026-01-30 21:56:32,2026-01-30 21:56:32,true,35.4894977,138.7820769,875.4,0.5248368,119.27,,0.0,1.481529912665463E7,motionchange,8258588,still,,0.0,false,100
71006,1,osmand,2026-01-30 22:01:39,2026-01-30 22:01:38,2026-01-30 22:01:38,true,35.4896374,138.7820886,875.0,0.0,0.0,,0.0,1.4815314714103306E7,motionchange,8258666,still,,15.587448675862133,false,100
71007,1,osmand,2026-01-30 22:06:41,2026-01-30 22:06:39,2026-01-30 22:06:39,true,35.4896215,138.78202,875.1,0.0,0.0,,0.0,1.4815321178930074E7,motionchange,8258673,still,,6.4648267690699805,false,100
71008,1,osmand,2026-01-30 22:11:41,2026-01-30 22:11:40,2026-01-30 22:11:40,true,35.4896215,138.78202,876.9,0.0,0.0,,0.0,1.4815321178930074E7,motionchange,8258673,still,,0.0,false,99
71009,1,osmand,2026-01-30 22:15:53,2026-01-30 22:15:52,2026-01-30 22:15:52,true,35.4902154,138.7815399,874.2,13.5291264,304.85,,0.0,1.4815400327373022E7,,8258762,still,,79.14844294896909,true,98
71010,1,osmand,2026-01-30 22:16:03,2026-01-30 22:16:02,2026-01-30 22:16:02,true,35.4906198,138.7808703,874.2,17.572313599999998,305.94,,0.0,1.481547589181767E7,,8258838,still,,75.56444464754232,true,98
71011,1,osmand,2026-01-30 22:16:12,2026-01-30 22:16:11,2026-01-30 22:16:11,true,35.4911109,138.7802943,874.2,16.5032016,332.35,,0.0,1.4815551484643118E7,,8258916,still,,75.59282544868177,true,98
71012,1,osmand,2026-01-30 22:17:04,2026-01-30 22:17:03,2026-01-30 22:17:03,true,35.4917301,138.779842,890.4,17.786136,328.56,,0.0,1.4815631683120428E7,,8258986,still,,80.19847730956978,true,98
71013,1,osmand,2026-01-30 22:17:12,2026-01-30 22:17:11,2026-01-30 22:17:11,true,35.4922579,138.7792882,890.4,19.2828928,315.14,,0.0,1.4815708958858648E7,,8259074,still,,77.27573822126462,true,98
71014,1,osmand,2026-01-30 22:17:21,2026-01-30 22:17:20,2026-01-30 22:17:20,true,35.492893,138.7786425,890.4,21.090664,326.83,,0.0,1.481580073748562E7,,8259167,still,,91.77862697156989,true,98
71015,1,osmand,2026-01-30 22:17:30,2026-01-30 22:17:29,2026-01-30 22:17:29,true,35.4937135,138.7785051,890.4,19.6133456,345.7,,0.0,1.481589292016573E7,,8259259,still,,92.1826801117697,true,98
71016,1,osmand,2026-01-30 22:17:38,2026-01-30 22:17:37,2026-01-30 22:17:37,true,35.4944946,138.7782694,890.4,20.8768416,344.41,,0.0,1.4815982457529394E7,,8259348,still,,89.53736366349867,true,98
71017,1,osmand,2026-01-30 22:17:46,2026-01-30 22:17:45,2026-01-30 22:17:45,true,35.4951497,138.7777205,890.4,21.129540799999997,328.69,,0.0,1.4816070735553982E7,,8259436,still,,88.2780245878959,true,98
71018,1,osmand,2026-01-30 22:17:54,2026-01-30 22:17:53,2026-01-30 22:17:53,true,35.4955434,138.7769062,890.4,22.3152832,300.87,,0.0,1.4816156569483105E7,,8259524,still,,85.83392912404491,true,98
71019,1,osmand,2026-01-30 22:18:02,2026-01-30 22:18:01,2026-01-30 22:18:01,true,35.4957197,138.7759818,890.4,20.818526400000003,288.93,,0.0,1.4816242617538799E7,,8259610,still,,86.0480556929649,true,98
71020,1,osmand,2026-01-30 22:18:10,2026-01-30 22:18:09,2026-01-30 22:18:09,true,35.4961302,138.775176,890.4,20.6435808,301.86,,0.0,1.4816328766789807E7,,8259697,still,,86.14925100913732,true,98
71021,1,osmand,2026-01-30 22:18:18,2026-01-30 22:18:17,2026-01-30 22:18:17,true,35.4965918,138.7744122,890.4,21.2461712,302.3,,0.0,1.4816414978074947E7,,8259784,still,,86.21128514092912,true,98
71022,1,osmand,2026-01-30 22:18:26,2026-01-30 22:18:25,2026-01-30 22:18:25,true,35.4969792,138.7736496,890.4,19.7494144,302.13,,0.0,1.481649644367524E7,,8259865,still,,81.46560029315528,true,98
71023,1,osmand,2026-01-30 22:18:34,2026-01-30 22:18:33,2026-01-30 22:18:33,true,35.4973972,138.7729884,890.4,18.6414256,307.1,,0.0,1.4816572312937774E7,,8259941,still,,75.86926253328315,true,98
71024,1,osmand,2026-01-30 22:18:43,2026-01-30 22:18:42,2026-01-30 22:18:42,true,35.4979778,138.7724095,906.95,18.174903999999998,321.98,,0.0,1.4816655559138764E7,,8260024,still,,83.246200990228,true,98
71025,1,osmand,2026-01-30 22:18:53,2026-01-30 22:18:52,2026-01-30 22:18:52,true,35.4985562,138.7718593,908.22,15.997803200000002,316.37,,0.0,1.481673699703021E7,,8260099,still,,81.43789144558178,true,98
71026,1,osmand,2026-01-30 22:19:02,2026-01-30 22:19:00,2026-01-30 22:19:00,true,35.498975,138.7712595,908.52,17.5528752,313.43,,0.0,1.481680860964638E7,,8260178,still,,71.61261617112692,true,98
71027,1,osmand,2026-01-30 22:19:02,2026-01-30 22:19:01,2026-01-30 22:19:01,true,35.4990402,138.7711849,908.59,17.688944,313.36,,0.0,1.48168185287256E7,,8260178,still,,9.919079220812856,true,98
71028,1,osmand,2026-01-30 22:19:10,2026-01-30 22:19:09,2026-01-30 22:19:09,true,35.4994772,138.7704723,908.26,19.3217696,307.92,,0.0,1.4816899381945807E7,,8260259,still,,80.85322020851214,true,98
71029,1,osmand,2026-01-30 22:19:18,2026-01-30 22:19:17,2026-01-30 22:19:17,true,35.4999585,138.769859,908.33,19.1079472,311.15,,0.0,1.4816976582553048E7,,8260336,still,,77.20060723951116,true,98
71030,1,osmand,2026-01-30 22:19:26,2026-01-30 22:19:25,2026-01-30 22:19:25,true,35.5003299,138.7691155,907.07,17.844451199999998,310.0,,0.0,1.481705563652234E7,,8260416,in_vehicle,,79.05396929222348,true,98
71031,1,osmand,2026-01-30 22:19:34,2026-01-30 22:19:33,2026-01-30 22:19:33,true,35.500829,138.768508,905.67,19.632784,290.0,,0.0,1.4817133853963597E7,,8260494,in_vehicle,,78.21744125708089,true,98
71032,1,osmand,2026-01-30 22:19:43,2026-01-30 22:19:42,2026-01-30 22:19:42,true,35.5010318,138.7676966,901.48,15.745104,300.0,,0.0,1.4817210775236985E7,,8260581,in_vehicle,,76.921273388761,true,98
71033,1,osmand,2026-01-30 22:19:53,2026-01-30 22:19:52,2026-01-30 22:19:52,true,35.5017684,138.7675515,899.02,20.138182399999998,30.0,,0.0,1.481729382087057E7,,8260674,in_vehicle,,83.04563358675374,true,98
71034,1,osmand,2026-01-30 22:20:01,2026-01-30 22:20:00,2026-01-30 22:20:00,true,35.5023773,138.7680542,894.76,20.002113599999998,34.0,,0.0,1.4817375490309615E7,,8260755,in_vehicle,,81.6694390435045,true,98
71035,1,osmand,2026-01-30 22:20:09,2026-01-30 22:20:08,2026-01-30 22:20:08,true,35.5028226,138.7687645,892.36,18.6025488,64.0,,0.0,1.4817456735412277E7,,8260839,in_vehicle,,81.2451026628411,true,98
71036,1,osmand,2026-01-30 22:20:17,2026-01-30 22:20:16,2026-01-30 22:20:16,true,35.5031404,138.769498,888.72,16.8919696,58.0,,0.0,1.4817532035700047E7,,8260914,in_vehicle,,75.30028776998907,true,98
71037,1,osmand,2026-01-30 22:20:26,2026-01-30 22:20:25,2026-01-30 22:20:25,true,35.5034555,138.7702989,882.66,14.3649776,64.0,,0.0,1.4817612647450456E7,,8260996,in_vehicle,,80.61175040878284,true,98
71038,1,osmand,2026-01-30 22:20:37,2026-01-30 22:20:36,2026-01-30 22:20:36,true,35.5038829,138.7710548,877.83,17.4556832,54.0,,0.0,1.4817696051005065E7,,8261079,in_vehicle,,83.40355460927834,true,98
71039,1,osmand,2026-01-30 22:20:46,2026-01-30 22:20:45,2026-01-30 22:20:45,true,35.5044151,138.7715949,876.31,16.5032016,29.0,,0.0,1.4817772898252197E7,,8261148,in_vehicle,,76.84724713117872,true,98
71040,1,osmand,2026-01-30 22:20:56,2026-01-30 22:20:55,2026-01-30 22:20:55,true,35.5050792,138.771953,877.86,15.142513600000001,21.0,,0.0,1.4817853634533413E7,,8261229,in_vehicle,,80.73628121651387,true,98
71041,1,osmand,2026-01-30 22:23:45,2026-01-30 22:23:44,2026-01-30 22:23:44,true,35.5057824,138.7720794,881.8,12.7127136,8.0,,0.0,1.4817932748010548E7,,8261433,in_vehicle,,79.11347713490734,true,98
71042,1,osmand,2026-01-30 22:23:52,2026-01-30 22:23:51,2026-01-30 22:23:51,true,35.5065001,138.7721848,881.8,23.559340799999998,16.0,,0.0,1.4818013210916553E7,,8261501,in_vehicle,,80.46290600498466,true,97
71043,1,osmand,2026-01-30 22:23:59,2026-01-30 22:23:58,2026-01-30 22:23:58,true,35.5070555,138.7727915,881.8,24.200808,63.0,,0.0,1.4818095946748868E7,,8261589,in_vehicle,,82.73583231502522,true,97
71044,1,osmand,2026-01-30 22:24:06,2026-01-30 22:24:05,2026-01-30 22:24:05,true,35.5074338,138.7736113,881.8,24.7256448,41.0,,0.0,1.4818181341872942E7,,8261691,in_vehicle,,85.3951240734216,true,97
71045,1,osmand,2026-01-30 22:24:13,2026-01-30 22:24:12,2026-01-30 22:24:12,true,35.5081104,138.7740095,881.8,22.9567504,13.0,,0.0,1.4818264858234057E7,,8261764,in_vehicle,,83.51636111638187,true,97
71046,1,osmand,2026-01-30 22:24:20,2026-01-30 22:24:19,2026-01-30 22:24:19,true,35.5088553,138.774198,881.8,23.131696,9.0,,0.0,1.4818349521170827E7,,8261860,in_vehicle,,84.66293676952279,true,97
71047,1,osmand,2026-01-30 22:24:26,2026-01-30 22:24:25,2026-01-30 22:24:25,true,35.5095249,138.7743496,881.8,24.7450832,9.0,,0.0,1.4818425316023964E7,,8261936,in_vehicle,,75.79485313807946,true,97
71048,1,osmand,2026-01-30 22:24:33,2026-01-30 22:24:32,2026-01-30 22:24:32,true,35.5102789,138.7744779,881.8,22.5291056,10.0,,0.0,1.4818510052265767E7,,8262009,in_vehicle,,84.73624180164671,true,97
71049,1,osmand,2026-01-30 22:24:41,2026-01-30 22:24:40,2026-01-30 22:24:40,true,35.5110008,138.7746275,881.8,18.563672,7.0,,0.0,1.4818591549149709E7,,8262092,in_vehicle,,81.49688394114835,true,97
71050,1,osmand,2026-01-30 22:24:49,2026-01-30 22:24:48,2026-01-30 22:24:48,true,35.5117619,138.7745686,881.8,20.89628,347.0,,0.0,1.4818676442352103E7,,8262176,in_vehicle,,84.8932023937469,true,97
71051,1,osmand,2026-01-30 22:24:56,2026-01-30 22:24:55,2026-01-30 22:24:55,true,35.5123863,138.7742305,881.8,20.41032,327.0,,0.0,1.4818752402428076E7,,8262263,in_vehicle,,75.96007597331206,true,97
71052,1,osmand,2026-01-30 22:25:04,2026-01-30 22:25:03,2026-01-30 22:25:03,true,35.512936,138.7736823,881.8,17.572313599999998,313.0,,0.0,1.4818831218617475E7,,8262342,in_vehicle,,78.81618939830753,true,97
71053,1,osmand,2026-01-30 22:25:13,2026-01-30 22:25:12,2026-01-30 22:25:12,true,35.5132873,138.7729723,888.66,18.1360272,287.0,,0.0,1.4818906506488575E7,,8262408,in_vehicle,,75.28787109987066,true,97
71054,1,osmand,2026-01-30 22:25:22,2026-01-30 22:25:21,2026-01-30 22:25:21,true,35.5133035,138.7720758,889.09,19.2051392,257.0,,0.0,1.4818987760091603E7,,8262499,in_vehicle,,81.2536030286709,true,97
71055,1,osmand,2026-01-30 22:25:29,2026-01-30 22:25:28,2026-01-30 22:25:28,true,35.5131251,138.7712676,888.11,21.1684176,257.0,,0.0,1.4819063637714544E7,,8262564,in_vehicle,,75.87762294166255,true,97
71056,1,osmand,2026-01-30 22:25:36,2026-01-30 22:25:35,2026-01-30 22:25:35,true,35.5129659,138.7704347,886.62,20.3908816,257.0,,0.0,1.4819141161446303E7,,8262652,in_vehicle,,77.52373175960138,true,97
71057,1,osmand,2026-01-30 22:25:43,2026-01-30 22:25:42,2026-01-30 22:25:42,true,35.5128035,138.7696152,886.54,21.926515199999997,255.0,,0.0,1.4819217587254575E7,,8262718,in_vehicle,,76.425808270974,true,97
71058,1,osmand,2026-01-30 22:25:51,2026-01-30 22:25:50,2026-01-30 22:25:50,true,35.5126069,138.7687301,884.56,21.771008,252.0,,0.0,1.4819300720906137E7,,8262802,in_vehicle,,83.13365156230637,true,97
71059,1,osmand,2026-01-30 22:25:58,2026-01-30 22:25:57,2026-01-30 22:25:57,true,35.5125708,138.7678799,885.65,21.596062399999997,297.0,,0.0,1.4819377864582378E7,,8262892,in_vehicle,,77.14367624100375,true,97
71060,1,osmand,2026-01-30 22:26:06,2026-01-30 22:26:05,2026-01-30 22:26:05,true,35.5129239,138.7670525,887.44,19.9437984,300.0,,0.0,1.481946251655518E7,,8262976,in_vehicle,,84.65197280198429,true,97
71061,1,osmand,2026-01-30 22:26:16,2026-01-30 22:26:15,2026-01-30 22:26:15,true,35.513234,138.76627,888.18,14.7343072,291.0,,0.0,1.4819541377334384E7,,8263056,in_vehicle,,78.86077920304452,true,97
71062,1,osmand,2026-01-30 22:26:24,2026-01-30 22:26:23,2026-01-30 22:26:23,true,35.5139001,138.766566,890.1,20.1964976,29.0,,0.0,1.4819620228952378E7,,8263108,in_vehicle,,78.85161799327224,true,97
71063,1,osmand,2026-01-30 22:26:31,2026-01-30 22:26:30,2026-01-30 22:26:30,true,35.5144185,138.7671395,888.63,20.507512000000002,50.0,,0.0,1.4819697885996886E7,,8263212,in_vehicle,,77.65704450831882,true,97
71064,1,osmand,2026-01-30 22:26:39,2026-01-30 22:26:38,2026-01-30 22:26:38,true,35.5147641,138.7678821,882.45,8.786156799999999,52.0,,0.0,1.4819775395224849E7,,8263280,in_vehicle,,77.50922796378379,true,97
71065,1,osmand,2026-01-30 22:28:06,2026-01-30 22:28:05,2026-01-30 22:28:05,true,35.5154359,138.7681689,882.08,26.6889232,46.0,,0.0,1.4819854566124257E7,,8263362,in_vehicle,,79.17089940806174,true,97
71066,1,osmand,2026-01-30 22:28:12,2026-01-30 22:28:11,2026-01-30 22:28:11,true,35.5159942,138.7686792,877.33,23.909232000000003,32.0,,0.0,1.4819932029162787E7,,8263453,in_vehicle,,77.46303852948817,true,97
71067,1,osmand,2026-01-30 22:28:18,2026-01-30 22:28:17,2026-01-30 22:28:17,true,35.516513,138.7692135,874.54,24.6284528,55.0,,0.0,1.4820007388933647E7,,8263529,in_vehicle,,75.35977086073505,true,97
71068,1,osmand,2026-01-30 22:28:25,2026-01-30 22:28:24,2026-01-30 22:28:24,true,35.5167802,138.7701003,873.46,23.5010256,76.0,,0.0,1.4820093068980685E7,,8263615,in_vehicle,,85.68004703751589,true,97
71069,1,osmand,2026-01-30 22:28:32,2026-01-30 22:28:31,2026-01-30 22:28:31,true,35.5169798,138.7708961,873.08,17.6500672,58.0,,0.0,1.4820168520549955E7,,8263682,in_vehicle,,75.45156927024026,true,97
71070,1,osmand,2026-01-30 22:28:49,2026-01-30 22:28:48,2026-01-30 22:28:48,true,35.5176789,138.7711927,879.6,18.95244,27.0,,0.0,1.482025085347175E7,,8263780,in_vehicle,,82.33292179620825,true,97
71071,1,osmand,2026-01-30 22:28:56,2026-01-30 22:28:55,2026-01-30 22:28:55,true,35.518029,138.7719603,879.6,21.012910400000003,51.0,,0.0,1.4820330578376988E7,,8263861,in_vehicle,,79.72490523830605,true,97
71072,1,osmand,2026-01-30 22:29:06,2026-01-30 22:29:05,2026-01-30 22:29:05,true,35.5187537,138.7718445,879.6,18.038835199999998,341.0,,0.0,1.4820411931047428E7,,8263938,in_vehicle,,81.35267044062368,true,97
71073,1,osmand,2026-01-30 22:29:13,2026-01-30 22:29:12,2026-01-30 22:29:12,true,35.5194665,138.7715337,879.6,20.3908816,339.0,,0.0,1.482049612833655E7,,8264032,in_vehicle,,84.19728912155146,true,97
71074,1,osmand,2026-01-30 22:29:20,2026-01-30 22:29:19,2026-01-30 22:29:19,true,35.5201271,138.7712372,879.6,23.3066416,340.0,,0.0,1.4820574419301629E7,,8264098,in_vehicle,,78.29096507807631,true,97
71075,1,osmand,2026-01-30 22:29:26,2026-01-30 22:29:25,2026-01-30 22:29:25,true,35.5207543,138.7709035,879.6,23.4621488,330.0,,0.0,1.482065050412152E7,,8264186,in_vehicle,,76.08481989080705,true,97
71076,1,osmand,2026-01-30 22:29:33,2026-01-30 22:29:32,2026-01-30 22:29:32,true,35.5214129,138.7704279,879.6,21.9848304,328.0,,0.0,1.482073554477625E7,,8264270,in_vehicle,,85.0406547308827,true,97
71077,1,osmand,2026-01-30 22:29:40,2026-01-30 22:29:39,2026-01-30 22:29:39,true,35.52199,138.7699392,879.6,20.4491968,322.0,,0.0,1.4820813567753546E7,,8264338,in_vehicle,,78.02297729599995,true,97
71078,1,osmand,2026-01-30 22:29:48,2026-01-30 22:29:47,2026-01-30 22:29:47,true,35.5225381,138.7693842,879.6,18.6219872,322.0,,0.0,1.482089263237691E7,,8264419,in_vehicle,,79.06462336409503,true,97
71079,1,osmand,2026-01-30 22:29:56,2026-01-30 22:29:55,2026-01-30 22:29:55,true,35.5231236,138.7687867,879.6,20.935156799999998,319.0,,0.0,1.482097735914581E7,,8264502,in_vehicle,,84.72676890141712,true,97
71080,1,osmand,2026-01-30 22:30:04,2026-01-30 22:30:03,2026-01-30 22:30:03,true,35.5235866,138.768029,879.6,22.9567504,293.0,,0.0,1.4821063202151394E7,,8264588,in_vehicle,,85.84300558211093,true,97
71081,1,osmand,2026-01-30 22:30:10,2026-01-30 22:30:09,2026-01-30 22:30:09,true,35.5238092,138.7672338,881.06,24.161931199999998,288.0,,0.0,1.4821139389777822E7,,8264676,in_vehicle,,76.18762642921679,true,97
71082,1,osmand,2026-01-30 22:30:17,2026-01-30 22:30:16,2026-01-30 22:30:16,true,35.5240857,138.7663585,880.73,23.520464,296.0,,0.0,1.4821224455753176E7,,8264761,in_vehicle,,85.06597535282806,true,97
71083,1,osmand,2026-01-30 22:30:24,2026-01-30 22:30:23,2026-01-30 22:30:23,true,35.5244634,138.7656036,881.68,21.459993599999997,306.0,,0.0,1.4821304739597725E7,,8264830,in_vehicle,,80.28384454866337,true,97
71084,1,osmand,2026-01-30 22:30:31,2026-01-30 22:30:30,2026-01-30 22:30:30,true,35.5248453,138.7648052,881.76,22.898435199999998,289.0,,0.0,1.4821388641933382E7,,8264913,in_vehicle,,83.90233565721674,true,97
71085,1,osmand,2026-01-30 22:30:38,2026-01-30 22:30:37,2026-01-30 22:30:37,true,35.5249586,138.7638962,879.94,23.423272,276.0,,0.0,1.4821471956460884E7,,8265009,in_vehicle,,83.31452750261661,true,97
71086,1,osmand,2026-01-30 22:30:45,2026-01-30 22:30:44,2026-01-30 22:30:44,true,35.5250419,138.7630573,880.29,20.682457600000003,278.0,,0.0,1.4821548523308286E7,,8265074,in_vehicle,,76.56684740350371,true,97
71087,1,osmand,2026-01-30 22:30:52,2026-01-30 22:30:51,2026-01-30 22:30:51,true,35.5252623,138.7622502,882.76,25.1338512,302.0,,0.0,1.4821625651745552E7,,8265163,in_vehicle,,77.12843726610582,true,97
71088,1,osmand,2026-01-30 22:30:59,2026-01-30 22:30:58,2026-01-30 22:30:58,true,35.5257249,138.7615684,884.38,20.2548128,295.0,,0.0,1.4821706071827611E7,,8265244,in_vehicle,,80.42008205888888,true,97
71089,1,osmand,2026-01-30 22:31:07,2026-01-30 22:31:06,2026-01-30 22:31:06,true,35.5255997,138.7606167,886.68,30.3822192,251.0,,0.0,1.4821793413070993E7,,8265334,in_vehicle,,87.34124338249993,true,97
71090,1,osmand,2026-01-30 22:31:13,2026-01-30 22:31:12,2026-01-30 22:31:12,true,35.525344,138.7597324,886.07,25.3476736,251.0,,0.0,1.4821878435362834E7,,8265419,in_vehicle,,85.02229184114007,true,97
71091,1,osmand,2026-01-30 22:31:19,2026-01-30 22:31:18,2026-01-30 22:31:18,true,35.5251167,138.7589125,884.87,26.144648,245.0,,0.0,1.4821956908314673E7,,8265498,in_vehicle,,78.47295183798109,true,97
71092,1,osmand,2026-01-30 22:31:25,2026-01-30 22:31:24,2026-01-30 22:31:24,true,35.5246496,138.7581889,884.56,30.4794112,224.0,,0.0,1.4822040583192933E7,,8265582,in_vehicle,,83.67487825958892,true,97
71093,1,osmand,2026-01-30 22:31:31,2026-01-30 22:31:30,2026-01-30 22:31:30,true,35.5239344,138.7577966,883.48,24.025862399999998,194.0,,0.0,1.4822127772107111E7,,8265657,in_vehicle,,87.18891417734717,true,97
71094,1,osmand,2026-01-30 22:31:41,2026-01-30 22:31:40,2026-01-30 22:31:40,true,35.5232959,138.7575156,883.75,19.3606464,210.0,,0.0,1.4822203271474699E7,,8265745,in_vehicle,,75.49936758786532,true,97
71095,1,osmand,2026-01-30 22:32:02,2026-01-30 22:31:59,2026-01-30 22:31:59,true,35.5234117,138.7522495,883.76,0.0,0.0,,500.0,1.4822680557241913E7,,8265793,in_vehicle,,477.28576721430045,true,96
71096,1,osmand,2026-01-30 22:32:05,2026-01-30 22:32:04,2026-01-30 22:32:04,true,35.5225898,138.755042,896.45,19.049632000000003,209.0,,0.0,1.4822949595674671E7,,8265998,in_vehicle,,269.0384327582436,true,96
71097,1,osmand,2026-01-30 22:32:13,2026-01-30 22:32:12,2026-01-30 22:32:12,true,35.5226338,138.7542013,876.52,14.4232928,254.0,,0.0,1.4823025921600409E7,,8266103,in_vehicle,,76.32592573718836,true,96
71098,1,osmand,2026-01-30 22:38:29,2026-01-30 22:32:18,2026-01-30 22:32:18,true,35.5225666,138.753942,882.2,4.2958864,250.0,,0.0,1.4823050576803274E7,,8266127,in_vehicle,,24.655202865641037,true,96
71099,1,osmand,2026-01-30 22:38:29,2026-01-30 22:38:28,2026-01-30 22:38:28,true,35.5225006,138.7538082,882.1,1.263496,100.0,,0.0,1.4823064751929345E7,,8266141,in_vehicle,,14.175126070708984,true,96
71100,1,osmand,2026-01-30 22:38:54,2026-01-30 22:38:53,2026-01-30 22:38:53,true,35.5225196,138.752974,883.8,18.5247952,277.0,,0.0,1.4823140361307153E7,,8266210,in_vehicle,,75.60937780819224,true,96
71101,1,osmand,2026-01-30 22:39:02,2026-01-30 22:39:01,2026-01-30 22:39:01,true,35.5226794,138.7520939,883.8,24.0841776,291.0,,0.0,1.4823222059785804E7,,8266289,in_vehicle,,81.69847865116232,true,96
71102,1,osmand,2026-01-30 22:39:08,2026-01-30 22:39:07,2026-01-30 22:39:07,true,35.5231283,138.7514113,883.8,27.8357888,320.0,,0.0,1.4823301569845386E7,,8266367,in_vehicle,,79.51005958167984,true,96
71103,1,osmand,2026-01-30 22:39:14,2026-01-30 22:39:09,2026-01-30 22:39:09,true,35.5233205,138.7512224,883.8,26.6889232,319.0,,0.0,1.48233289683347E7,,8266395,in_vehicle,,27.398489314588435,true,96
71104,1,osmand,2026-01-30 22:39:14,2026-01-30 22:39:13,2026-01-30 22:39:13,true,35.5236632,138.7508375,883.8,22.9567504,312.0,,0.0,1.482338065415423E7,,8266460,in_vehicle,,51.685819529630905,true,96
71105,1,osmand,2026-01-30 22:39:20,2026-01-30 22:39:19,2026-01-30 22:39:19,true,35.523938,138.7500766,883.8,26.6889232,269.0,,0.0,1.48234560741498E7,,8266537,in_vehicle,,75.41999557064776,true,96
71106,1,osmand,2026-01-30 22:39:27,2026-01-30 22:39:26,2026-01-30 22:39:26,true,35.5237609,138.7491805,883.8,21.129540799999997,258.0,,0.0,1.4823539620207572E7,,8266622,in_vehicle,,83.54605777182826,true,96
71107,1,osmand,2026-01-30 22:39:35,2026-01-30 22:39:34,2026-01-30 22:39:34,true,35.5238612,138.7483276,883.8,15.6867888,281.0,,0.0,1.482361769548017E7,,8266701,in_vehicle,,78.07527259775947,true,96
71108,1,osmand,2026-01-30 22:40:14,2026-01-30 22:40:13,2026-01-30 22:40:13,true,35.5240917,138.7475375,881.3,7.4254688,316.0,,0.0,1.4823693738302937E7,,8266775,in_vehicle,,76.04282276778093,true,96
71109,1,osmand,2026-01-30 22:40:25,2026-01-30 22:40:24,2026-01-30 22:40:24,true,35.5241622,138.7466938,881.3,18.777494400000002,247.0,,0.0,1.4823770579090327E7,,8266852,in_vehicle,,76.84078739041966,true,95
71110,1,osmand,2026-01-30 22:40:35,2026-01-30 22:40:34,2026-01-30 22:40:34,true,35.5238561,138.745919,881.3,10.4384208,240.0,,0.0,1.482384860909667E7,,8266941,in_vehicle,,78.03000634427869,true,95
71111,1,osmand,2026-01-30 22:40:51,2026-01-30 22:40:50,2026-01-30 22:40:50,true,35.5235351,138.7451588,880.6,12.9654128,244.0,,0.0,1.4823926201303829E7,,8267013,in_vehicle,,77.5922071586447,true,95
71112,1,osmand,2026-01-30 22:41:00,2026-01-30 22:40:59,2026-01-30 22:40:59,true,35.523234,138.7443941,880.6,15.453528,239.0,,0.0,1.4824003165604034E7,,8267096,in_vehicle,,76.96430020615935,true,95
71113,1,osmand,2026-01-30 22:41:09,2026-01-30 22:41:08,2026-01-30 22:41:08,true,35.5229235,138.7435862,880.6,19.9049216,244.0,,0.0,1.4824084112740794E7,,8267166,in_vehicle,,80.94713675943076,true,95
71114,1,osmand,2026-01-30 22:41:16,2026-01-30 22:41:15,2026-01-30 22:41:15,true,35.5226072,138.7428052,880.6,21.596062399999997,243.0,,0.0,1.4824163148712616E7,,8267256,in_vehicle,,79.03597182202566,true,95
71115,1,osmand,2026-01-30 22:41:24,2026-01-30 22:41:23,2026-01-30 22:41:23,true,35.5222793,138.7419888,880.6,20.4297584,243.0,,0.0,1.482424563210225E7,,8267338,in_vehicle,,82.48338963293811,true,95
71116,1,osmand,2026-01-30 22:41:32,2026-01-30 22:41:31,2026-01-30 22:41:31,true,35.521593,138.7415399,880.6,26.2224016,191.0,,0.0,1.4824332182068877E7,,8267430,in_vehicle,,86.54996662803597,true,95
71117,1,osmand,2026-01-30 22:41:38,2026-01-30 22:41:37,2026-01-30 22:41:37,true,35.5209234,138.7413491,880.6,25.5226192,196.0,,0.0,1.4824408699932374E7,,8267506,in_vehicle,,76.51786349728923,true,95
71118,1,osmand,2026-01-30 22:41:44,2026-01-30 22:41:43,2026-01-30 22:41:43,true,35.5202574,138.741124,880.6,24.570137600000002,197.0,,0.0,1.4824485592782333E7,,8267583,in_vehicle,,76.8928499588999,true,95
71119,1,osmand,2026-01-30 22:41:50,2026-01-30 22:41:49,2026-01-30 22:41:49,true,35.5195503,138.7409183,880.6,27.9718576,194.0,,0.0,1.4824566483115783E7,,8267663,in_vehicle,,80.89033345016159,true,95
71120,1,osmand,2026-01-30 22:41:55,2026-01-30 22:41:54,2026-01-30 22:41:54,true,35.5189276,138.7405834,880.6,27.7191584,207.0,,0.0,1.4824642152225023E7,,8267739,in_vehicle,,75.66910924077622,true,95
71121,1,osmand,2026-01-30 22:42:00,2026-01-30 22:41:59,2026-01-30 22:41:59,true,35.5182955,138.7402417,880.6,31.256947199999995,196.0,,0.0,1.4824719027218176E7,,8267816,in_vehicle,,76.87499315326433,true,95
71122,1,osmand,2026-01-30 22:42:06,2026-01-30 22:42:05,2026-01-30 22:42:05,true,35.5175526,138.7400253,880.6,28.3411872,194.0,,0.0,1.4824804019051317E7,,8267886,in_vehicle,,84.99183314099072,true,95
71123,1,osmand,2026-01-30 22:42:12,2026-01-30 22:42:11,2026-01-30 22:42:11,true,35.5168171,138.7399062,880.6,25.1338512,176.0,,0.0,1.482488660263631E7,,8267983,in_vehicle,,82.58358499201631,true,95
71124,1,osmand,2026-01-30 22:42:17,2026-01-30 22:42:16,2026-01-30 22:42:16,true,35.5161426,138.7401403,883.8,31.820660800000002,160.0,,0.0,1.482496462622634E7,,8268044,in_vehicle,,78.02359003010643,true,95
71125,1,osmand,2026-01-30 22:42:22,2026-01-30 22:42:21,2026-01-30 22:42:21,true,35.515467,138.7404765,885.07,26.0863328,156.0,,0.0,1.4825045768946E7,,8268141,in_vehicle,,81.1427196590561,true,95
71126,1,osmand,2026-01-30 22:42:29,2026-01-30 22:42:28,2026-01-30 22:42:28,true,35.5147994,138.7407746,883.89,18.6219872,171.0,,0.0,1.482512484222547E7,,8268211,in_vehicle,,79.07327946957136,true,95
71127,1,osmand,2026-01-30 22:42:35,2026-01-30 22:42:34,2026-01-30 22:42:34,true,35.5142979,138.7401622,882.77,30.032328,233.0,,0.0,1.4825203555308219E7,,8268303,in_vehicle,,78.71308274939999,true,95
71128,1,osmand,2026-01-30 22:42:42,2026-01-30 22:42:41,2026-01-30 22:42:41,true,35.5142951,138.7392901,881.65,21.8487616,259.0,,0.0,1.4825282577594822E7,,8268388,in_vehicle,,79.02228660406723,true,95
71129,1,osmand,2026-01-30 22:42:49,2026-01-30 22:42:48,2026-01-30 22:42:48,true,35.5144086,138.7383967,880.25,29.060408,316.0,,0.0,1.4825364509291735E7,,8268466,in_vehicle,,81.93169691241182,true,95
71130,1,osmand,2026-01-30 22:42:54,2026-01-30 22:42:53,2026-01-30 22:42:53,true,35.5149702,138.7377641,880.19,32.306620800000005,307.0,,0.0,1.4825449326584589E7,,8268567,in_vehicle,,84.81729285498685,true,95
71131,1,osmand,2026-01-30 22:42:59,2026-01-30 22:42:58,2026-01-30 22:42:58,true,35.5152497,138.7369529,881.91,28.555009599999998,278.0,,0.0,1.4825529143372951E7,,8268632,in_vehicle,,79.81678836280659,true,95
71132,1,osmand,2026-01-30 22:43:06,2026-01-30 22:43:05,2026-01-30 22:43:05,true,35.5149367,138.73611,882.19,28.2051184,221.0,,0.0,1.4825613090900352E7,,8268736,in_vehicle,,83.94752740026303,true,95
71133,1,osmand,2026-01-30 22:43:11,2026-01-30 22:43:10,2026-01-30 22:43:10,true,35.5144076,138.7355012,883.53,27.0582528,226.0,,0.0,1.4825693788675405E7,,8268802,in_vehicle,,80.6977750533694,true,95
71134,1,osmand,2026-01-30 22:43:18,2026-01-30 22:43:17,2026-01-30 22:43:17,true,35.5137984,138.7350172,884.5,24.9394672,188.0,,0.0,1.4825774549509292E7,,8268899,in_vehicle,,80.76083388689142,true,95
71135,1,osmand,2026-01-30 22:43:26,2026-01-30 22:43:25,2026-01-30 22:43:25,true,35.5130934,138.7346952,884.45,20.818526400000003,197.0,,0.0,1.4825858277907321E7,,8268983,in_vehicle,,83.72839802863193,true,95
71136,1,osmand,2026-01-30 22:43:33,2026-01-30 22:43:32,2026-01-30 22:43:32,true,35.5126834,138.733936,884.61,31.820660800000002,271.0,,0.0,1.4825940834348122E7,,8269057,in_vehicle,,82.55644080086083,true,95
71137,1,osmand,2026-01-30 22:43:38,2026-01-30 22:43:37,2026-01-30 22:43:37,true,35.512706,138.7330249,882.86,25.9113872,275.0,,0.0,1.482602342981227E7,,8269155,in_vehicle,,82.59546414670491,true,95
71138,1,osmand,2026-01-30 22:43:47,2026-01-30 22:43:45,2026-01-30 22:43:45,true,35.5133124,138.7324255,882.77,30.61548,352.0,,0.0,1.4826110071075967E7,,8269256,in_vehicle,,86.64126369720746,true,95
71139,1,osmand,2026-01-30 22:43:51,2026-01-30 22:43:50,2026-01-30 22:43:50,true,35.5139862,138.7321625,882.24,28.6327632,325.0,,0.0,1.4826188772851454E7,,8269321,in_vehicle,,78.70177548752196,true,95
71140,1,osmand,2026-01-30 22:43:56,2026-01-30 22:43:55,2026-01-30 22:43:55,true,35.5144512,138.7315404,882.34,30.6932336,297.0,,0.0,1.4826265303458704E7,,8269413,in_vehicle,,76.53060724980624,true,95
71141,1,osmand,2026-01-30 22:44:01,2026-01-30 22:44:00,2026-01-30 22:44:00,true,35.5146407,138.7306954,883.45,28.67164,271.0,,0.0,1.4826344722191205E7,,8269493,in_vehicle,,79.41873250116737,true,95
71142,1,osmand,2026-01-30 22:44:07,2026-01-30 22:44:03,2026-01-30 22:44:03,true,35.5146016,138.7301996,883.46,28.6522016,255.0,,0.0,1.4826389857201511E7,,8269539,in_vehicle,,45.13501030657836,true,95
71143,1,osmand,2026-01-30 22:44:07,2026-01-30 22:44:06,2026-01-30 22:44:06,true,35.5145101,138.7297326,883.01,27.8357888,256.0,,0.0,1.482643338095513E7,,8269568,in_vehicle,,43.52375361849953,true,95
71144,1,osmand,2026-01-30 22:44:13,2026-01-30 22:44:12,2026-01-30 22:44:12,true,35.5142646,138.72882,882.57,30.7321104,236.0,,0.0,1.4826520471277948E7,,8269670,in_vehicle,,87.09032281803067,true,95
71145,1,osmand,2026-01-30 22:44:19,2026-01-30 22:44:18,2026-01-30 22:44:18,true,35.5136897,138.7281953,884.17,25.328235199999998,212.0,,0.0,1.4826605910095565E7,,8269742,in_vehicle,,85.43881761630108,true,95
71146,1,osmand,2026-01-30 22:44:28,2026-01-30 22:44:27,2026-01-30 22:44:27,true,35.5131197,138.7276084,884.42,20.352004800000003,230.0,,0.0,1.4826688700732172E7,,8269828,in_vehicle,,82.7906366064284,true,95
71147,1,osmand,2026-01-30 22:44:47,2026-01-30 22:44:44,2026-01-30 22:44:44,true,35.5124844,138.7293391,884.47,0.0,0.0,,400.0,1.4826860732581252E7,,8269878,in_vehicle,,172.03184908065685,true,95
71148,1,osmand,2026-01-30 22:45:05,2026-01-30 22:45:04,2026-01-30 22:45:04,true,35.5120482,138.7235564,877.35,16.153310400000002,232.0,,0.0,1.4827386965944137E7,,8270227,in_vehicle,,526.2333628856477,true,95
71149,1,osmand,2026-01-30 22:45:12,2026-01-30 22:45:11,2026-01-30 22:45:11,true,35.5116164,138.7228545,884.21,30.285027200000002,224.0,,0.0,1.4827466688470675E7,,8270281,in_vehicle,,79.72252653660411,true,95
71150,1,osmand,2026-01-30 22:45:17,2026-01-30 22:45:16,2026-01-30 22:45:16,true,35.5111052,138.7221659,888.01,33.3951712,228.0,,0.0,1.4827551137995237E7,,8270393,in_vehicle,,84.44952456210817,true,95
71151,1,osmand,2026-01-30 22:45:33,2026-01-30 22:45:31,2026-01-30 22:45:31,true,35.5109705,138.7196998,881.0,0.0,0.0,,36.9,1.482777510485711E7,,8270427,in_vehicle,,223.9668618719749,true,95
71152,1,osmand,2026-01-30 22:45:40,2026-01-30 22:45:39,2026-01-30 22:45:39,true,35.5111702,138.7188029,881.0,21.596062399999997,278.0,,0.0,1.4827859362480253E7,,8270709,in_vehicle,,84.25762314402346,true,95
71153,1,osmand,2026-01-30 22:45:48,2026-01-30 22:45:41,2026-01-30 22:45:41,true,35.5111921,138.7185697,881.0,20.682457600000003,278.0,,0.0,1.4827880633901205E7,,8270709,in_vehicle,,21.27142095153731,true,95
71154,1,osmand,2026-01-30 22:45:48,2026-01-30 22:45:47,2026-01-30 22:45:47,true,35.5111148,138.7179338,881.0,19.1273856,243.0,,0.0,1.4827938894535333E7,,8270790,in_vehicle,,58.260634128063884,true,95
71155,1,osmand,2026-01-30 22:45:55,2026-01-30 22:45:54,2026-01-30 22:45:54,true,35.5105621,138.7174552,881.0,21.5571856,208.0,,0.0,1.482801416925625E7,,8270856,in_vehicle,,75.27472091709421,true,95
71156,1,osmand,2026-01-30 22:46:02,2026-01-30 22:46:01,2026-01-30 22:46:01,true,35.5099129,138.7169779,881.0,22.004268800000002,211.0,,0.0,1.482809839144488E7,,8270939,in_vehicle,,84.22218863180832,true,95
71157,1,osmand,2026-01-30 22:46:10,2026-01-30 22:46:09,2026-01-30 22:46:09,true,35.5093079,138.7164956,881.0,19.8077296,212.0,,0.0,1.4828178677458042E7,,8271021,in_vehicle,,80.28601316253634,true,95
71158,1,osmand,2026-01-30 22:46:18,2026-01-30 22:46:17,2026-01-30 22:46:17,true,35.508691,138.7161501,881.0,19.6133456,199.0,,0.0,1.4828254150478685E7,,8271095,in_vehicle,,75.47302064370179,true,95
71159,1,osmand,2026-01-30 22:46:26,2026-01-30 22:46:25,2026-01-30 22:46:25,true,35.508006,138.7158481,881.0,16.289379200000003,198.0,,0.0,1.4828335166368505E7,,8271177,in_vehicle,,81.0158898194552,true,95
71160,1,osmand,2026-01-30 22:46:36,2026-01-30 22:46:35,2026-01-30 22:46:35,true,35.5073919,138.7154267,881.0,15.7062272,208.0,,0.0,1.4828413470122986E7,,8271257,in_vehicle,,78.30375448005293,true,95
71161,1,osmand,2026-01-30 22:46:44,2026-01-30 22:46:43,2026-01-30 22:46:43,true,35.5067027,138.7152005,881.0,21.304486400000002,182.0,,0.0,1.4828492882594533E7,,8271345,in_vehicle,,79.4124715485223,true,95
71162,1,osmand,2026-01-30 22:46:51,2026-01-30 22:46:50,2026-01-30 22:46:50,true,35.5060145,138.7151833,881.0,20.8574032,179.0,,0.0,1.4828569508522205E7,,8271422,in_vehicle,,76.62592767160366,true,95
71163,1,osmand,2026-01-30 22:46:59,2026-01-30 22:46:58,2026-01-30 22:46:58,true,35.5052615,138.7151928,881.0,21.4988704,173.0,,0.0,1.4828653336519493E7,,8271506,in_vehicle,,83.8279972877493,true,95
71164,1,osmand,2026-01-30 22:47:07,2026-01-30 22:47:06,2026-01-30 22:47:06,true,35.5045595,138.7154494,888.03,18.46648,152.0,,0.0,1.4828734869115936E7,,8271587,in_vehicle,,81.53259644192036,true,95
71165,1,osmand,2026-01-30 22:47:14,2026-01-30 22:47:13,2026-01-30 22:47:13,true,35.5043714,138.7162503,885.89,29.5269296,82.0,,0.0,1.482881040831892E7,,8271667,in_vehicle,,75.53920298515231,true,95
71166,1,osmand,2026-01-30 22:47:19,2026-01-30 22:47:18,2026-01-30 22:47:18,true,35.5044487,138.7171114,885.32,28.885462399999998,86.0,,0.0,1.48288889158891E7,,8271746,in_vehicle,,78.5075701795838,true,95
71167,1,osmand,2026-01-30 22:47:26,2026-01-30 22:47:25,2026-01-30 22:47:25,true,35.504361,138.7179831,884.56,19.6133456,119.0,,0.0,1.482896851203031E7,,8271826,in_vehicle,,79.59614121175329,true,95
71168,1,osmand,2026-01-30 22:47:34,2026-01-30 22:47:33,2026-01-30 22:47:33,true,35.5039926,138.7186959,884.98,17.844451199999998,120.0,,0.0,1.4829045026137656E7,,8271893,in_vehicle,,76.51410734378278,true,95
71169,1,osmand,2026-01-30 22:47:42,2026-01-30 22:47:41,2026-01-30 22:47:41,true,35.5035333,138.7194263,881.54,20.313128,132.0,,0.0,1.4829128664655117E7,,8271976,in_vehicle,,83.63851746125111,true,95
71170,1,osmand,2026-01-30 22:47:50,2026-01-30 22:47:49,2026-01-30 22:47:49,true,35.5030085,138.72009,882.45,20.040990400000002,133.0,,0.0,1.48292125131468E7,,8272060,in_vehicle,,83.8484916835047,true,95
71171,1,osmand,2026-01-30 22:47:58,2026-01-30 22:47:57,2026-01-30 22:47:57,true,35.5025359,138.7206827,882.95,17.202984,135.0,,0.0,1.4829287698423825E7,,8272138,in_vehicle,,75.18527702518767,true,94
71172,1,osmand,2026-01-30 22:48:07,2026-01-30 22:48:06,2026-01-30 22:48:06,true,35.5021725,138.7213917,878.69,16.153310400000002,109.0,,0.0,1.4829363625252748E7,,8272223,in_vehicle,,75.9268289221787,true,94
71173,1,osmand,2026-01-30 22:48:15,2026-01-30 22:48:14,2026-01-30 22:48:14,true,35.5021117,138.722282,875.19,23.81204,94.0,,0.0,1.4829444591636423E7,,8272304,in_vehicle,,80.96638367449617,true,94
71174,1,osmand,2026-01-30 22:48:21,2026-01-30 22:48:20,2026-01-30 22:48:20,true,35.5020257,138.7231583,874.44,24.8033984,103.0,,0.0,1.4829524580930064E7,,8272384,in_vehicle,,79.98929364130022,true,94
71175,1,osmand,2026-01-30 22:48:27,2026-01-30 22:48:26,2026-01-30 22:48:26,true,35.5016526,138.7239557,873.57,26.339032000000003,124.0,,0.0,1.4829607930421792E7,,8272467,in_vehicle,,83.34949172821517,true,94
71176,1,osmand,2026-01-30 22:48:33,2026-01-30 22:48:32,2026-01-30 22:48:32,true,35.5013645,138.724746,874.11,25.1338512,106.0,,0.0,1.482968640425363E7,,8272546,in_vehicle,,78.47383183718979,true,94
71177,1,osmand,2026-01-30 22:48:40,2026-01-30 22:48:39,2026-01-30 22:48:39,true,35.501303,138.7256691,875.65,25.561496,62.0,,0.0,1.4829770340244232E7,,8272634,in_vehicle,,83.93599060188184,true,94
71178,1,osmand,2026-01-30 22:48:47,2026-01-30 22:48:46,2026-01-30 22:48:46,true,35.5017642,138.7263958,878.02,29.351983999999998,29.0,,0.0,1.4829853844973221E7,,8272719,in_vehicle,,83.50472898887978,true,94
71179,1,osmand,2026-01-30 22:48:55,2026-01-30 22:48:54,2026-01-30 22:48:54,true,35.5020777,138.7272712,881.77,27.019376,89.0,,0.0,1.4829940514619285E7,,8272818,in_vehicle,,86.66964606411439,true,94
71180,1,osmand,2026-01-30 22:49:03,2026-01-30 22:49:01,2026-01-30 22:49:01,true,35.5022705,138.7281629,883.2,20.9545952,109.0,,0.0,1.4830024126012225E7,,8272894,in_vehicle,,83.61139293914128,true,94
71181,1,osmand,2026-01-30 22:49:08,2026-01-30 22:49:07,2026-01-30 22:49:07,true,35.5018837,138.7290144,884.96,26.7083616,105.0,,0.0,1.4830112493109178E7,,8272992,in_vehicle,,88.36709695337574,true,94
71182,1,osmand,2026-01-30 22:49:15,2026-01-30 22:49:13,2026-01-30 22:49:13,true,35.5018957,138.7298674,885.17,25.017220799999997,69.0,,0.0,1.4830189807598565E7,,8273071,in_vehicle,,77.31448938744072,true,94
71183,1,osmand,2026-01-30 22:49:20,2026-01-30 22:49:19,2026-01-30 22:49:19,true,35.5025066,138.7304605,888.19,28.3023104,28.0,,0.0,1.4830276489106294E7,,8273144,in_vehicle,,86.68150772901915,true,94
71184,1,osmand,2026-01-30 22:49:27,2026-01-30 22:49:26,2026-01-30 22:49:26,true,35.5026794,138.7313258,893.6,28.555009599999998,101.0,,0.0,1.4830357230926441E7,,8273254,in_vehicle,,80.74182014715547,true,94
71185,1,osmand,2026-01-30 22:49:33,2026-01-30 22:49:32,2026-01-30 22:49:32,true,35.5029156,138.7321759,895.12,31.917852800000002,38.0,,0.0,1.4830438633661082E7,,8273340,in_vehicle,,81.40273464135731,true,94
71186,1,osmand,2026-01-30 22:49:38,2026-01-30 22:49:37,2026-01-30 22:49:37,true,35.503475,138.7327617,894.03,21.8293232,54.0,,0.0,1.4830520463129058E7,,8273422,in_vehicle,,81.82946797692418,true,94
71187,1,osmand,2026-01-30 22:49:49,2026-01-30 22:49:48,2026-01-30 22:49:48,true,35.5035031,138.7336194,892.68,19.7494144,101.0,,0.0,1.4830598253384205E7,,8273495,in_vehicle,,77.79025514517514,true,94
71188,1,osmand,2026-01-30 22:49:55,2026-01-30 22:49:54,2026-01-30 22:49:54,true,35.503384,138.7344848,893.86,25.26992,91.0,,0.0,1.4830677791344944E7,,8273584,in_vehicle,,79.53796073910242,true,94
71189,1,osmand,2026-01-30 22:50:02,2026-01-30 22:50:01,2026-01-30 22:50:01,true,35.5033964,138.7354599,893.84,28.593886400000002,99.0,,0.0,1.4830766168710139E7,,8273673,in_vehicle,,88.37736519497126,true,94
71190,1,osmand,2026-01-30 22:50:08,2026-01-30 22:50:07,2026-01-30 22:50:07,true,35.5033144,138.7363938,893.34,23.520464,88.0,,0.0,1.483085129250329E7,,8273758,in_vehicle,,85.12379315078182,true,94
71191,1,osmand,2026-01-30 22:50:16,2026-01-30 22:50:15,2026-01-30 22:50:15,true,35.5035019,138.7372808,895.31,17.7278208,86.0,,0.0,1.4830934340869684E7,,8273842,in_vehicle,,83.04836639331047,true,94
71192,1,osmand,2026-01-30 22:50:35,2026-01-30 22:50:34,2026-01-30 22:50:34,true,35.5028745,138.7376187,901.9,23.3843952,210.0,,0.0,1.4831010600738334E7,,8273974,in_vehicle,,76.25986864985943,true,94
71193,1,osmand,2026-01-30 22:50:42,2026-01-30 22:50:41,2026-01-30 22:50:41,true,35.5022155,138.7374006,901.9,21.7126928,190.0,,0.0,1.4831086576275036E7,,8274050,in_vehicle,,75.97553670189352,true,94
71194,1,osmand,2026-01-30 22:50:49,2026-01-30 22:50:48,2026-01-30 22:50:48,true,35.5015058,138.7371759,901.9,21.5183088,195.0,,0.0,1.4831168161886122E7,,8274132,in_vehicle,,81.58561108628214,true,94
71195,1,osmand,2026-01-30 22:50:55,2026-01-30 22:50:54,2026-01-30 22:50:54,true,35.5008038,138.7367879,901.9,29.935136,203.0,,0.0,1.4831253854708772E7,,8274217,in_vehicle,,85.69282264931596,true,94
71196,1,osmand,2026-01-30 22:51:01,2026-01-30 22:51:00,2026-01-30 22:51:00,true,35.5001377,138.7363934,901.9,26.9416224,212.0,,0.0,1.4831336173741257E7,,8274287,in_vehicle,,82.31903248498739,true,94
71197,1,osmand,2026-01-30 22:51:06,2026-01-30 22:51:05,2026-01-30 22:51:05,true,35.4996472,138.7358106,901.9,30.6932336,231.0,,0.0,1.4831412141389653E7,,8274376,in_vehicle,,75.96764839709401,true,94
71198,1,osmand,2026-01-30 22:51:11,2026-01-30 22:51:10,2026-01-30 22:51:10,true,35.4992617,138.7350948,901.9,32.07336,234.0,,0.0,1.483148992219881E7,,8274454,in_vehicle,,77.78080915699093,true,94
71199,1,osmand,2026-01-30 22:51:17,2026-01-30 22:51:16,2026-01-30 22:51:16,true,35.4986878,138.734408,901.9,26.4751008,224.0,,0.0,1.4831579116875488E7,,8274543,in_vehicle,,89.19467667807777,true,94
71200,1,osmand,2026-01-30 22:51:22,2026-01-30 22:51:21,2026-01-30 22:51:21,true,35.4981377,138.733823,901.9,31.0820016,222.0,,0.0,1.48316601158817E7,,8274624,in_vehicle,,80.99900621173488,true,94
71201,1,osmand,2026-01-30 22:51:27,2026-01-30 22:51:26,2026-01-30 22:51:26,true,35.4975556,138.7332024,901.9,32.5204432,221.0,,0.0,1.483174592015127E7,,8274710,in_vehicle,,85.80426957141552,true,94
71202,1,osmand,2026-01-30 22:51:32,2026-01-30 22:51:31,2026-01-30 22:51:31,true,35.497,138.7326223,901.9,31.2763856,218.0,,0.0,1.483182709518573E7,,8274790,in_vehicle,,81.17503445961943,true,94
71203,1,osmand,2026-01-30 22:51:38,2026-01-30 22:51:37,2026-01-30 22:51:37,true,35.4963132,138.7321227,901.9,28.6133248,211.0,,0.0,1.4831915951503843E7,,8274878,in_vehicle,,88.8563181125463,true,94
71204,1,osmand,2026-01-30 22:51:43,2026-01-30 22:51:42,2026-01-30 22:51:42,true,35.4956924,138.7316601,901.9,34.405968,212.0,,0.0,1.4831996782158794E7,,8274958,in_vehicle,,80.83065495153306,true,94
71205,1,osmand,2026-01-30 22:51:48,2026-01-30 22:51:47,2026-01-30 22:51:47,true,35.4950862,138.7311725,901.9,27.136006400000003,210.0,,0.0,1.4832077446625832E7,,8275039,in_vehicle,,80.66446703888722,true,94
71206,1,osmand,2026-01-30 22:51:54,2026-01-30 22:51:53,2026-01-30 22:51:53,true,35.494427,138.730699,934.02,29.7018752,209.0,,0.0,1.4832162455784002E7,,8275123,in_vehicle,,85.00915816922674,true,94
71207,1,osmand,2026-01-30 22:51:59,2026-01-30 22:51:58,2026-01-30 22:51:58,true,35.4939061,138.7301572,937.51,32.850896,234.0,,0.0,1.4832238440898268E7,,8275200,in_vehicle,,75.98511426604016,true,94
71208,1,osmand,2026-01-30 22:52:03,2026-01-30 22:52:02,2026-01-30 22:52:02,true,35.4935534,138.7294434,941.42,36.544192,238.0,,0.0,1.4832314117310787E7,,8275275,in_vehicle,,75.67641251887419,true,94
71209,1,osmand,2026-01-30 22:52:08,2026-01-30 22:52:07,2026-01-30 22:52:07,true,35.4930711,138.7287288,945.92,30.712672,218.0,,0.0,1.4832398244391557E7,,8275360,in_vehicle,,84.12708077014258,true,94
71210,1,osmand,2026-01-30 22:52:13,2026-01-30 22:52:12,2026-01-30 22:52:12,true,35.4924109,138.72833,949.59,29.7213136,195.0,,0.0,1.4832480145071393E7,,8275442,in_vehicle,,81.90067983586334,true,94
71211,1,osmand,2026-01-30 22:52:19,2026-01-30 22:52:18,2026-01-30 22:52:18,true,35.4916538,138.7281699,952.04,28.127364800000002,192.0,,0.0,1.4832565665125888E7,,8275527,in_vehicle,,85.52005449431704,true,94
71212,1,osmand,2026-01-30 22:52:24,2026-01-30 22:52:23,2026-01-30 22:52:23,true,35.4909065,138.7279774,953.67,33.7645008,191.0,,0.0,1.4832650664166367E7,,8275611,in_vehicle,,84.99904047859755,true,94
71213,1,osmand,2026-01-30 22:52:29,2026-01-30 22:52:28,2026-01-30 22:52:28,true,35.4901873,138.7278131,955.36,30.6349184,191.0,,0.0,1.4832732098339515E7,,8275693,in_vehicle,,81.43417314814076,true,94
71214,1,osmand,2026-01-30 22:52:35,2026-01-30 22:52:34,2026-01-30 22:52:34,true,35.4894164,138.7275975,956.93,28.4383792,191.0,,0.0,1.4832820111380065E7,,8275780,in_vehicle,,88.01304055008954,true,94
71215,1,osmand,2026-01-30 22:52:40,2026-01-30 22:52:39,2026-01-30 22:52:39,true,35.4887183,138.7274253,958.48,31.334700800000004,191.0,,0.0,1.483289937542192E7,,8275859,in_vehicle,,79.26404185557881,true,94
71216,1,osmand,2026-01-30 22:52:45,2026-01-30 22:52:44,2026-01-30 22:52:44,true,35.4880035,138.7272378,960.55,30.7709872,192.0,,0.0,1.4832980741273424E7,,8275941,in_vehicle,,81.36585150306634,true,94
71217,1,osmand,2026-01-30 22:52:50,2026-01-30 22:52:49,2026-01-30 22:52:49,true,35.4872927,138.7270379,962.71,30.4988496,192.0,,0.0,1.4833061915217353E7,,8276022,in_vehicle,,81.17394392902573,true,94
71218,1,osmand,2026-01-30 22:52:55,2026-01-30 22:52:54,2026-01-30 22:52:54,true,35.4865833,138.726843,964.96,31.956729600000003,193.0,,0.0,1.4833142837142343E7,,8276102,in_vehicle,,80.92192498961799,true,94
71219,1,osmand,2026-01-30 22:53:00,2026-01-30 22:52:59,2026-01-30 22:52:59,true,35.4859388,138.726483,967.6,32.462128,212.0,,0.0,1.4833221654678795E7,,8276182,in_vehicle,,78.81753645214063,true,94
71220,1,osmand,2026-01-30 22:53:05,2026-01-30 22:53:04,2026-01-30 22:53:04,true,35.4853494,138.7259337,971.17,30.7709872,222.0,,0.0,1.4833304019517943E7,,8276264,in_vehicle,,82.36483914819462,true,94
71221,1,osmand,2026-01-30 22:53:10,2026-01-30 22:53:09,2026-01-30 22:53:09,true,35.4848216,138.7253571,974.44,29.1964768,221.0,,0.0,1.4833382656229202E7,,8276343,in_vehicle,,78.6367112581499,true,94
71222,1,osmand,2026-01-30 22:53:16,2026-01-30 22:53:15,2026-01-30 22:53:15,true,35.4842299,138.7247586,978.75,26.3584704,220.0,,0.0,1.4833467989070578E7,,8276428,in_vehicle,,85.33284137614426,true,94
71223,1,osmand,2026-01-30 22:53:23,2026-01-30 22:53:22,2026-01-30 22:53:22,true,35.4836481,138.7241782,982.74,19.9632368,219.0,,0.0,1.4833551430341017E7,,8276511,in_vehicle,,83.44127043817812,true,94
71224,1,osmand,2026-01-30 22:54:09,2026-01-30 22:54:08,2026-01-30 22:54:08,true,35.4831291,138.7236429,989.3,9.6803232,202.0,,0.0,1.483362687816607E7,,8276581,in_vehicle,,75.44782505382001,true,94
71225,1,osmand,2026-01-30 22:54:18,2026-01-30 22:54:17,2026-01-30 22:54:17,true,35.483277,138.7227877,993.9,32.267744,294.0,,0.0,1.4833706127601141E7,,8276676,in_vehicle,,79.24943507155479,true,94
71226,1,osmand,2026-01-30 22:54:24,2026-01-30 22:54:23,2026-01-30 22:54:23,true,35.483592,138.7219934,993.9,23.831478399999998,296.0,,0.0,1.4833786212378459E7,,8276757,in_vehicle,,80.08477731876191,true,94
71227,1,osmand,2026-01-30 22:54:31,2026-01-30 22:54:30,2026-01-30 22:54:30,true,35.4839344,138.7211857,993.9,23.131696,295.0,,0.0,1.4833868754046991E7,,8276827,in_vehicle,,82.54166853157982,true,94
71228,1,osmand,2026-01-30 22:55:32,2026-01-30 22:55:28,2026-01-30 22:55:28,true,35.484121,138.7205939,998.1,11.0215728,307.0,,0.0,1.4833926279076757E7,,8276899,in_vehicle,,57.52502976582625,true,94
71229,1,osmand,2026-01-30 22:55:32,2026-01-30 22:55:31,2026-01-30 22:55:31,true,35.4842238,138.7202994,998.1,23.9869856,291.0,,0.0,1.4833955323422028E7,,8276916,in_vehicle,,29.044345271734798,true,94
71230,1,osmand,2026-01-30 22:55:38,2026-01-30 22:55:37,2026-01-30 22:55:37,true,35.4845051,138.7193649,998.1,33.2979792,292.0,,0.0,1.4834045633507008E7,,8277018,in_vehicle,,90.3100849799114,true,94
71231,1,osmand,2026-01-30 22:55:43,2026-01-30 22:55:42,2026-01-30 22:55:42,true,35.484735,138.7184207,998.1,30.9459328,272.0,,0.0,1.4834134964281095E7,,8277108,in_vehicle,,89.33077408682755,true,94
71232,1,osmand,2026-01-30 22:55:48,2026-01-30 22:55:47,2026-01-30 22:55:47,true,35.4845235,138.7175682,998.1,33.142472000000005,239.0,,0.0,1.4834215745657017E7,,8277190,in_vehicle,,80.78137592194106,true,94
71233,1,osmand,2026-01-30 22:55:53,2026-01-30 22:55:52,2026-01-30 22:55:52,true,35.484014,138.7168399,998.1,33.2979792,228.0,,0.0,1.4834302780304966E7,,8277278,in_vehicle,,87.03464794857815,true,94
71234,1,osmand,2026-01-30 22:55:58,2026-01-30 22:55:57,2026-01-30 22:55:57,true,35.4835986,138.7161024,998.1,34.580913599999995,242.0,,0.0,1.4834384066015048E7,,8277360,in_vehicle,,81.28571008096213,true,94
71235,1,osmand,2026-01-30 22:56:03,2026-01-30 22:56:02,2026-01-30 22:56:02,true,35.4832138,138.7152278,998.1,35.2612576,242.0,,0.0,1.4834474177111072E7,,8277450,in_vehicle,,90.11109602389128,true,94
71236,1,osmand,2026-01-30 22:56:08,2026-01-30 22:56:07,2026-01-30 22:56:07,true,35.4828282,138.7143669,998.1,34.3282144,241.0,,0.0,1.4834563240818162E7,,8277539,in_vehicle,,89.06370708908386,true,94
71237,1,osmand,2026-01-30 22:56:13,2026-01-30 22:56:12,2026-01-30 22:56:12,true,35.4824577,138.7134938,998.1,33.803377600000005,242.0,,0.0,1.4834652486235796E7,,8277627,in_vehicle,,89.24541763325338,true,94
71238,1,osmand,2026-01-30 22:56:18,2026-01-30 22:56:17,2026-01-30 22:56:17,true,35.4821278,138.7125561,998.1,37.1079056,249.0,,0.0,1.4834745080002792E7,,8277720,in_vehicle,,92.59376699692659,true,94
71239,1,osmand,2026-01-30 22:56:23,2026-01-30 22:56:22,2026-01-30 22:56:22,true,35.4818913,138.7116329,998.1,31.684592000000002,254.0,,0.0,1.483483280901133E7,,8277808,in_vehicle,,87.72900853924119,true,94
71240,1,osmand,2026-01-30 22:56:28,2026-01-30 22:56:27,2026-01-30 22:56:27,true,35.4817009,138.7107022,998.1,37.010713599999995,255.0,,0.0,1.4834919796312582E7,,8277895,in_vehicle,,86.98730125170773,true,94
71241,1,osmand,2026-01-30 22:56:33,2026-01-30 22:56:32,2026-01-30 22:56:32,true,35.4815383,138.709694,998.1,35.9804784,258.0,,0.0,1.4835012962502958E7,,8277989,in_vehicle,,93.16619037691434,true,94
71242,1,osmand,2026-01-30 22:56:38,2026-01-30 22:56:37,2026-01-30 22:56:37,true,35.4813511,138.7086925,998.1,35.9416016,257.0,,0.0,1.4835106107376693E7,,8278082,in_vehicle,,93.14487373420526,true,94
71243,1,osmand,2026-01-30 22:56:43,2026-01-30 22:56:42,2026-01-30 22:56:42,true,35.4811621,138.7076949,998.1,34.7169824,257.0,,0.0,1.483519895312588E7,,8278174,in_vehicle,,92.84574918654343,true,94
71244,1,osmand,2026-01-30 22:56:48,2026-01-30 22:56:47,2026-01-30 22:56:47,true,35.4810054,138.7067851,998.1,31.4513312,258.0,,0.0,1.4835283249512948E7,,8278258,in_vehicle,,84.29638706856588,true,94
71245,1,osmand,2026-01-30 22:56:53,2026-01-30 22:56:52,2026-01-30 22:56:52,true,35.4808566,138.7059435,998.1,30.285027200000002,256.0,,0.0,1.4835361316785919E7,,8278336,in_vehicle,,78.06727297057219,true,94
71246,1,osmand,2026-01-30 22:56:59,2026-01-30 22:56:58,2026-01-30 22:56:58,true,35.480693,138.7049932,1022.16,27.796912000000003,257.0,,0.0,1.48354493642342E7,,8278424,in_vehicle,,88.04744828036623,true,93
71247,1,osmand,2026-01-30 22:57:05,2026-01-30 22:57:04,2026-01-30 22:57:04,true,35.4805376,138.704068,1024.52,27.7385968,257.0,,0.0,1.4835534998002518E7,,8278510,in_vehicle,,85.63376831774764,true,93
71248,1,osmand,2026-01-30 22:57:11,2026-01-30 22:57:10,2026-01-30 22:57:10,true,35.4803727,138.7031581,1025.98,27.447020799999997,257.0,,0.0,1.483561949748068E7,,8278595,in_vehicle,,84.49947816221265,true,93
71249,1,osmand,2026-01-30 22:57:17,2026-01-30 22:57:16,2026-01-30 22:57:16,true,35.4802148,138.7021929,1029.1,29.2353536,258.0,,0.0,1.4835708740192514E7,,8278684,in_vehicle,,89.24271183493319,true,93
71250,1,osmand,2026-01-30 22:57:23,2026-01-30 22:57:22,2026-01-30 22:57:22,true,35.4800691,138.7012418,1028.8,27.660843200000002,259.0,,0.0,1.4835796469101068E7,,8278773,in_vehicle,,87.72890855447017,true,93
71251,1,osmand,2026-01-30 22:57:29,2026-01-30 22:57:28,2026-01-30 22:57:28,true,35.4799793,138.7003366,1027.83,29.0020928,259.0,,0.0,1.4835879131660009E7,,8278856,in_vehicle,,82.66255894036357,true,93
71252,1,osmand,2026-01-30 22:57:34,2026-01-30 22:57:33,2026-01-30 22:57:33,true,35.4798444,138.6995226,1028.87,29.1770384,258.0,,0.0,1.4835954432998223E7,,8278931,in_vehicle,,75.30133821472515,true,93
71253,1,osmand,2026-01-30 22:57:39,2026-01-30 22:57:38,2026-01-30 22:57:38,true,35.4797208,138.6986578,1030.65,29.449176,261.0,,0.0,1.4836034025170563E7,,8279011,in_vehicle,,79.59217233934487,true,93
71254,1,osmand,2026-01-30 22:57:46,2026-01-30 22:57:45,2026-01-30 22:57:45,true,35.4796228,138.6977681,1036.37,16.9697232,265.0,,0.0,1.4836115410827463E7,,8279093,in_vehicle,,81.38565690028793,true,93
71255,1,osmand,2026-01-30 22:58:11,2026-01-30 22:58:10,2026-01-30 22:58:10,true,35.4796304,138.6969238,1032.8,14.7537456,273.0,,0.0,1.4836191951218428E7,,8279170,in_vehicle,,76.54039096514721,true,93
71256,1,osmand,2026-01-30 22:58:19,2026-01-30 22:58:18,2026-01-30 22:58:18,true,35.479685,138.6959739,1032.8,23.6565328,274.0,,0.0,1.4836278273776203E7,,8279257,in_vehicle,,86.32255777497149,true,93
71257,1,osmand,2026-01-30 22:58:25,2026-01-30 22:58:24,2026-01-30 22:58:24,true,35.4797429,138.6951461,1032.8,26.2029632,272.0,,0.0,1.4836353589984773E7,,8279332,in_vehicle,,75.31620856871436,true,93
71258,1,osmand,2026-01-30 22:58:31,2026-01-30 22:58:30,2026-01-30 22:58:30,true,35.4797844,138.6942202,1032.8,27.4858976,272.0,,0.0,1.4836437649631651E7,,8279416,in_vehicle,,84.059646877726,true,93
71259,1,osmand,2026-01-30 22:58:37,2026-01-30 22:58:36,2026-01-30 22:58:36,true,35.4797709,138.6932736,1032.8,29.760190400000003,263.0,,0.0,1.4836523471829547E7,,8279502,in_vehicle,,85.82219789605675,true,93
71260,1,osmand,2026-01-30 22:58:42,2026-01-30 22:58:41,2026-01-30 22:58:41,true,35.4795879,138.6924225,1032.8,30.8681792,250.0,,0.0,1.4836603268074395E7,,8279582,in_vehicle,,79.79624484793018,true,93
71261,1,osmand,2026-01-30 22:58:47,2026-01-30 22:58:46,2026-01-30 22:58:46,true,35.47916,138.6916081,1032.8,33.239664000000005,230.0,,0.0,1.4836691126867186E7,,8279652,in_vehicle,,87.85879279136526,true,93
71262,1,osmand,2026-01-30 22:58:52,2026-01-30 22:58:51,2026-01-30 22:58:51,true,35.4786549,138.6909802,1032.8,29.935136,230.0,,0.0,1.4836771135417067E7,,8279750,in_vehicle,,80.00854988030727,true,93
71263,1,osmand,2026-01-30 22:58:57,2026-01-30 22:58:56,2026-01-30 22:58:56,true,35.478176,138.6902257,1032.8,35.863848,234.0,,0.0,1.4836857854030145E7,,8279837,in_vehicle,,86.71861307851964,true,93
71264,1,osmand,2026-01-30 22:59:02,2026-01-30 22:59:01,2026-01-30 22:59:01,true,35.4777182,138.6894197,1032.8,31.490208,240.0,,0.0,1.483694693644847E7,,8279926,in_vehicle,,89.08241832431403,true,93
71265,1,osmand,2026-01-30 22:59:07,2026-01-30 22:59:06,2026-01-30 22:59:06,true,35.4774664,138.688597,1032.8,31.470769600000004,258.0,,0.0,1.4837026609569518E7,,8280007,in_vehicle,,79.67312104755788,true,93
71266,1,osmand,2026-01-30 22:59:11,2026-01-30 22:59:10,2026-01-30 22:59:10,true,35.477449,138.6877632,1032.8,39.36276,273.0,,0.0,1.4837102220313992E7,,8280083,in_vehicle,,75.61074447528932,true,93
71267,1,osmand,2026-01-30 22:59:16,2026-01-30 22:59:15,2026-01-30 22:59:15,true,35.477609,138.6868401,1032.8,29.954574400000002,284.0,,0.0,1.4837187775935078E7,,8280168,in_vehicle,,85.55562108486491,true,93
71268,1,osmand,2026-01-30 22:59:21,2026-01-30 22:59:20,2026-01-30 22:59:20,true,35.4777571,138.6860024,1032.8,33.4729248,279.0,,0.0,1.4837265484193293E7,,8280246,in_vehicle,,77.70825821546991,true,93
71269,1,osmand,2026-01-30 22:59:26,2026-01-30 22:59:25,2026-01-30 22:59:25,true,35.4778876,138.6850794,1032.8,30.4599728,281.0,,0.0,1.4837350407685455E7,,8280315,in_vehicle,,84.92349216217387,true,93
71270,1,osmand,2026-01-30 22:59:31,2026-01-30 22:59:30,2026-01-30 22:59:30,true,35.4780132,138.6842459,1034.5,29.9934512,281.0,,0.0,1.4837427248697447E7,,8280407,in_vehicle,,76.84101199257816,true,93
71271,1,osmand,2026-01-30 22:59:36,2026-01-30 22:59:35,2026-01-30 22:59:35,true,35.4781136,138.683369,1034.56,31.840099199999997,273.0,,0.0,1.4837507522995256E7,,8280488,in_vehicle,,80.2742978090305,true,93
71272,1,osmand,2026-01-30 22:59:41,2026-01-30 22:59:39,2026-01-30 22:59:39,true,35.4780579,138.6826748,1034.95,30.3822192,256.0,,0.0,1.4837570758093731E7,,8280552,in_vehicle,,63.235098474763134,true,93
71273,1,osmand,2026-01-30 22:59:41,2026-01-30 22:59:40,2026-01-30 22:59:40,true,35.4780332,138.68251,1034.6,30.2655888,256.0,,0.0,1.4837585948415395E7,,8280567,in_vehicle,,15.190321663975507,true,93
71274,1,osmand,2026-01-30 22:59:46,2026-01-30 22:59:45,2026-01-30 22:59:45,true,35.4778131,138.6817089,1033.47,29.3131072,251.0,,0.0,1.4837662591452107E7,,8280644,in_vehicle,,76.64303671173697,true,93
71275,1,osmand,2026-01-30 22:59:51,2026-01-30 22:59:50,2026-01-30 22:59:50,true,35.4775969,138.6809132,1037.86,28.3411872,257.0,,0.0,1.483773863248064E7,,8280706,in_vehicle,,76.04102853395703,true,93
71276,1,osmand,2026-01-30 22:59:57,2026-01-30 22:59:56,2026-01-30 22:59:56,true,35.4775439,138.6799158,1039.77,31.8984144,273.0,,0.0,1.4837829241298048E7,,8280811,in_vehicle,,90.60881740715132,true,93
71277,1,osmand,2026-01-30 23:00:02,2026-01-30 23:00:01,2026-01-30 23:00:01,true,35.4776429,138.6790831,1039.76,29.293668800000003,279.0,,0.0,1.4837905527622903E7,,8280872,in_vehicle,,76.28632485529309,true,93
71278,1,osmand,2026-01-30 23:00:07,2026-01-30 23:00:06,2026-01-30 23:00:06,true,35.4777219,138.6782109,1040.69,30.4599728,282.0,,0.0,1.4837985081951106E7,,8280967,in_vehicle,,79.55432820250644,true,93
71279,1,osmand,2026-01-30 23:00:12,2026-01-30 23:00:11,2026-01-30 23:00:11,true,35.4779269,138.6773574,1043.24,32.578758400000005,292.0,,0.0,1.4838065748629536E7,,8281048,in_vehicle,,80.66667842986695,true,93
71280,1,osmand,2026-01-30 23:00:17,2026-01-30 23:00:16,2026-01-30 23:00:16,true,35.4783126,138.6765169,1045.32,35.183504000000006,300.0,,0.0,1.4838153206147203E7,,8281135,in_vehicle,,87.45751766725809,true,93
71281,1,osmand,2026-01-30 23:00:22,2026-01-30 23:00:21,2026-01-30 23:00:21,true,35.4786044,138.6755929,1044.96,34.98912,275.0,,0.0,1.4838243045862405E7,,8281226,in_vehicle,,89.83971520184129,true,93
71282,1,osmand,2026-01-30 23:00:27,2026-01-30 23:00:26,2026-01-30 23:00:26,true,35.4784643,138.6746656,1045.36,35.2612576,254.0,,0.0,1.4838328541177273E7,,8281313,in_vehicle,,85.49531486749257,true,93
71283,1,osmand,2026-01-30 23:00:31,2026-01-30 23:00:30,2026-01-30 23:00:30,true,35.4782765,138.6738449,1048.58,38.099264000000005,257.0,,0.0,1.4838405820194049E7,,8281391,in_vehicle,,77.2790167765574,true,93
71284,1,osmand,2026-01-30 23:00:35,2026-01-30 23:00:34,2026-01-30 23:00:34,true,35.4781194,138.6729589,1053.28,38.5657856,257.0,,0.0,1.4838488019342251E7,,8281473,in_vehicle,,82.19914820234354,true,93
71285,1,osmand,2026-01-30 23:00:40,2026-01-30 23:00:39,2026-01-30 23:00:39,true,35.4779215,138.6720031,1057.63,31.781784000000002,254.0,,0.0,1.483857742105953E7,,8281563,in_vehicle,,89.40171727840826,true,93
71286,1,osmand,2026-01-30 23:00:45,2026-01-30 23:00:44,2026-01-30 23:00:44,true,35.4778867,138.6711081,1061.25,30.6543568,272.0,,0.0,1.48386586468956E7,,8281645,in_vehicle,,81.22583607014099,true,93
71287,1,osmand,2026-01-30 23:00:50,2026-01-30 23:00:49,2026-01-30 23:00:49,true,35.4779485,138.6702125,1062.94,32.364936,273.0,,0.0,1.4838740125628725E7,,8281726,in_vehicle,,81.4787331237884,true,93
71288,1,osmand,2026-01-30 23:00:55,2026-01-30 23:00:54,2026-01-30 23:00:54,true,35.4780393,138.6692381,1063.37,34.7169824,274.0,,0.0,1.483882903313287E7,,8281815,in_vehicle,,88.90750414583935,true,93
71289,1,osmand,2026-01-30 23:01:00,2026-01-30 23:00:59,2026-01-30 23:00:59,true,35.478085,138.6682473,1062.45,34.9502432,272.0,,0.0,1.4838918994764816E7,,8281906,in_vehicle,,89.961631945361,true,93
71290,1,osmand,2026-01-30 23:01:05,2026-01-30 23:01:04,2026-01-30 23:01:04,true,35.4780203,138.6672484,1061.42,37.5938656,264.0,,0.0,1.4839009832709659E7,,8281997,in_vehicle,,90.8379448420881,true,93
71291,1,osmand,2026-01-30 23:01:10,2026-01-30 23:01:09,2026-01-30 23:01:09,true,35.4779627,138.6662437,1059.63,34.891928,268.0,,0.0,1.4839101135949982E7,,8282089,in_vehicle,,91.30324032252857,true,93
71292,1,osmand,2026-01-30 23:01:16,2026-01-30 23:01:14,2026-01-30 23:01:14,true,35.4780092,138.6652482,1056.83,34.7169824,271.0,,0.0,1.4839191528107686E7,,8282161,in_vehicle,,90.3921577027971,true,93
71293,1,osmand,2026-01-30 23:01:20,2026-01-30 23:01:19,2026-01-30 23:01:19,true,35.4778423,138.6642496,1052.48,37.9826336,251.0,,0.0,1.4839283939941349E7,,8282272,in_vehicle,,92.4118336621261,true,93
71294,1,osmand,2026-01-30 23:01:24,2026-01-30 23:01:23,2026-01-30 23:01:23,true,35.4775572,138.6634654,1048.83,35.863848,247.0,,0.0,1.4839361792019624E7,,8282350,in_vehicle,,77.85207827530846,true,93
71295,1,osmand,2026-01-30 23:01:29,2026-01-30 23:01:28,2026-01-30 23:01:28,true,35.4772611,138.662595,1046.63,30.012889599999998,249.0,,0.0,1.4839447303959928E7,,8282421,in_vehicle,,85.5119403046226,true,93
71296,1,osmand,2026-01-30 23:01:35,2026-01-30 23:01:34,2026-01-30 23:01:34,true,35.477305,138.6616396,1048.33,29.1576,301.0,,0.0,1.483953405116683E7,,8282513,in_vehicle,,86.7472069014254,true,93
71297,1,osmand,2026-01-30 23:01:40,2026-01-30 23:01:39,2026-01-30 23:01:39,true,35.4779812,138.6610672,1048.04,34.7169824,323.0,,0.0,1.4839625477143295E7,,8282619,in_vehicle,,91.42597646394577,true,93
71298,1,osmand,2026-01-30 23:01:45,2026-01-30 23:01:44,2026-01-30 23:01:44,true,35.4786899,138.6606087,1047.28,34.6197904,330.0,,0.0,1.483971464834952E7,,8282690,in_vehicle,,89.17120622467411,true,93
71299,1,osmand,2026-01-30 23:01:50,2026-01-30 23:01:49,2026-01-30 23:01:49,true,35.4791065,138.6598109,1045.86,34.2698992,277.0,,0.0,1.4839800561411668E7,,8282797,in_vehicle,,85.91306214847809,true,93
71300,1,osmand,2026-01-30 23:01:55,2026-01-30 23:01:54,2026-01-30 23:01:54,true,35.4793866,138.659043,1044.11,32.6759504,312.0,,0.0,1.4839876836150268E7,,8282859,in_vehicle,,76.27473860065808,true,93
71301,1,osmand,2026-01-30 23:02:00,2026-01-30 23:01:59,2026-01-30 23:01:59,true,35.4798455,138.6582179,1041.19,35.844409600000006,302.0,,0.0,1.4839967411845338E7,,8282965,in_vehicle,,90.57569506980805,true,93
71302,1,osmand,2026-01-30 23:02:05,2026-01-30 23:02:04,2026-01-30 23:02:04,true,35.4802582,138.6573937,1037.61,34.7169824,302.0,,0.0,1.4840055119867237E7,,8283035,in_vehicle,,87.70802189966982,true,93
71303,1,osmand,2026-01-30 23:02:10,2026-01-30 23:02:09,2026-01-30 23:02:09,true,35.4807383,138.6565907,1033.53,35.8055328,304.0,,0.0,1.4840145424104448E7,,8283143,in_vehicle,,90.30423721150699,true,93
71304,1,osmand,2026-01-30 23:02:15,2026-01-30 23:02:14,2026-01-30 23:02:14,true,35.4812144,138.6557379,1029.51,36.738575999999995,304.0,,0.0,1.4840239152276065E7,,8283237,in_vehicle,,93.72817161690045,true,93
71305,1,osmand,2026-01-30 23:02:19,2026-01-30 23:02:18,2026-01-30 23:02:18,true,35.4816099,138.6550215,1026.26,37.5938656,304.0,,0.0,1.4840317609827131E7,,8283316,in_vehicle,,78.45755106495157,true,93
71306,1,osmand,2026-01-30 23:02:23,2026-01-30 23:02:22,2026-01-30 23:02:22,true,35.4819877,138.6543353,1023.35,35.125188800000004,303.0,,0.0,1.4840392695602406E7,,8283391,in_vehicle,,75.08577527434063,true,93
71307,1,osmand,2026-01-30 23:02:27,2026-01-30 23:02:26,2026-01-30 23:02:26,true,35.4823831,138.653656,1020.84,37.846564799999996,304.0,,0.0,1.4840468386104276E7,,8283466,in_vehicle,,75.69050187144757,true,93
71308,1,osmand,2026-01-30 23:02:32,2026-01-30 23:02:30,2026-01-30 23:02:30,true,35.4828301,138.6529325,1017.8,42.667288,308.0,,0.0,1.4840550709486876E7,,8283548,in_vehicle,,82.3233825985485,true,93
71309,1,osmand,2026-01-30 23:02:40,2026-01-30 23:02:34,2026-01-30 23:02:34,true,35.4832915,138.6521941,1014.9,39.5765824,307.0,,0.0,1.484063507872964E7,,8283633,in_vehicle,,84.36924276535521,true,93
71310,1,osmand,2026-01-30 23:02:40,2026-01-30 23:02:38,2026-01-30 23:02:38,true,35.4837076,138.6515032,1011.66,36.447,307.0,,0.0,1.4840712974092124E7,,8283710,in_vehicle,,77.89536248286271,true,93
71311,1,osmand,2026-01-30 23:02:55,2026-01-30 23:02:43,2026-01-30 23:02:43,true,35.4842168,138.6507079,1008.69,37.438358400000006,308.0,,0.0,1.4840804680297866E7,,8283802,in_vehicle,,91.70620574188858,true,93
71312,1,osmand,2026-01-30 23:02:58,2026-01-30 23:02:43,2026-01-30 23:02:43,true,35.4842168,138.6507079,1008.69,37.438358400000006,308.0,,0.0,1.4840804680297866E7,,8283802,in_vehicle,,0.0,true,93
71313,1,osmand,2026-01-30 23:02:58,2026-01-30 23:02:47,2026-01-30 23:02:47,true,35.4846486,138.6500126,1005.99,38.8573616,308.0,,0.0,1.4840883943616927E7,,8283881,in_vehicle,,79.2633190610332,true,93
71314,1,osmand,2026-01-30 23:02:59,2026-01-30 23:02:51,2026-01-30 23:02:51,true,35.4850865,138.649309,1003.27,39.6154592,307.0,,0.0,1.4840964216721827E7,,8283941,in_vehicle,,80.27310490098019,true,93
71315,1,osmand,2026-01-30 23:02:59,2026-01-30 23:02:55,2026-01-30 23:02:55,true,35.4855407,138.6485887,1001.35,39.3044448,308.0,,0.0,1.4841046795754679E7,,8284024,in_vehicle,,82.57903285069605,true,93
71316,1,osmand,2026-01-30 23:03:00,2026-01-30 23:02:59,2026-01-30 23:02:59,true,35.485984,138.6478808,999.77,39.5182672,308.0,,0.0,1.4841127743364515E7,,8284105,in_vehicle,,80.94760983622947,true,93
71317,1,osmand,2026-01-30 23:03:19,2026-01-30 23:03:03,2026-01-30 23:03:03,true,35.4864121,138.6471905,998.22,37.710496,307.0,,0.0,1.4841206395456186E7,,8284184,in_vehicle,,78.65209167132657,true,93
71318,1,osmand,2026-01-30 23:03:21,2026-01-30 23:03:03,2026-01-30 23:03:03,true,35.4864121,138.6471905,998.22,37.710496,307.0,,0.0,1.4841206395456186E7,,8284184,in_vehicle,,0.0,true,93
71319,1,osmand,2026-01-30 23:03:23,2026-01-30 23:03:07,2026-01-30 23:03:07,true,35.4868336,138.646509,997.13,38.332524799999995,307.0,,0.0,1.4841283967626667E7,,8284261,in_vehicle,,77.57217048074428,true,93
71320,1,osmand,2026-01-30 23:03:24,2026-01-30 23:03:11,2026-01-30 23:03:11,true,35.4872541,138.6458392,996.23,36.0971088,307.0,,0.0,1.4841360629694456E7,,8284357,in_vehicle,,76.66206779016304,true,93
71321,1,osmand,2026-01-30 23:03:25,2026-01-30 23:03:16,2026-01-30 23:03:16,true,35.4877217,138.6450381,996.11,35.47508,301.0,,0.0,1.4841449972263612E7,,8284447,in_vehicle,,89.34256915525901,true,93
71322,1,osmand,2026-01-30 23:03:27,2026-01-30 23:03:21,2026-01-30 23:03:21,true,35.4879601,138.6440844,997.14,36.544192,276.0,,0.0,1.4841540398239594E7,,8284538,in_vehicle,,90.42597598235135,true,93
71323,1,osmand,2026-01-30 23:03:28,2026-01-30 23:03:25,2026-01-30 23:03:25,true,35.4878697,138.6431981,997.09,38.9545536,253.0,,0.0,1.484162136081067E7,,8284620,in_vehicle,,80.9625710743608,true,93
71324,1,osmand,2026-01-30 23:03:30,2026-01-30 23:03:29,2026-01-30 23:03:29,true,35.4875631,138.6424131,998.09,35.1640656,239.0,,0.0,1.4841700276247686E7,,8284699,in_vehicle,,78.91543701702122,true,93
71325,1,osmand,2026-01-30 23:03:35,2026-01-30 23:03:34,2026-01-30 23:03:34,true,35.4871752,138.6414989,1000.14,37.0884672,242.0,,0.0,1.4841793716352861E7,,8284793,in_vehicle,,93.44010517638823,true,93
71326,1,osmand,2026-01-30 23:03:40,2026-01-30 23:03:39,2026-01-30 23:03:39,true,35.4868247,138.6405934,999.29,35.6111488,243.0,,0.0,1.4841884594441568E7,,8284884,in_vehicle,,90.87808870788203,true,93
71327,1,osmand,2026-01-30 23:03:44,2026-01-30 23:03:43,2026-01-30 23:03:43,true,35.4865165,138.6398473,1000.75,36.0193552,242.0,,0.0,1.4841960427327573E7,,8284961,in_vehicle,,75.83288600536652,true,93
71328,1,osmand,2026-01-30 23:03:49,2026-01-30 23:03:48,2026-01-30 23:03:48,true,35.4861457,138.6389838,1001.83,34.697544,242.0,,0.0,1.4842048914349923E7,,8285049,in_vehicle,,88.48702235031021,true,93
71329,1,osmand,2026-01-30 23:04:02,2026-01-30 23:03:53,2026-01-30 23:03:53,true,35.4859507,138.6380536,1001.51,35.8055328,266.0,,0.0,1.4842135979623951E7,,8285137,in_vehicle,,87.06527402853058,true,93
71330,1,osmand,2026-01-30 23:04:04,2026-01-30 23:03:58,2026-01-30 23:03:58,true,35.4861107,138.6370713,1000.45,37.1467824,285.0,,0.0,1.4842226781915503E7,,8285228,in_vehicle,,90.80229155222075,true,93
71331,1,osmand,2026-01-30 23:04:06,2026-01-30 23:04:02,2026-01-30 23:04:02,true,35.4862589,138.6362352,1000.7,37.166220800000005,282.0,,0.0,1.4842304342972193E7,,8285306,in_vehicle,,77.56105668993764,true,93
71332,1,osmand,2026-01-30 23:04:08,2026-01-30 23:04:07,2026-01-30 23:04:07,true,35.4863482,138.6352395,1001.9,33.725624,266.0,,0.0,1.4842395141398815E7,,8285380,in_vehicle,,90.79842662199965,true,93
71333,1,osmand,2026-01-30 23:04:12,2026-01-30 23:04:11,2026-01-30 23:04:11,true,35.486054,138.6344648,1003.14,35.416764799999996,238.0,,0.0,1.4842472623830473E7,,8285456,in_vehicle,,77.48243165827184,true,93
71334,1,osmand,2026-01-30 23:04:17,2026-01-30 23:04:16,2026-01-30 23:04:16,true,35.4856609,138.6335917,1003.57,34.211584,241.0,,0.0,1.4842563056663347E7,,8285565,in_vehicle,,90.43283287430407,true,93
71335,1,osmand,2026-01-30 23:04:22,2026-01-30 23:04:21,2026-01-30 23:04:21,true,35.4856076,138.6326702,1004.12,36.894083200000004,289.0,,0.0,1.484264679477759E7,,8285633,in_vehicle,,83.73811424331252,true,93
71336,1,osmand,2026-01-30 23:04:26,2026-01-30 23:04:25,2026-01-30 23:04:25,true,35.4859913,138.6318893,1003.64,39.751528,299.0,,0.0,1.4842729466832776E7,,8285713,in_vehicle,,82.6720551847361,true,92
71337,1,osmand,2026-01-30 23:04:31,2026-01-30 23:04:30,2026-01-30 23:04:30,true,35.4863811,138.6310455,1002.92,31.7623456,297.0,,0.0,1.484281740271761E7,,8285822,in_vehicle,,87.93588483473215,true,92
71338,1,osmand,2026-01-30 23:04:36,2026-01-30 23:04:35,2026-01-30 23:04:35,true,35.4867367,138.6302997,1000.87,31.5485232,296.0,,0.0,1.4842895740871612E7,,8285884,in_vehicle,,78.33815400163414,true,92
71339,1,osmand,2026-01-30 23:04:41,2026-01-30 23:04:40,2026-01-30 23:04:40,true,35.4871047,138.6294591,998.74,34.98912,294.0,,0.0,1.4842982248742148E7,,8285987,in_vehicle,,86.50787053641197,true,92
71340,1,osmand,2026-01-30 23:04:46,2026-01-30 23:04:45,2026-01-30 23:04:45,true,35.4874292,138.6285633,995.67,33.04528,295.0,,0.0,1.4843071118027681E7,,8286076,in_vehicle,,88.86928553410318,true,92
71341,1,osmand,2026-01-30 23:04:51,2026-01-30 23:04:50,2026-01-30 23:04:50,true,35.4877926,138.6276807,993.26,36.330369600000004,297.0,,0.0,1.4843160764172833E7,,8286166,in_vehicle,,89.64614515275846,true,92
71342,1,osmand,2026-01-30 23:04:56,2026-01-30 23:04:55,2026-01-30 23:04:55,true,35.4881699,138.6267819,992.86,35.47508,299.0,,0.0,1.484325242142303E7,,8286257,in_vehicle,,91.65725019538938,true,92
71343,1,osmand,2026-01-30 23:05:00,2026-01-30 23:04:59,2026-01-30 23:04:59,true,35.4885584,138.6260904,992.2,38.1575792,305.0,,0.0,1.4843328571523387E7,,8286334,in_vehicle,,76.15010035809046,true,92
71344,1,osmand,2026-01-30 23:05:04,2026-01-30 23:05:03,2026-01-30 23:05:03,true,35.4889839,138.6253953,992.15,38.332524799999995,306.0,,0.0,1.4843407394306287E7,,8286412,in_vehicle,,78.82278289978215,true,92
71345,1,osmand,2026-01-30 23:05:08,2026-01-30 23:05:07,2026-01-30 23:05:07,true,35.4893825,138.6246949,991.75,37.9437568,303.0,,0.0,1.4843484847795647E7,,8286490,in_vehicle,,77.453489359413,true,92
71346,1,osmand,2026-01-30 23:05:13,2026-01-30 23:05:12,2026-01-30 23:05:12,true,35.4895112,138.6236834,989.29,36.4275616,266.0,,0.0,1.4843577641630825E7,,8286585,in_vehicle,,92.79383517764465,true,92
71347,1,osmand,2026-01-30 23:05:17,2026-01-30 23:05:16,2026-01-30 23:05:16,true,35.4892014,138.6228562,986.61,39.0517456,234.0,,0.0,1.4843660169305673E7,,8286668,in_vehicle,,82.52767484737431,true,92
71348,1,osmand,2026-01-30 23:05:21,2026-01-30 23:05:20,2026-01-30 23:05:20,true,35.4887855,138.6221796,983.55,37.0495904,234.0,,0.0,1.4843737009616025E7,,8286745,in_vehicle,,76.84031035244449,true,92
71349,1,osmand,2026-01-30 23:05:26,2026-01-30 23:05:25,2026-01-30 23:05:25,true,35.488316,138.62138,980.59,34.9113664,235.0,,0.0,1.4843826364487518E7,,8286834,in_vehicle,,89.35487149341418,true,92
71350,1,osmand,2026-01-30 23:05:31,2026-01-30 23:05:30,2026-01-30 23:05:30,true,35.4878647,138.6205631,977.67,35.0668736,235.0,,0.0,1.4843915843176207E7,,8286924,in_vehicle,,89.47868868864572,true,92
71351,1,osmand,2026-01-30 23:05:36,2026-01-30 23:05:35,2026-01-30 23:05:35,true,35.4873262,138.6198227,974.98,34.9308048,218.0,,0.0,1.4844005828133158E7,,8287014,in_vehicle,,89.98495695246214,true,92
71352,1,osmand,2026-01-30 23:05:41,2026-01-30 23:05:40,2026-01-30 23:05:40,true,35.4866525,138.619484,970.27,30.3044656,194.0,,0.0,1.4844086864546115E7,,8287096,in_vehicle,,81.03641295640084,true,92
71353,1,osmand,2026-01-30 23:05:46,2026-01-30 23:05:45,2026-01-30 23:05:45,true,35.4859614,138.6192631,962.66,29.254792000000002,196.0,,0.0,1.4844166360380184E7,,8287160,in_vehicle,,79.49583406855602,true,92
71354,1,osmand,2026-01-30 23:05:56,2026-01-30 23:05:55,2026-01-30 23:05:55,true,35.4855353,138.6185617,954.38,30.4794112,298.0,,0.0,1.4844245682173349E7,,8287281,in_vehicle,,79.32179316462394,true,92
71355,1,osmand,2026-01-30 23:06:01,2026-01-30 23:06:00,2026-01-30 23:06:00,true,35.4858289,138.6177208,953.76,29.1576,292.0,,0.0,1.4844328615652222E7,,8287364,in_vehicle,,82.93347887285309,true,92
71356,1,osmand,2026-01-30 23:06:07,2026-01-30 23:06:06,2026-01-30 23:06:06,true,35.4860165,138.6168056,950.02,29.64356,278.0,,0.0,1.4844414160196014E7,,8287450,in_vehicle,,85.54454379064973,true,92
71357,1,osmand,2026-01-30 23:06:14,2026-01-30 23:06:13,2026-01-30 23:06:13,true,35.486133,138.6158645,946.8,24.8228368,280.0,,0.0,1.484450044416312E7,,8287524,in_vehicle,,86.2839671061397,true,92
71358,1,osmand,2026-01-30 23:06:21,2026-01-30 23:06:20,2026-01-30 23:06:20,true,35.486512,138.6150292,944.29,25.2116048,320.0,,0.0,1.4844587119109558E7,,8287627,in_vehicle,,86.67494643819624,true,92
71359,1,osmand,2026-01-30 23:06:26,2026-01-30 23:06:25,2026-01-30 23:06:25,true,35.4872023,138.614993,943.76,27.7580352,12.0,,0.0,1.4844664032976422E7,,8287707,in_vehicle,,76.91386686507784,true,92
71360,1,osmand,2026-01-30 23:06:32,2026-01-30 23:06:31,2026-01-30 23:06:31,true,35.4878816,138.6152906,943.29,23.8509168,9.0,,0.0,1.4844744319466585E7,,8287787,in_vehicle,,80.28649016256583,true,92
71361,1,osmand,2026-01-30 23:06:38,2026-01-30 23:06:37,2026-01-30 23:06:37,true,35.4884974,138.6149511,943.64,26.1057712,308.0,,0.0,1.4844819460103184E7,,8287868,in_vehicle,,75.14063659920662,true,92
71362,1,osmand,2026-01-30 23:06:43,2026-01-30 23:06:42,2026-01-30 23:06:42,true,35.4885482,138.6140421,944.27,30.907056,275.0,,0.0,1.4844902045588223E7,,8287934,in_vehicle,,82.58548503862137,true,92
71363,1,osmand,2026-01-30 23:06:49,2026-01-30 23:06:48,2026-01-30 23:06:48,true,35.4886206,138.613125,944.1,25.3476736,278.0,,0.0,1.4844985561146827E7,,8288022,in_vehicle,,83.51555860495479,true,92
71364,1,osmand,2026-01-30 23:06:56,2026-01-30 23:06:55,2026-01-30 23:06:55,true,35.4888228,138.6122368,942.59,22.35416,286.0,,0.0,1.4845069154710773E7,,8288118,in_vehicle,,83.59356394529979,true,92
71365,1,osmand,2026-01-30 23:07:04,2026-01-30 23:07:03,2026-01-30 23:07:03,true,35.4891799,138.6114292,945.25,19.1079472,299.0,,0.0,1.4845152452514969E7,,8288202,in_vehicle,,83.29780419517951,true,92
71366,1,osmand,2026-01-30 23:07:14,2026-01-30 23:07:13,2026-01-30 23:07:13,true,35.4898973,138.6117439,947.39,29.0409696,50.0,,0.0,1.4845237254253455E7,,8288310,in_vehicle,,84.80173848503959,true,92
71367,1,osmand,2026-01-30 23:07:21,2026-01-30 23:07:20,2026-01-30 23:07:20,true,35.4905784,138.6121872,947.04,24.4535072,10.0,,0.0,1.4845323062433971E7,,8288416,in_vehicle,,85.80818051662352,true,92
71368,1,osmand,2026-01-30 23:07:27,2026-01-30 23:07:26,2026-01-30 23:07:26,true,35.4912691,138.6119333,947.95,26.5139776,317.0,,0.0,1.4845403320826992E7,,8288500,in_vehicle,,80.25839302065289,true,92
71369,1,osmand,2026-01-30 23:07:32,2026-01-30 23:07:31,2026-01-30 23:07:31,true,35.491622,138.6111857,949.4,30.4016576,296.0,,0.0,1.48454816450771E7,,8288578,in_vehicle,,78.3242501071693,true,92
71370,1,osmand,2026-01-30 23:07:39,2026-01-30 23:07:38,2026-01-30 23:07:38,true,35.4921093,138.610479,950.82,21.129540799999997,339.0,,0.0,1.48455655816852E7,,8288654,in_vehicle,,83.93660810013728,true,92
71371,1,osmand,2026-01-30 23:07:46,2026-01-30 23:07:45,2026-01-30 23:07:45,true,35.4927824,138.6107959,952.55,20.3325664,29.0,,0.0,1.484564582725909E7,,8288748,in_vehicle,,80.24557388920128,true,92
71372,1,osmand,2026-01-30 23:07:54,2026-01-30 23:07:53,2026-01-30 23:07:53,true,35.4934613,138.6107234,955.01,22.4902288,328.0,,0.0,1.4845721687189065E7,,8288822,in_vehicle,,75.85992997483862,true,92
71373,1,osmand,2026-01-30 23:08:01,2026-01-30 23:08:00,2026-01-30 23:08:00,true,35.4940935,138.6102739,950.49,20.9157184,300.0,,0.0,1.484580300478375E7,,8288917,in_vehicle,,81.31759468419675,true,92
71374,1,osmand,2026-01-30 23:08:08,2026-01-30 23:08:07,2026-01-30 23:08:07,true,35.4943269,138.6094293,949.08,18.9718784,291.0,,0.0,1.4845883842985222E7,,8288988,in_vehicle,,80.83820147230877,true,92
71375,1,osmand,2026-01-30 23:08:19,2026-01-30 23:08:18,2026-01-30 23:08:18,true,35.4942026,138.6085872,949.47,21.5183088,232.0,,0.0,1.4845961409530435E7,,8289083,in_vehicle,,77.56654521297092,true,92
71376,1,osmand,2026-01-30 23:08:27,2026-01-30 23:08:26,2026-01-30 23:08:26,true,35.4937983,138.6078658,949.37,15.278582400000001,235.0,,0.0,1.4846040785459965E7,,8289154,in_vehicle,,79.3759295310359,true,92
71377,1,osmand,2026-01-30 23:08:35,2026-01-30 23:08:34,2026-01-30 23:08:34,true,35.4936441,138.6070583,949.96,17.7278208,253.0,,0.0,1.4846115958490916E7,,8289218,in_vehicle,,75.17303095100891,true,92
71378,1,osmand,2026-01-30 23:08:44,2026-01-30 23:08:43,2026-01-30 23:08:43,true,35.4931536,138.6064586,951.38,20.2353744,201.0,,0.0,1.4846193001965865E7,,8289297,in_vehicle,,77.04347495048057,true,92
71379,1,osmand,2026-01-30 23:08:51,2026-01-30 23:08:50,2026-01-30 23:08:50,true,35.4924016,138.6062922,952.73,22.2958448,191.0,,0.0,1.484627806193847E7,,8289391,in_vehicle,,85.0599726042392,true,92
71380,1,osmand,2026-01-30 23:08:59,2026-01-30 23:08:58,2026-01-30 23:08:58,true,35.4917998,138.6057358,950.96,21.479432000000003,240.0,,0.0,1.484636191359339E7,,8289490,in_vehicle,,83.85165491861457,true,92
71381,1,osmand,2026-01-30 23:09:09,2026-01-30 23:09:08,2026-01-30 23:09:08,true,35.4918605,138.6048706,949.64,12.926536,285.0,,0.0,1.4846440622564621E7,,8289550,in_vehicle,,78.7089712330236,true,92
71382,1,osmand,2026-01-30 23:09:23,2026-01-30 23:09:22,2026-01-30 23:09:22,true,35.4918412,138.6039949,954.5,12.8876592,251.0,,0.0,1.4846520021686444E7,,8289639,in_vehicle,,79.39912182262447,true,92
71383,1,osmand,2026-01-30 23:09:34,2026-01-30 23:09:33,2026-01-30 23:09:33,true,35.4915223,138.6032027,954.5,11.6436016,241.0,,0.0,1.4846600120213548E7,,8289727,in_vehicle,,80.09852710365642,true,92
71384,1,osmand,2026-01-30 23:09:47,2026-01-30 23:09:46,2026-01-30 23:09:46,true,35.4910752,138.6025669,954.5,10.2829136,209.0,,0.0,1.4846676264810085E7,,8289789,in_vehicle,,76.14459653839793,true,92
71385,1,osmand,2026-01-30 23:10:51,2026-01-30 23:10:50,2026-01-30 23:10:50,true,35.4906363,138.6031964,958.0,2.2937312,111.0,,0.0,1.4846751381517874E7,,8289868,in_vehicle,,75.11670778968099,true,91
71386,1,osmand,2026-01-30 23:16:16,2026-01-30 23:16:15,2026-01-30 23:16:15,true,35.4906433,138.603962,955.1,1.3218112000000002,87.0,,0.0,1.4846820777950939E7,,8289964,in_vehicle,,69.3964330653123,true,91
71387,1,osmand,2026-01-30 23:17:02,2026-01-30 23:17:01,2026-01-30 23:17:01,true,35.4911911,138.6034694,955.1,3.9459951999999996,337.0,,0.0,1.4846896356336748E7,,8290038,in_vehicle,,75.57838580906808,true,91
71388,1,osmand,2026-01-30 23:17:42,2026-01-30 23:17:41,2026-01-30 23:17:41,true,35.4918475,138.6037082,956.9,6.259164800000001,42.0,,0.0,1.4846972564630363E7,,8290126,in_vehicle,,76.20829361518827,true,91
71389,1,osmand,2026-01-30 23:19:44,2026-01-30 23:19:43,2026-01-30 23:19:43,true,35.4919202,138.6046233,954.5,21.0517872,98.0,,0.0,1.4847055899604086E7,,8290211,in_vehicle,,83.33497372203296,true,90
71390,1,osmand,2026-01-30 23:19:50,2026-01-30 23:19:49,2026-01-30 23:19:49,true,35.4917597,138.6054403,954.5,23.5982176,100.0,,0.0,1.4847132074288854E7,,8290272,in_vehicle,,76.1746847676861,true,90
71391,1,osmand,2026-01-30 23:19:57,2026-01-30 23:19:56,2026-01-30 23:19:56,true,35.4921344,138.6062142,954.5,21.9459536,36.0,,0.0,1.4847213682570364E7,,8290382,in_vehicle,,81.6082815092629,true,90
71392,1,osmand,2026-01-30 23:20:04,2026-01-30 23:20:03,2026-01-30 23:20:03,true,35.492874,138.6064228,954.5,25.989140799999998,2.0,,0.0,1.4847298157408472E7,,8290441,in_vehicle,,84.47483810829402,true,90
71393,1,osmand,2026-01-30 23:20:13,2026-01-30 23:20:12,2026-01-30 23:20:12,true,35.4935869,138.6067361,954.5,22.6846128,56.0,,0.0,1.4847382444289744E7,,8290547,in_vehicle,,84.28688127219164,true,90
71394,1,osmand,2026-01-30 23:20:19,2026-01-30 23:20:18,2026-01-30 23:20:18,true,35.493747,138.6076218,954.5,23.1122576,73.0,,0.0,1.4847464673501633E7,,8290629,in_vehicle,,82.22921188950234,true,90
71395,1,osmand,2026-01-30 23:20:25,2026-01-30 23:20:24,2026-01-30 23:20:24,true,35.494006,138.6084299,954.5,25.464304,67.0,,0.0,1.4847543385274382E7,,8290707,in_vehicle,,78.71177274919776,true,90
71396,1,osmand,2026-01-30 23:20:32,2026-01-30 23:20:31,2026-01-30 23:20:31,true,35.494373,138.6091937,954.5,17.377929599999998,94.0,,0.0,1.4847623767415442E7,,8290784,in_vehicle,,80.38214105835739,true,90
71397,1,osmand,2026-01-30 23:20:41,2026-01-30 23:20:40,2026-01-30 23:20:40,true,35.4941805,138.6100627,954.5,18.913563200000002,110.0,,0.0,1.4847705390966613E7,,8290883,in_vehicle,,81.62355117115709,true,90
71398,1,osmand,2026-01-30 23:20:49,2026-01-30 23:20:48,2026-01-30 23:20:48,true,35.493902,138.6109203,954.5,28.0690496,114.0,,0.0,1.4847789073132278E7,,8290966,in_vehicle,,83.68216566571071,true,90
71399,1,osmand,2026-01-30 23:20:56,2026-01-30 23:20:55,2026-01-30 23:20:55,true,35.4935118,138.6115972,954.5,12.6932752,148.0,,0.0,1.4847864243636973E7,,8291044,in_vehicle,,75.17050469494711,true,90
71400,1,osmand,2026-01-30 23:21:02,2026-01-30 23:21:01,2026-01-30 23:21:01,true,35.4929962,138.6110165,954.5,21.6349392,219.0,,0.0,1.4847942117963728E7,,8291122,in_vehicle,,77.87432675422336,true,90
71401,1,osmand,2026-01-30 23:21:19,2026-01-30 23:21:18,2026-01-30 23:21:18,true,35.492376,138.6106766,954.28,27.8163504,200.0,,0.0,1.484801771977945E7,,8291182,in_vehicle,,75.6018157229899,true,90
71402,1,osmand,2026-01-30 23:21:25,2026-01-30 23:21:24,2026-01-30 23:21:24,true,35.491704,138.6108227,955.57,26.008579200000003,137.0,,0.0,1.4848093689445136E7,,8291265,in_vehicle,,75.96966568564372,true,90
71403,1,osmand,2026-01-30 23:21:30,2026-01-30 23:21:29,2026-01-30 23:21:29,true,35.491404,138.6116994,954.53,30.4988496,115.0,,0.0,1.484817988300468E7,,8291349,in_vehicle,,86.19355954333754,true,90
71404,1,osmand,2026-01-30 23:21:36,2026-01-30 23:21:35,2026-01-30 23:21:35,true,35.4909492,138.6123581,954.35,26.3779088,144.0,,0.0,1.4848258161960375E7,,8291431,in_vehicle,,78.27895569342648,true,90
71405,1,osmand,2026-01-30 23:21:42,2026-01-30 23:21:41,2026-01-30 23:21:41,true,35.4902069,138.6120588,953.89,24.9200288,200.0,,0.0,1.4848345133459905E7,,8291521,in_vehicle,,86.97149953031904,true,90
71406,1,osmand,2026-01-30 23:21:48,2026-01-30 23:21:47,2026-01-30 23:21:47,true,35.4896979,138.6115123,953.61,21.7515696,229.0,,0.0,1.484842039392429E7,,8291611,in_vehicle,,75.26046438490978,true,90
71407,1,osmand,2026-01-30 23:21:58,2026-01-30 23:21:57,2026-01-30 23:21:57,true,35.48903,138.6118703,949.4,30.0517664,118.0,,0.0,1.4848501516582577E7,,8291705,in_vehicle,,81.1226582867624,true,90
71408,1,osmand,2026-01-30 23:22:03,2026-01-30 23:22:02,2026-01-30 23:22:02,true,35.48873,138.6126234,948.46,27.6802816,109.0,,0.0,1.4848577508621542E7,,8291799,in_vehicle,,75.99203896597224,true,90
71409,1,osmand,2026-01-30 23:22:08,2026-01-30 23:22:07,2026-01-30 23:22:07,true,35.4886544,138.6134682,948.83,30.323904,96.0,,0.0,1.4848654542106144E7,,8291861,in_vehicle,,77.03348460239704,true,90
71410,1,osmand,2026-01-30 23:22:13,2026-01-30 23:22:12,2026-01-30 23:22:12,true,35.4885817,138.6143034,949.09,31.0820016,97.0,,0.0,1.4848730675794264E7,,8291953,in_vehicle,,76.13368812013417,true,90
71411,1,osmand,2026-01-30 23:22:18,2026-01-30 23:22:17,2026-01-30 23:22:17,true,35.4884588,138.6151203,949.93,27.1554448,105.0,,0.0,1.4848805972845087E7,,8292015,in_vehicle,,75.29705082338312,true,90
71412,1,osmand,2026-01-30 23:22:25,2026-01-30 23:22:24,2026-01-30 23:22:24,true,35.4877654,138.6154095,950.44,28.9826544,189.0,,0.0,1.484888749132607E7,,8292121,in_vehicle,,81.51848098238777,true,90
71413,1,osmand,2026-01-30 23:22:30,2026-01-30 23:22:29,2026-01-30 23:22:29,true,35.487071,138.6151862,950.29,27.894104,193.0,,0.0,1.484896739748025E7,,8292186,in_vehicle,,79.90615417936677,true,90
71414,1,osmand,2026-01-30 23:22:38,2026-01-30 23:22:37,2026-01-30 23:22:37,true,35.4863393,138.6153419,949.81,22.7234896,129.0,,0.0,1.484905006355782E7,,8292291,in_vehicle,,82.66607757159493,true,90
71415,1,osmand,2026-01-30 23:22:44,2026-01-30 23:22:43,2026-01-30 23:22:43,true,35.4862005,138.6163011,948.67,31.3541392,96.0,,0.0,1.4849138370025804E7,,8292380,in_vehicle,,88.30646798379253,true,90
71416,1,osmand,2026-01-30 23:22:49,2026-01-30 23:22:48,2026-01-30 23:22:48,true,35.4860955,138.617127,950.33,28.67164,100.0,,0.0,1.4849214138710948E7,,8292442,in_vehicle,,75.76868514305347,true,90
71417,1,osmand,2026-01-30 23:22:55,2026-01-30 23:22:54,2026-01-30 23:22:54,true,35.4858197,138.61795,951.63,26.1835248,113.0,,0.0,1.4849294808518311E7,,8292537,in_vehicle,,80.6698073634854,true,90
71418,1,osmand,2026-01-30 23:23:03,2026-01-30 23:23:02,2026-01-30 23:23:02,true,35.485517,138.6187134,951.99,11.1965184,113.0,,0.0,1.4849371773861272E7,,8292609,in_vehicle,,76.96534296110697,true,90
71419,1,osmand,2026-01-30 23:23:54,2026-01-30 23:23:53,2026-01-30 23:23:53,true,35.4861274,138.6192785,954.5,23.9286704,15.0,,0.0,1.4849456867037559E7,,8292712,in_vehicle,,85.09317628734797,true,90
71420,1,osmand,2026-01-30 23:24:01,2026-01-30 23:24:00,2026-01-30 23:24:00,true,35.4868772,138.6195895,954.5,30.6543568,20.0,,0.0,1.4849544966180062E7,,8292785,in_vehicle,,88.09914250390148,true,90
71421,1,osmand,2026-01-30 23:24:07,2026-01-30 23:24:06,2026-01-30 23:24:06,true,35.4875893,138.6200203,954.5,30.032328,36.0,,0.0,1.4849633332451688E7,,8292873,in_vehicle,,88.36627162629982,true,90
71422,1,osmand,2026-01-30 23:24:12,2026-01-30 23:24:11,2026-01-30 23:24:11,true,35.4880552,138.6207946,954.5,32.4815664,55.0,,0.0,1.484972059934826E7,,8292976,in_vehicle,,87.2668965718807,true,90
71423,1,osmand,2026-01-30 23:24:18,2026-01-30 23:24:17,2026-01-30 23:24:17,true,35.4884379,138.6215306,954.5,26.436224,56.0,,0.0,1.4849799753051138E7,,8293055,in_vehicle,,79.1537028769788,true,90
71424,1,osmand,2026-01-30 23:24:24,2026-01-30 23:24:23,2026-01-30 23:24:23,true,35.4889143,138.622316,954.5,29.5852448,55.0,,0.0,1.4849888523814082E7,,8293145,in_vehicle,,88.77076294497394,true,90
71425,1,osmand,2026-01-30 23:24:29,2026-01-30 23:24:28,2026-01-30 23:24:28,true,35.4893479,138.6230818,954.5,33.725624,58.0,,0.0,1.484997306828317E7,,8293229,in_vehicle,,84.54446908858915,true,90
71426,1,osmand,2026-01-30 23:24:34,2026-01-30 23:24:33,2026-01-30 23:24:33,true,35.4896152,138.6239299,954.5,31.490208,77.0,,0.0,1.4850055497132389E7,,8293312,in_vehicle,,82.42884921923635,true,90
71427,1,osmand,2026-01-30 23:24:40,2026-01-30 23:24:39,2026-01-30 23:24:39,true,35.4894077,138.6248588,954.5,29.5852448,118.0,,0.0,1.4850142802581415E7,,8293401,in_vehicle,,87.30544902646282,true,90
71428,1,osmand,2026-01-30 23:24:45,2026-01-30 23:24:44,2026-01-30 23:24:44,true,35.4889948,138.6255678,954.5,30.907056,127.0,,0.0,1.4850221811580978E7,,8293480,in_vehicle,,79.00899956315466,true,90
71429,1,osmand,2026-01-30 23:24:50,2026-01-30 23:24:49,2026-01-30 23:24:49,true,35.4885568,138.6263268,954.5,32.131675200000004,126.0,,0.0,1.485030613328556E7,,8293565,in_vehicle,,84.32170458194639,true,90
71430,1,osmand,2026-01-30 23:24:55,2026-01-30 23:24:54,2026-01-30 23:24:54,true,35.4881075,138.6271009,954.5,32.053921599999995,123.0,,0.0,1.4850392299641201E7,,8293651,in_vehicle,,86.16635564086161,true,90
71431,1,osmand,2026-01-30 23:25:00,2026-01-30 23:24:59,2026-01-30 23:24:59,true,35.4877649,138.6278781,954.5,31.820660800000002,117.0,,0.0,1.485047240660343E7,,8293731,in_vehicle,,80.1069622280263,true,90
71432,1,osmand,2026-01-30 23:25:05,2026-01-30 23:25:04,2026-01-30 23:25:04,true,35.4874184,138.6287467,954.5,34.969681599999994,116.0,,0.0,1.485056007837104E7,,8293819,in_vehicle,,87.67176761027014,true,90
71433,1,osmand,2026-01-30 23:25:10,2026-01-30 23:25:09,2026-01-30 23:25:09,true,35.4870771,138.6296317,954.5,32.6953888,115.0,,0.0,1.4850648838446124E7,,8293908,in_vehicle,,88.76007508291143,true,90
71434,1,osmand,2026-01-30 23:25:15,2026-01-30 23:25:14,2026-01-30 23:25:14,true,35.4867482,138.6304543,987.89,32.967526400000004,115.0,,0.0,1.4850731904565778E7,,8293974,in_vehicle,,83.06611965372275,true,90
71435,1,osmand,2026-01-30 23:25:20,2026-01-30 23:25:19,2026-01-30 23:25:19,true,35.4863947,138.6313064,988.57,34.561475200000004,116.0,,0.0,1.485081858762408E7,,8294077,in_vehicle,,86.68305830269793,true,90
71436,1,osmand,2026-01-30 23:25:25,2026-01-30 23:25:24,2026-01-30 23:25:24,true,35.4860251,138.6322027,988.9,35.47508,116.0,,0.0,1.4850909654656032E7,,8294150,in_vehicle,,91.06703195105143,true,90
71437,1,osmand,2026-01-30 23:25:30,2026-01-30 23:25:29,2026-01-30 23:25:29,true,35.4856835,138.6331009,990.77,32.267744,110.0,,0.0,1.4850999512911757E7,,8294258,in_vehicle,,89.8582557247352,true,90
71438,1,osmand,2026-01-30 23:25:35,2026-01-30 23:25:34,2026-01-30 23:25:34,true,35.4857858,138.6339582,993.32,30.4599728,64.0,,0.0,1.485107805118015E7,,8294324,in_vehicle,,78.53826839280471,true,90
71439,1,osmand,2026-01-30 23:25:40,2026-01-30 23:25:39,2026-01-30 23:25:39,true,35.4861279,138.6346982,996.19,31.179193599999998,62.0,,0.0,1.485115518360817E7,,8294416,in_vehicle,,77.13242802006648,true,90
71440,1,osmand,2026-01-30 23:25:45,2026-01-30 23:25:44,2026-01-30 23:25:44,true,35.4863701,138.6355368,998.25,32.6176352,77.0,,0.0,1.485123583634908E7,,8294481,in_vehicle,,80.65274090791195,true,90
71441,1,osmand,2026-01-30 23:25:50,2026-01-30 23:25:49,2026-01-30 23:25:49,true,35.4862227,138.6365211,1001.49,35.0474352,102.0,,0.0,1.485132655195834E7,,8294589,in_vehicle,,90.71560926072216,true,90
71442,1,osmand,2026-01-30 23:25:55,2026-01-30 23:25:54,2026-01-30 23:25:54,true,35.4860781,138.6374114,1004.29,32.5981968,101.0,,0.0,1.4851408840750301E7,,8294672,in_vehicle,,82.28879196276438,true,90
71443,1,osmand,2026-01-30 23:26:00,2026-01-30 23:25:59,2026-01-30 23:25:59,true,35.4860128,138.6383532,1006.98,34.9113664,88.0,,0.0,1.4851494516945092E7,,8294758,in_vehicle,,85.67619479031163,true,89
71444,1,osmand,2026-01-30 23:26:05,2026-01-30 23:26:04,2026-01-30 23:26:04,true,35.4862973,138.6393116,1009.99,32.948088,63.0,,0.0,1.485158698167253E7,,8294833,in_vehicle,,92.46472743777764,true,89
71445,1,osmand,2026-01-30 23:26:10,2026-01-30 23:26:09,2026-01-30 23:26:09,true,35.4867013,138.6401659,1013.94,35.241819199999995,61.0,,0.0,1.4851676529695455E7,,8294941,in_vehicle,,89.54802292674793,true,89
71446,1,osmand,2026-01-30 23:26:15,2026-01-30 23:26:14,2026-01-30 23:26:14,true,35.4870564,138.6410534,1016.65,34.1727072,63.0,,0.0,1.4851766161766594E7,,8295013,in_vehicle,,89.63207113969315,true,89
71447,1,osmand,2026-01-30 23:26:21,2026-01-30 23:26:19,2026-01-30 23:26:19,true,35.4873588,138.6418782,1018.41,30.9264944,64.0,,0.0,1.4851848152035262E7,,8295112,in_vehicle,,81.99026866899318,true,89
71448,1,osmand,2026-01-30 23:26:26,2026-01-30 23:26:24,2026-01-30 23:26:24,true,35.4877144,138.6426484,1019.75,30.032328,61.0,,0.0,1.4851928405760834E7,,8295176,in_vehicle,,80.2537255710565,true,89
71449,1,osmand,2026-01-30 23:26:32,2026-01-30 23:26:30,2026-01-30 23:26:30,true,35.4880848,138.6434671,1022.6,26.6889232,62.0,,0.0,1.4852013299122049E7,,8295263,in_vehicle,,84.89336121409944,true,89
71450,1,osmand,2026-01-30 23:26:44,2026-01-30 23:26:38,2026-01-30 23:26:38,true,35.4884355,138.6443019,1021.47,21.38224,48.0,,0.0,1.4852098443163069E7,,8295354,in_vehicle,,85.14404102054138,true,89
71451,1,osmand,2026-01-30 23:26:45,2026-01-30 23:26:44,2026-01-30 23:26:44,true,35.4889082,138.6450636,1020.54,35.5528336,51.0,,0.0,1.4852185250411501E7,,8295452,in_vehicle,,86.80724843131168,true,89
71452,1,osmand,2026-01-30 23:26:50,2026-01-30 23:26:49,2026-01-30 23:26:49,true,35.489437,138.6458546,1019.78,34.9308048,49.0,,0.0,1.4852278015864888E7,,8295545,in_vehicle,,92.76545338669041,true,89
71453,1,osmand,2026-01-30 23:26:55,2026-01-30 23:26:54,2026-01-30 23:26:54,true,35.4899249,138.6466248,1017.61,33.6089936,50.0,,0.0,1.4852366465225946E7,,8295634,in_vehicle,,88.44936105810775,true,89
71454,1,osmand,2026-01-30 23:27:00,2026-01-30 23:26:59,2026-01-30 23:26:59,true,35.4903478,138.6473643,1015.98,30.323904,60.0,,0.0,1.485244837274909E7,,8295700,in_vehicle,,81.9075231432447,true,89
71455,1,osmand,2026-01-30 23:27:06,2026-01-30 23:27:05,2026-01-30 23:27:05,true,35.4906196,138.6482618,1016.64,32.6176352,68.0,,0.0,1.4852535164726656E7,,8295802,in_vehicle,,86.79197756589383,true,89
71456,1,osmand,2026-01-30 23:27:12,2026-01-30 23:27:11,2026-01-30 23:27:11,true,35.4910782,138.6489692,1019.36,25.561496,43.0,,0.0,1.4852617123127086E7,,8295885,in_vehicle,,81.95840043098727,true,89
71457,1,osmand,2026-01-30 23:27:18,2026-01-30 23:27:17,2026-01-30 23:27:17,true,35.4917814,138.6493802,1021.87,28.0690496,19.0,,0.0,1.4852703814661145E7,,8295972,in_vehicle,,86.69153405946787,true,89
71458,1,osmand,2026-01-30 23:27:24,2026-01-30 23:27:23,2026-01-30 23:27:23,true,35.4924798,138.6496652,1023.87,20.993472,20.0,,0.0,1.4852785739131795E7,,8296029,in_vehicle,,81.92447065089178,true,89
71459,1,osmand,2026-01-30 23:27:31,2026-01-30 23:27:30,2026-01-30 23:27:30,true,35.4931917,138.6498748,1023.87,22.7623664,2.0,,0.0,1.4852867232628334E7,,8296135,in_vehicle,,81.49349653815909,true,89
71460,1,osmand,2026-01-30 23:27:37,2026-01-30 23:27:36,2026-01-30 23:27:36,true,35.4939614,138.6495704,1024.32,30.3627808,342.0,,0.0,1.4852957247434001E7,,8296209,in_vehicle,,90.01480566777713,true,89
71461,1,osmand,2026-01-30 23:27:42,2026-01-30 23:27:41,2026-01-30 23:27:41,true,35.4946107,138.6493236,1025.38,28.6133248,347.0,,0.0,1.4853032909202104E7,,8296301,in_vehicle,,75.66176810279457,true,89
71462,1,osmand,2026-01-30 23:27:47,2026-01-30 23:27:46,2026-01-30 23:27:46,true,35.4953788,138.6493461,1026.34,36.3886848,8.0,,0.0,1.4853118438016787E7,,8296367,in_vehicle,,85.52881468268696,true,89
71463,1,osmand,2026-01-30 23:27:52,2026-01-30 23:27:51,2026-01-30 23:27:51,true,35.496173,138.6494597,1026.56,30.8681792,7.0,,0.0,1.485320744543273E7,,8296475,in_vehicle,,89.00741594281705,true,89
71464,1,osmand,2026-01-30 23:27:57,2026-01-30 23:27:56,2026-01-30 23:27:56,true,35.4968433,138.6496999,1026.74,30.0517664,22.0,,0.0,1.4853285173658863E7,,8296538,in_vehicle,,77.72822613185285,true,89
71465,1,osmand,2026-01-30 23:28:02,2026-01-30 23:28:01,2026-01-30 23:28:01,true,35.4974028,138.6502466,1025.62,28.7299552,47.0,,0.0,1.4853364761095326E7,,8296618,in_vehicle,,79.5874364646103,true,89
71466,1,osmand,2026-01-30 23:28:07,2026-01-30 23:28:06,2026-01-30 23:28:06,true,35.4978184,138.6509108,1017.03,28.924339200000002,50.0,,0.0,1.48534406819401E7,,8296710,in_vehicle,,75.92084477365103,true,89
71467,1,osmand,2026-01-30 23:28:13,2026-01-30 23:28:12,2026-01-30 23:28:12,true,35.4982671,138.6516083,1010.31,24.5506992,51.0,,0.0,1.4853521248032428E7,,8296791,in_vehicle,,80.56609232980385,true,89
71468,1,osmand,2026-01-30 23:28:21,2026-01-30 23:28:20,2026-01-30 23:28:20,true,35.4987015,138.652345,1009.17,21.2461712,58.0,,0.0,1.4853603686686475E7,,8296852,in_vehicle,,82.43865404732628,true,89
71469,1,osmand,2026-01-30 23:28:28,2026-01-30 23:28:27,2026-01-30 23:28:27,true,35.4990586,138.653102,1007.93,26.2224016,67.0,,0.0,1.4853682977017304E7,,8296939,in_vehicle,,79.29033082897953,true,89
71470,1,osmand,2026-01-30 23:28:34,2026-01-30 23:28:33,2026-01-30 23:28:33,true,35.4992482,138.6540563,1009.2,31.4124544,79.0,,0.0,1.4853772001345493E7,,8297026,in_vehicle,,89.02432818941168,true,89
71471,1,osmand,2026-01-30 23:28:39,2026-01-30 23:28:38,2026-01-30 23:28:38,true,35.4993388,138.6549363,1008.71,30.12952,81.0,,0.0,1.4853852388924181E7,,8297123,in_vehicle,,80.38757868949278,true,89
71472,1,osmand,2026-01-30 23:28:44,2026-01-30 23:28:43,2026-01-30 23:28:43,true,35.4994304,138.6558151,1008.61,29.351983999999998,82.0,,0.0,1.4853932682581516E7,,8297188,in_vehicle,,80.29365733506069,true,89
71473,1,osmand,2026-01-30 23:28:50,2026-01-30 23:28:49,2026-01-30 23:28:49,true,35.4993773,138.6567662,1008.71,27.777473599999997,100.0,,0.0,1.4854019080933638E7,,8297275,in_vehicle,,86.39835212129621,true,89
71474,1,osmand,2026-01-30 23:28:56,2026-01-30 23:28:55,2026-01-30 23:28:55,true,35.4993141,138.6577276,1008.3,29.351983999999998,80.0,,0.0,1.4854106493948935E7,,8297363,in_vehicle,,87.4130152971526,true,89
71475,1,osmand,2026-01-30 23:29:02,2026-01-30 23:29:01,2026-01-30 23:29:01,true,35.4995621,138.6586301,1008.78,23.81204,62.0,,0.0,1.4854192818846114E7,,8297452,in_vehicle,,86.32489717959415,true,89
71476,1,osmand,2026-01-30 23:29:07,2026-01-30 23:29:06,2026-01-30 23:29:06,true,35.5002482,138.6588688,1008.04,30.1683968,3.0,,0.0,1.4854272199650625E7,,8297549,in_vehicle,,79.38080451014702,true,89
71477,1,osmand,2026-01-30 23:29:13,2026-01-30 23:29:12,2026-01-30 23:29:12,true,35.5009636,138.6589418,1006.29,23.248326400000003,5.0,,0.0,1.485435211193352E7,,8297604,in_vehicle,,79.91228289529822,true,89
71478,1,osmand,2026-01-30 23:29:20,2026-01-30 23:29:19,2026-01-30 23:29:19,true,35.5016794,138.6592059,1005.78,22.84012,29.0,,0.0,1.485443531135832E7,,8297712,in_vehicle,,83.19942479931179,true,89
71479,1,osmand,2026-01-30 23:29:28,2026-01-30 23:29:27,2026-01-30 23:29:27,true,35.5019883,138.660003,1004.41,20.021552,84.0,,0.0,1.4854515315309977E7,,8297784,in_vehicle,,80.0039516574637,true,89
71480,1,osmand,2026-01-30 23:29:35,2026-01-30 23:29:34,2026-01-30 23:29:34,true,35.5018109,138.660819,997.95,23.5010256,107.0,,0.0,1.4854591856558494E7,,8297847,in_vehicle,,76.54124851799898,true,89
71481,1,osmand,2026-01-30 23:29:42,2026-01-30 23:29:41,2026-01-30 23:29:41,true,35.5016289,138.6617291,989.96,23.714848,98.0,,0.0,1.4854676786298804E7,,8297955,in_vehicle,,84.92974030946573,true,89
71482,1,osmand,2026-01-30 23:29:49,2026-01-30 23:29:48,2026-01-30 23:29:48,true,35.5015804,138.6626534,982.88,23.9481088,90.0,,0.0,1.4854760724905828E7,,8298026,in_vehicle,,83.93860702466301,true,89
71483,1,osmand,2026-01-30 23:29:56,2026-01-30 23:29:55,2026-01-30 23:29:55,true,35.5015653,138.6635573,975.41,20.6630192,94.0,,0.0,1.4854842658223772E7,,8298099,in_vehicle,,81.93331794409498,true,89
71484,1,osmand,2026-01-30 23:30:04,2026-01-30 23:30:03,2026-01-30 23:30:03,true,35.5013432,138.6643886,967.81,18.758056,122.0,,0.0,1.4854921948275683E7,,8298191,in_vehicle,,79.29005191057688,true,89
71485,1,osmand,2026-01-30 23:30:11,2026-01-30 23:30:10,2026-01-30 23:30:10,true,35.5009675,138.6651483,962.48,27.505336,124.0,,0.0,1.4855002504015768E7,,8298281,in_vehicle,,80.55574008541934,true,89
71486,1,osmand,2026-01-30 23:30:17,2026-01-30 23:30:16,2026-01-30 23:30:16,true,35.5005457,138.6659068,958.47,23.3843952,129.0,,0.0,1.485508575004418E7,,8298364,in_vehicle,,83.24602841224811,true,89
71487,1,osmand,2026-01-30 23:30:24,2026-01-30 23:30:23,2026-01-30 23:30:23,true,35.4999458,138.6664196,953.03,21.479432000000003,153.0,,0.0,1.4855167109833516E7,,8298435,in_vehicle,,81.35978933610086,true,89
71488,1,osmand,2026-01-30 23:30:34,2026-01-30 23:30:33,2026-01-30 23:30:33,true,35.4994545,138.6670478,945.73,15.1813904,91.0,,0.0,1.485524605533692E7,,8298512,in_vehicle,,78.94550340357532,true,89
71489,1,osmand,2026-01-30 23:30:39,2026-01-30 23:30:38,2026-01-30 23:30:38,true,35.4999169,138.667767,945.29,35.5528336,54.0,,0.0,1.4855329108973453E7,,8298613,in_vehicle,,83.05363653198538,true,89
71490,1,osmand,2026-01-30 23:30:44,2026-01-30 23:30:43,2026-01-30 23:30:43,true,35.500418,138.668372,943.75,25.4448656,49.0,,0.0,1.4855407325927801E7,,8298691,in_vehicle,,78.2169543482879,true,89
71491,1,osmand,2026-01-30 23:30:52,2026-01-30 23:30:51,2026-01-30 23:30:51,true,35.5010222,138.6689356,944.2,22.8789968,27.0,,0.0,1.4855491780958656E7,,8298777,in_vehicle,,84.45503085565176,true,89
71492,1,osmand,2026-01-30 23:30:58,2026-01-30 23:30:57,2026-01-30 23:30:57,true,35.5013346,138.6696882,945.03,27.4858976,80.0,,0.0,1.4855568339972507E7,,8298841,in_vehicle,,76.55901385116215,true,89
71493,1,osmand,2026-01-30 23:31:03,2026-01-30 23:31:02,2026-01-30 23:31:02,true,35.5009971,138.6705641,946.55,31.976167999999998,114.0,,0.0,1.4855656161101291E7,,8298945,in_vehicle,,87.82112878368959,true,89
71494,1,osmand,2026-01-30 23:31:09,2026-01-30 23:31:08,2026-01-30 23:31:08,true,35.5005984,138.671385,946.3,27.3692672,125.0,,0.0,1.4855742789385313E7,,8299033,in_vehicle,,86.62828402152107,true,89
71495,1,osmand,2026-01-30 23:31:15,2026-01-30 23:31:14,2026-01-30 23:31:14,true,35.4998523,138.6713954,942.78,18.6219872,160.0,,0.0,1.4855825850205088E7,,8299094,in_vehicle,,83.06081977437114,true,89
71496,1,osmand,2026-01-30 23:31:23,2026-01-30 23:31:22,2026-01-30 23:31:22,true,35.5001979,138.6722552,942.21,35.144627199999995,57.0,,0.0,1.4855912751178324E7,,8299190,in_vehicle,,86.90097323644751,true,89
71497,1,osmand,2026-01-30 23:31:29,2026-01-30 23:31:28,2026-01-30 23:31:28,true,35.5008472,138.6727619,940.4,27.7580352,10.0,,0.0,1.4855998384357838E7,,8299285,in_vehicle,,85.63317951439774,true,89
71498,1,osmand,2026-01-30 23:31:35,2026-01-30 23:31:34,2026-01-30 23:31:34,true,35.5015279,138.6727695,938.14,23.6565328,10.0,,0.0,1.4856074162665354E7,,8299375,in_vehicle,,75.77830751640207,true,89
71499,1,osmand,2026-01-30 23:31:41,2026-01-30 23:31:40,2026-01-30 23:31:40,true,35.5020393,138.6734528,937.9,30.6543568,63.0,,0.0,1.485615827847228E7,,8299447,in_vehicle,,84.11580692542884,true,89
71500,1,osmand,2026-01-30 23:31:46,2026-01-30 23:31:45,2026-01-30 23:31:45,true,35.5022424,138.6744159,937.6,35.9027248,90.0,,0.0,1.485624843969427E7,,8299554,in_vehicle,,90.16122198951383,true,89
71501,1,osmand,2026-01-30 23:31:51,2026-01-30 23:31:50,2026-01-30 23:31:50,true,35.5021085,138.6753334,939.7,25.678126400000004,113.0,,0.0,1.4856332913128864E7,,8299626,in_vehicle,,84.47343459313001,true,89
71502,1,osmand,2026-01-30 23:31:56,2026-01-30 23:31:55,2026-01-30 23:31:55,true,35.5016286,138.6759895,945.91,34.2310224,134.0,,0.0,1.4856412846224584E7,,8299702,in_vehicle,,79.93309571980765,true,89
71503,1,osmand,2026-01-30 23:32:01,2026-01-30 23:32:00,2026-01-30 23:32:00,true,35.501129,138.6765891,948.05,23.889793599999997,129.0,,0.0,1.485649060081445E7,,8299797,in_vehicle,,77.75458986641216,true,89
71504,1,osmand,2026-01-30 23:32:09,2026-01-30 23:32:08,2026-01-30 23:32:08,true,35.5013411,138.6773987,949.16,30.5766032,45.0,,0.0,1.4856567676705237E7,,8299887,in_vehicle,,77.07589078636205,true,89
71505,1,osmand,2026-01-30 23:32:14,2026-01-30 23:32:13,2026-01-30 23:32:13,true,35.5020174,138.6778633,951.53,26.9804992,35.0,,0.0,1.4856653936004797E7,,8299958,in_vehicle,,86.25929955971039,true,89
71506,1,osmand,2026-01-30 23:32:20,2026-01-30 23:32:19,2026-01-30 23:32:19,true,35.5023893,138.6787596,955.22,31.878975999999998,71.0,,0.0,1.4856745104590401E7,,8300049,in_vehicle,,91.16858560397093,true,89
71507,1,osmand,2026-01-30 23:32:26,2026-01-30 23:32:25,2026-01-30 23:32:25,true,35.5023397,138.6796265,956.22,31.8012224,119.0,,0.0,1.4856823860546978E7,,8300149,in_vehicle,,78.755956576493,true,89
71508,1,osmand,2026-01-30 23:32:31,2026-01-30 23:32:30,2026-01-30 23:32:30,true,35.5019779,138.6805029,953.43,25.6392496,114.0,,0.0,1.485691291203849E7,,8300223,in_vehicle,,89.0514915117391,true,89
71509,1,osmand,2026-01-30 23:32:39,2026-01-30 23:32:38,2026-01-30 23:32:38,true,35.502064,138.6813817,955.34,15.161952,38.0,,0.0,1.485699312764602E7,,8300315,in_vehicle,,80.21560752922196,true,89
71510,1,osmand,2026-01-30 23:32:48,2026-01-30 23:32:47,2026-01-30 23:32:47,true,35.5028122,138.6815313,959.04,19.574468800000002,6.0,,0.0,1.4857077513074012E7,,8300399,in_vehicle,,84.38542799288348,true,89
71511,1,osmand,2026-01-30 23:32:56,2026-01-30 23:32:55,2026-01-30 23:32:55,true,35.5033726,138.6820895,962.08,22.7040512,77.0,,0.0,1.4857157828934852E7,,8300494,in_vehicle,,80.31586083953455,true,89
71512,1,osmand,2026-01-30 23:33:04,2026-01-30 23:33:03,2026-01-30 23:33:03,true,35.5035337,138.6829286,961.84,18.8163712,76.0,,0.0,1.4857235956815686E7,,8300554,in_vehicle,,78.12788083463101,true,89
71513,1,osmand,2026-01-30 23:33:12,2026-01-30 23:33:11,2026-01-30 23:33:11,true,35.503741,138.683794,963.89,20.8574032,75.0,,0.0,1.4857317706465205E7,,8300643,in_vehicle,,81.74964951988417,true,89
71514,1,osmand,2026-01-30 23:33:19,2026-01-30 23:33:18,2026-01-30 23:33:18,true,35.5039241,138.6845925,965.6,20.818526400000003,75.0,,0.0,1.4857392884458005E7,,8300718,in_vehicle,,75.17799280034166,true,89
71515,1,osmand,2026-01-30 23:33:28,2026-01-30 23:33:24,2026-01-30 23:33:24,true,35.5039789,138.6851984,967.45,17.280737600000002,89.0,,0.0,1.4857448130443953E7,,8300785,in_vehicle,,55.24598594711329,true,89
71516,1,osmand,2026-01-30 23:33:28,2026-01-30 23:33:27,2026-01-30 23:33:27,true,35.5039646,138.6854737,968.36,16.4448864,90.0,,0.0,1.4857473129536925E7,,8300801,in_vehicle,,24.99909297249184,true,89
71517,1,osmand,2026-01-30 23:33:35,2026-01-30 23:33:34,2026-01-30 23:33:34,true,35.5039421,138.6864026,969.48,25.036659200000003,87.0,,0.0,1.4857557345998414E7,,8300894,in_vehicle,,84.21646148990608,true,89
71518,1,osmand,2026-01-30 23:33:41,2026-01-30 23:33:40,2026-01-30 23:33:40,true,35.5041029,138.6873738,970.69,30.7904256,77.0,,0.0,1.4857647160304833E7,,8300985,in_vehicle,,89.8143064186919,true,89
71519,1,osmand,2026-01-30 23:33:46,2026-01-30 23:33:45,2026-01-30 23:33:45,true,35.504328,138.6882441,972.6,29.818505599999998,73.0,,0.0,1.4857729913796168E7,,8301052,in_vehicle,,82.75349133437199,true,89
71520,1,osmand,2026-01-30 23:33:52,2026-01-30 23:33:51,2026-01-30 23:33:51,true,35.5045129,138.6891041,974.79,25.678126400000004,86.0,,0.0,1.485781052088127E7,,8301136,in_vehicle,,80.60708510088138,true,89
71521,1,osmand,2026-01-30 23:33:58,2026-01-30 23:33:57,2026-01-30 23:33:57,true,35.5041411,138.6899618,975.1,27.991296000000002,122.0,,0.0,1.4857898580111142E7,,8301223,in_vehicle,,88.05922987314528,true,89
71522,1,osmand,2026-01-30 23:34:04,2026-01-30 23:34:03,2026-01-30 23:34:03,true,35.5039823,138.6907853,974.14,29.0215312,86.0,,0.0,1.4857975272736723E7,,8301301,in_vehicle,,76.69262557952145,true,89
71523,1,osmand,2026-01-30 23:34:09,2026-01-30 23:34:08,2026-01-30 23:34:08,true,35.5042229,138.6916263,974.44,22.8595584,58.0,,0.0,1.485805605534065E7,,8301399,in_vehicle,,80.78260392664617,true,89
71524,1,osmand,2026-01-30 23:34:14,2026-01-30 23:34:13,2026-01-30 23:34:13,true,35.5048024,138.6921172,973.25,25.8336336,30.0,,0.0,1.4858134416819932E7,,8301462,in_vehicle,,78.36147928153753,true,89
71525,1,osmand,2026-01-30 23:34:20,2026-01-30 23:34:19,2026-01-30 23:34:19,true,35.5052195,138.6927915,973.82,28.0496112,77.0,,0.0,1.485821116188484E7,,8301545,in_vehicle,,76.74506490895484,true,89
71526,1,osmand,2026-01-30 23:34:28,2026-01-30 23:34:27,2026-01-30 23:34:27,true,35.5054586,138.693598,973.67,16.5420784,62.0,,0.0,1.4858288943408078E7,,8301639,in_vehicle,,77.7815232368557,true,88
71527,1,osmand,2026-01-30 23:34:35,2026-01-30 23:34:34,2026-01-30 23:34:34,true,35.5057006,138.6944339,973.95,27.796912000000003,77.0,,0.0,1.48583693408992E7,,8301720,in_vehicle,,80.39749112142393,true,88
71528,1,osmand,2026-01-30 23:34:41,2026-01-30 23:34:40,2026-01-30 23:34:40,true,35.505881,138.6953571,973.36,27.330390400000002,75.0,,0.0,1.4858455378149467E7,,8301806,in_vehicle,,86.03725026654712,true,88
71529,1,osmand,2026-01-30 23:34:48,2026-01-30 23:34:47,2026-01-30 23:34:47,true,35.506025,138.6962887,975.18,22.6262976,87.0,,0.0,1.4858541308348069E7,,8301881,in_vehicle,,85.93019860263747,true,88
71530,1,osmand,2026-01-30 23:34:54,2026-01-30 23:34:53,2026-01-30 23:34:53,true,35.5057534,138.6972026,977.12,27.524774400000002,108.0,,0.0,1.4858629472499471E7,,8301967,in_vehicle,,88.16415140206539,true,88
71531,1,osmand,2026-01-30 23:35:00,2026-01-30 23:34:56,2026-01-30 23:34:56,true,35.5056451,138.6976382,976.17,26.4167856,107.0,,0.0,1.485867074675424E7,,8302023,in_vehicle,,41.274254769432005,true,88
71532,1,osmand,2026-01-30 23:35:00,2026-01-30 23:34:59,2026-01-30 23:34:59,true,35.5055582,138.6981067,975.44,29.2353536,105.0,,0.0,1.485871429064877E7,,8302066,in_vehicle,,43.54389452859204,true,88
71533,1,osmand,2026-01-30 23:35:06,2026-01-30 23:35:05,2026-01-30 23:35:05,true,35.5053757,138.699062,974.7,28.0496112,103.0,,0.0,1.48588032125157E7,,8302140,in_vehicle,,88.92186693172232,true,88
71534,1,osmand,2026-01-30 23:35:12,2026-01-30 23:35:11,2026-01-30 23:35:11,true,35.505214,138.6998998,972.96,20.604703999999998,101.0,,0.0,1.4858881239423914E7,,8302222,in_vehicle,,78.026908213718,true,88
71535,1,osmand,2026-01-30 23:35:20,2026-01-30 23:35:19,2026-01-30 23:35:19,true,35.5050587,138.7007554,970.11,17.883328,101.0,,0.0,1.48589606788114E7,,8302304,in_vehicle,,79.43938748484257,true,88
71536,1,osmand,2026-01-30 23:35:30,2026-01-30 23:35:29,2026-01-30 23:35:29,true,35.5049216,138.7016194,967.56,14.714868800000001,93.0,,0.0,1.4859040449196294E7,,8302385,in_vehicle,,79.77038489529741,true,88
71537,1,osmand,2026-01-30 23:36:15,2026-01-30 23:36:06,2026-01-30 23:36:06,true,35.5053291,138.7012967,952.8,9.194363200000002,256.0,,0.0,1.4859094420974107E7,,8302488,in_vehicle,,53.971777812583134,true,88
71538,1,osmand,2026-01-30 23:36:15,2026-01-30 23:36:14,2026-01-30 23:36:14,true,35.505259,138.700876,952.8,9.0971712,257.0,,0.0,1.4859133335647408E7,,8302526,in_vehicle,,38.91467330103885,true,88
71539,1,osmand,2026-01-30 23:37:17,2026-01-30 23:37:16,2026-01-30 23:37:16,true,35.5052508,138.7000443,954.4,1.3412495999999998,223.0,,0.0,1.4859208710657084E7,,8302604,in_vehicle,,75.37500967622854,true,88
71540,1,osmand,2026-01-30 23:37:34,2026-01-30 23:37:33,2026-01-30 23:37:33,true,35.5050384,138.700857,953.7,15.9006112,104.0,,0.0,1.4859286060816567E7,,8302667,in_vehicle,,77.35015948226967,true,88
71541,1,osmand,2026-01-30 23:37:41,2026-01-30 23:37:40,2026-01-30 23:37:40,true,35.5049349,138.7017236,953.7,24.395192,87.0,,0.0,1.485936543390439E7,,8302756,in_vehicle,,79.37308782276642,true,88
71542,1,osmand,2026-01-30 23:37:48,2026-01-30 23:37:47,2026-01-30 23:37:47,true,35.5050789,138.7026034,953.7,21.9459536,80.0,,0.0,1.4859446758012114E7,,8302837,in_vehicle,,81.32410772242939,true,88
71543,1,osmand,2026-01-30 23:37:55,2026-01-30 23:37:54,2026-01-30 23:37:54,true,35.5051686,138.7034669,953.7,21.459993599999997,79.0,,0.0,1.4859525643893944E7,,8302905,in_vehicle,,78.885881829539,true,88
71544,1,osmand,2026-01-30 23:38:10,2026-01-30 23:38:09,2026-01-30 23:38:09,true,35.5052895,138.7048997,953.7,17.5334368,85.0,,0.0,1.485965618134503E7,,8302982,in_vehicle,,130.53745108654118,true,88
71545,1,osmand,2026-01-30 23:38:15,2026-01-30 23:38:14,2026-01-30 23:38:14,true,35.5057068,138.7058369,953.7,23.1900112,57.0,,0.0,1.4859752985269906E7,,8303097,in_vehicle,,96.80392487579925,true,88
71546,1,osmand,2026-01-30 23:38:19,2026-01-30 23:38:18,2026-01-30 23:38:18,true,35.506218,138.7064013,953.7,23.695409599999998,45.0,,0.0,1.4859829498469995E7,,8303232,in_vehicle,,76.51320008865038,true,88
71547,1,osmand,2026-01-30 23:38:25,2026-01-30 23:38:24,2026-01-30 23:38:24,true,35.5065228,138.7072751,953.7,31.684592000000002,80.0,,0.0,1.485991564536775E7,,8303303,in_vehicle,,86.14689775542736,true,88
71548,1,osmand,2026-01-30 23:38:31,2026-01-30 23:38:30,2026-01-30 23:38:30,true,35.5067777,138.7081925,953.7,29.099284800000003,50.0,,0.0,1.4860003488776797E7,,8303396,in_vehicle,,87.8434090461137,true,88
71549,1,osmand,2026-01-30 23:38:36,2026-01-30 23:38:35,2026-01-30 23:38:35,true,35.5072745,138.7088102,953.7,27.5442128,46.0,,0.0,1.4860082176259747E7,,8303490,in_vehicle,,78.6874829487924,true,88
71550,1,osmand,2026-01-30 23:38:42,2026-01-30 23:38:41,2026-01-30 23:38:41,true,35.5077444,138.7094668,953.7,25.036659200000003,49.0,,0.0,1.4860161400583386E7,,8303569,in_vehicle,,79.22432363948883,true,88
71551,1,osmand,2026-01-30 23:38:57,2026-01-30 23:38:56,2026-01-30 23:38:56,true,35.5070458,138.7096,953.7,26.2612784,231.0,,0.0,1.4860240099532368E7,,8303744,in_vehicle,,78.69894898092038,true,88
71552,1,osmand,2026-01-30 23:39:13,2026-01-30 23:39:12,2026-01-30 23:39:12,true,35.5067313,138.710455,935.09,22.7623664,75.0,,0.0,1.4860325121601729E7,,8303894,in_vehicle,,85.02206936020661,true,88
71553,1,osmand,2026-01-30 23:39:19,2026-01-30 23:39:18,2026-01-30 23:39:18,true,35.506842,138.7112931,925.77,25.6392496,80.0,,0.0,1.4860402062864434E7,,8303970,in_vehicle,,76.94126270561026,true,88
71554,1,osmand,2026-01-30 23:39:26,2026-01-30 23:39:25,2026-01-30 23:39:25,true,35.5069986,138.7121825,916.29,24.1230544,77.0,,0.0,1.486048452325132E7,,8304065,in_vehicle,,82.46038688517571,true,88
71555,1,osmand,2026-01-30 23:39:33,2026-01-30 23:39:32,2026-01-30 23:39:32,true,35.507175,138.7131156,908.85,25.8725104,77.0,,0.0,1.4860571329977643E7,,8304152,in_vehicle,,86.80672632364731,true,88
71556,1,osmand,2026-01-30 23:39:39,2026-01-30 23:39:38,2026-01-30 23:39:38,true,35.5073331,138.7139849,903.8,27.252636799999998,76.0,,0.0,1.4860652046931012E7,,8304233,in_vehicle,,80.71695336888406,true,88
71557,1,osmand,2026-01-30 23:39:45,2026-01-30 23:39:44,2026-01-30 23:39:44,true,35.5074787,138.7148085,901.18,20.89628,78.0,,0.0,1.4860728420063712E7,,8304309,in_vehicle,,76.37313269968881,true,88
71558,1,osmand,2026-01-30 23:40:03,2026-01-30 23:40:02,2026-01-30 23:40:02,true,35.5078358,138.7155862,883.0,18.4081648,29.0,,0.0,1.4860809332354315E7,,8304394,in_vehicle,,80.91229060312676,true,88
71559,1,osmand,2026-01-30 23:40:11,2026-01-30 23:40:10,2026-01-30 23:40:10,true,35.5085549,138.7159752,883.0,24.0841776,17.0,,0.0,1.486089679983295E7,,8304492,in_vehicle,,87.46747863557064,true,88
71560,1,osmand,2026-01-30 23:40:17,2026-01-30 23:40:16,2026-01-30 23:40:16,true,35.5091683,138.7163446,883.0,24.9589056,31.0,,0.0,1.4860972846666303E7,,8304569,in_vehicle,,76.04683335303099,true,88
71561,1,osmand,2026-01-30 23:40:23,2026-01-30 23:40:22,2026-01-30 23:40:22,true,35.5097793,138.7168709,883.0,22.898435199999998,32.0,,0.0,1.4861055916920295E7,,8304652,in_vehicle,,83.07025399270638,true,88
71562,1,osmand,2026-01-30 23:40:30,2026-01-30 23:40:29,2026-01-30 23:40:29,true,35.5103849,138.7173354,883.0,22.4124752,31.0,,0.0,1.4861135392949624E7,,8304731,in_vehicle,,79.47602932837377,true,88
71563,1,osmand,2026-01-30 23:40:37,2026-01-30 23:40:36,2026-01-30 23:40:36,true,35.5110375,138.7178263,883.0,24.8228368,38.0,,0.0,1.4861220577001803E7,,8304816,in_vehicle,,85.18405217908028,true,88
71564,1,osmand,2026-01-30 23:40:44,2026-01-30 23:40:43,2026-01-30 23:40:43,true,35.511274,138.7186482,883.0,24.8033984,97.0,,0.0,1.4861299569262426E7,,8304899,in_vehicle,,78.99226062418266,true,88
71565,1,osmand,2026-01-30 23:40:50,2026-01-30 23:40:49,2026-01-30 23:40:49,true,35.5110845,138.7195686,883.0,28.866024,100.0,,0.0,1.48613855971431E7,,8304986,in_vehicle,,86.02788067357862,true,88
71566,1,osmand,2026-01-30 23:40:55,2026-01-30 23:40:54,2026-01-30 23:40:54,true,35.5109514,138.7203865,883.0,28.18568,101.0,,0.0,1.4861461177279804E7,,8305046,in_vehicle,,75.5801367033421,true,88
71567,1,osmand,2026-01-30 23:41:06,2026-01-30 23:41:00,2026-01-30 23:41:00,true,35.5107937,138.7213052,883.0,27.524774400000002,101.0,,0.0,1.486154625581999E7,,8305132,in_vehicle,,85.07854018625245,true,88
71568,1,osmand,2026-01-30 23:41:14,2026-01-30 23:41:13,2026-01-30 23:41:13,true,35.5119355,138.7232258,883.0,30.809864,102.0,,0.0,1.486176176270415E7,,8305357,in_vehicle,,215.50688416201112,true,88
71569,1,osmand,2026-01-30 23:41:20,2026-01-30 23:41:19,2026-01-30 23:41:19,true,35.5123416,138.7240634,883.0,31.781784000000002,77.0,,0.0,1.4861850103581082E7,,8305432,in_vehicle,,88.3408769304649,true,88
71570,1,osmand,2026-01-30 23:41:26,2026-01-30 23:41:24,2026-01-30 23:41:24,true,35.5123959,138.7250105,883.0,33.7839392,86.0,,0.0,1.4861936135735203E7,,8305534,in_vehicle,,86.03215411982892,true,88
71571,1,osmand,2026-01-30 23:41:50,2026-01-30 23:41:49,2026-01-30 23:41:49,true,35.514298,138.7286872,883.0,31.8984144,85.0,,0.0,1.4862330882298604E7,,8305929,in_vehicle,,394.7465634002121,true,88
71572,1,osmand,2026-01-30 23:41:54,2026-01-30 23:41:53,2026-01-30 23:41:53,true,35.5145286,138.7295298,883.0,34.6586672,78.0,,0.0,1.4862411430811495E7,,8306007,in_vehicle,,80.54851289028866,true,88
71573,1,osmand,2026-01-30 23:41:59,2026-01-30 23:41:58,2026-01-30 23:41:58,true,35.5146796,138.7304713,883.0,30.809864,79.0,,0.0,1.4862498380804991E7,,8306103,in_vehicle,,86.94999349697605,true,88
71574,1,osmand,2026-01-30 23:42:05,2026-01-30 23:42:04,2026-01-30 23:42:04,true,35.5146107,138.731416,892.84,26.5722928,114.0,,0.0,1.4862584323382087E7,,8306191,in_vehicle,,85.94257709536674,true,88
71575,1,osmand,2026-01-30 23:42:11,2026-01-30 23:42:10,2026-01-30 23:42:10,true,35.5141132,138.7321236,889.72,29.254792000000002,139.0,,0.0,1.486266904636949E7,,8306277,in_vehicle,,84.72298740160224,true,88
71576,1,osmand,2026-01-30 23:42:17,2026-01-30 23:42:16,2026-01-30 23:42:16,true,35.5133541,138.7324639,882.32,29.6629984,169.0,,0.0,1.4862758999108054E7,,8306367,in_vehicle,,89.95273856497613,true,87
71577,1,osmand,2026-01-30 23:42:23,2026-01-30 23:42:22,2026-01-30 23:42:22,true,35.5126348,138.7326908,879.29,26.2224016,165.0,,0.0,1.4862841668649945E7,,8306449,in_vehicle,,82.66954189105726,true,87
71578,1,osmand,2026-01-30 23:42:28,2026-01-30 23:42:27,2026-01-30 23:42:27,true,35.5126108,138.7335404,877.11,28.885462399999998,85.0,,0.0,1.4862918699528635E7,,8306531,in_vehicle,,77.03087868862276,true,87
71579,1,osmand,2026-01-30 23:42:33,2026-01-30 23:42:32,2026-01-30 23:42:32,true,35.5127253,138.734398,877.8,24.356315199999997,82.0,,0.0,1.4862997447304076E7,,8306596,in_vehicle,,78.74777544067929,true,87
71580,1,osmand,2026-01-30 23:42:39,2026-01-30 23:42:38,2026-01-30 23:42:38,true,35.5133595,138.7348553,878.84,27.8746656,18.0,,0.0,1.4863079308255693E7,,8306694,in_vehicle,,81.86095161651465,true,87
71581,1,osmand,2026-01-30 23:42:45,2026-01-30 23:42:44,2026-01-30 23:42:44,true,35.5141187,138.7350726,877.61,25.8725104,14.0,,0.0,1.4863166085360112E7,,8306780,in_vehicle,,86.77710441805081,true,87
71582,1,osmand,2026-01-30 23:42:51,2026-01-30 23:42:50,2026-01-30 23:42:50,true,35.5147087,138.7356982,879.28,29.0409696,48.0,,0.0,1.486325284347888E7,,8306869,in_vehicle,,86.75811876944049,true,87
71583,1,osmand,2026-01-30 23:42:57,2026-01-30 23:42:56,2026-01-30 23:42:56,true,35.5151782,138.7364492,877.95,24.5118224,54.0,,0.0,1.4863338646332396E7,,8306942,in_vehicle,,85.80285351561817,true,87
71584,1,osmand,2026-01-30 23:43:03,2026-01-30 23:43:02,2026-01-30 23:43:02,true,35.5152614,138.7373288,878.59,30.6932336,109.0,,0.0,1.486341888300849E7,,8307022,in_vehicle,,80.23667609235832,true,87
71585,1,osmand,2026-01-30 23:43:08,2026-01-30 23:43:07,2026-01-30 23:43:07,true,35.5149209,138.7381261,880.43,30.9459328,123.0,,0.0,1.4863500466247808E7,,8307120,in_vehicle,,81.58323931820287,true,87
71586,1,osmand,2026-01-30 23:43:14,2026-01-30 23:43:13,2026-01-30 23:43:13,true,35.5144229,138.7387166,880.93,20.9545952,137.0,,0.0,1.4863577512357483E7,,8307197,in_vehicle,,77.04610967499357,true,87
71587,1,osmand,2026-01-30 23:43:23,2026-01-30 23:43:22,2026-01-30 23:43:22,true,35.5143719,138.7396644,881.11,24.3757536,81.0,,0.0,1.486366358060734E7,,8307292,in_vehicle,,86.06824985756714,true,87
71588,1,osmand,2026-01-30 23:43:31,2026-01-30 23:43:30,2026-01-30 23:43:30,true,35.5146522,138.7405146,883.28,29.8573824,46.0,,0.0,1.4863746696978092E7,,8307366,in_vehicle,,83.11637075206878,true,87
71589,1,osmand,2026-01-30 23:43:39,2026-01-30 23:43:38,2026-01-30 23:43:38,true,35.5153949,138.740642,880.67,22.3152832,343.0,,0.0,1.4863830175964864E7,,8307468,in_vehicle,,83.47898677121992,true,87
71590,1,osmand,2026-01-30 23:43:44,2026-01-30 23:43:43,2026-01-30 23:43:43,true,35.5160182,138.7402206,880.92,29.7990672,337.0,,0.0,1.486390937355942E7,,8307561,in_vehicle,,79.19759455710184,true,87
71591,1,osmand,2026-01-30 23:43:50,2026-01-30 23:43:49,2026-01-30 23:43:49,true,35.5167369,138.7399406,882.27,26.1835248,349.0,,0.0,1.48639933051166E7,,8307631,in_vehicle,,83.93155717941244,true,87
71592,1,osmand,2026-01-30 23:43:56,2026-01-30 23:43:55,2026-01-30 23:43:55,true,35.5175238,138.740105,883.07,30.421096000000002,14.0,,0.0,1.4864082159918036E7,,8307734,in_vehicle,,88.85480143743318,true,87
71593,1,osmand,2026-01-30 23:44:01,2026-01-30 23:44:00,2026-01-30 23:44:00,true,35.5182258,138.7402778,884.03,28.7299552,13.0,,0.0,1.4864161859217482E7,,8307798,in_vehicle,,79.69929944559763,true,87
71594,1,osmand,2026-01-30 23:44:07,2026-01-30 23:44:06,2026-01-30 23:44:06,true,35.5189945,138.7405553,885.86,26.455662399999998,26.0,,0.0,1.4864251047915138E7,,8307887,in_vehicle,,89.18869765731348,true,87
71595,1,osmand,2026-01-30 23:44:14,2026-01-30 23:44:13,2026-01-30 23:44:13,true,35.5196963,138.7409554,891.11,21.6932544,19.0,,0.0,1.4864337172849895E7,,8307988,in_vehicle,,86.12493475760448,true,87
71596,1,osmand,2026-01-30 23:44:22,2026-01-30 23:44:21,2026-01-30 23:44:21,true,35.5204157,138.7411283,893.21,19.4772768,13.0,,0.0,1.4864418773909466E7,,8308069,in_vehicle,,81.60105957072544,true,87
71597,1,osmand,2026-01-30 23:44:30,2026-01-30 23:44:29,2026-01-30 23:44:29,true,35.5211152,138.741345,884.74,20.9545952,15.0,,0.0,1.486449907900319E7,,8308149,in_vehicle,,80.30509372441486,true,87
71598,1,osmand,2026-01-30 23:44:37,2026-01-30 23:44:36,2026-01-30 23:44:36,true,35.521771,138.7415561,883.71,20.799087999999998,15.0,,0.0,1.4864574546200776E7,,8308213,in_vehicle,,75.46719758673802,true,87
71599,1,osmand,2026-01-30 23:44:46,2026-01-30 23:44:45,2026-01-30 23:44:45,true,35.5223497,138.742088,882.61,20.3325664,67.0,,0.0,1.4864654997465083E7,,8308309,in_vehicle,,80.45126430735692,true,87
71600,1,osmand,2026-01-30 23:44:54,2026-01-30 23:44:53,2026-01-30 23:44:53,true,35.5226935,138.7429277,882.06,21.0517872,63.0,,0.0,1.4864740159626426E7,,8308394,in_vehicle,,85.16216134230972,true,87
71601,1,osmand,2026-01-30 23:45:01,2026-01-30 23:45:00,2026-01-30 23:45:00,true,35.5230378,138.743698,880.94,21.0323488,62.0,,0.0,1.4864819781432565E7,,8308463,in_vehicle,,79.62180614000253,true,87
71602,1,osmand,2026-01-30 23:45:09,2026-01-30 23:45:08,2026-01-30 23:45:08,true,35.5233707,138.7445009,880.49,20.002113599999998,63.0,,0.0,1.4864901420313567E7,,8308545,in_vehicle,,81.63888100121801,true,87
71603,1,osmand,2026-01-30 23:45:17,2026-01-30 23:45:16,2026-01-30 23:45:16,true,35.5237042,138.7452929,879.62,18.6414256,63.0,,0.0,1.4864982210901808E7,,8308627,in_vehicle,,80.79058824143142,true,87
71604,1,osmand,2026-01-30 23:45:25,2026-01-30 23:45:24,2026-01-30 23:45:24,true,35.5240007,138.7460602,881.19,18.8941248,65.0,,0.0,1.4865059165939903E7,,8308703,in_vehicle,,76.95503809546965,true,87
71605,1,osmand,2026-01-30 23:45:32,2026-01-30 23:45:31,2026-01-30 23:45:31,true,35.5242231,138.7468674,880.76,20.138182399999998,74.0,,0.0,1.4865136374967173E7,,8308790,in_vehicle,,77.2090272696452,true,87
71606,1,osmand,2026-01-30 23:45:40,2026-01-30 23:45:39,2026-01-30 23:45:39,true,35.524015,138.7476584,878.86,18.6025488,122.0,,0.0,1.4865211690475527E7,,8308870,in_vehicle,,75.31550835399563,true,87
71607,1,osmand,2026-01-30 23:45:48,2026-01-30 23:45:47,2026-01-30 23:45:47,true,35.5237966,138.7485761,876.78,24.5312608,97.0,,0.0,1.4865298315732652E7,,8308958,in_vehicle,,86.62525712590339,true,87
71608,1,osmand,2026-01-30 23:45:55,2026-01-30 23:45:54,2026-01-30 23:45:54,true,35.5238094,138.7494152,875.65,21.479432000000003,79.0,,0.0,1.4865374351596484E7,,8309024,in_vehicle,,76.03586383143632,true,87
71609,1,osmand,2026-01-30 23:46:02,2026-01-30 23:46:01,2026-01-30 23:46:01,true,35.5239564,138.7503265,876.56,23.8703552,91.0,,0.0,1.4865458521382121E7,,8309120,in_vehicle,,84.16978563806707,true,87
71610,1,osmand,2026-01-30 23:46:08,2026-01-30 23:46:07,2026-01-30 23:46:07,true,35.5235072,138.7510149,877.81,25.9697024,136.0,,0.0,1.4865538461240062E7,,8309201,in_vehicle,,79.93985794156006,true,87
71611,1,osmand,2026-01-30 23:46:14,2026-01-30 23:46:13,2026-01-30 23:46:13,true,35.5229735,138.7516779,875.25,28.3995024,135.0,,0.0,1.4865622947263943E7,,8309285,in_vehicle,,84.48602388141316,true,87
71612,1,osmand,2026-01-30 23:46:20,2026-01-30 23:46:19,2026-01-30 23:46:19,true,35.522612,138.7525513,874.26,28.477256,96.0,,0.0,1.4865711723091822E7,,8309377,in_vehicle,,88.77582787909066,true,87
71613,1,osmand,2026-01-30 23:46:26,2026-01-30 23:46:25,2026-01-30 23:46:25,true,35.522564,138.7535059,873.6,27.3498288,91.0,,0.0,1.4865798376121404E7,,8309464,in_vehicle,,86.65302958168057,true,87
71614,1,osmand,2026-01-30 23:46:32,2026-01-30 23:46:31,2026-01-30 23:46:31,true,35.5226967,138.754433,873.37,28.8271472,74.0,,0.0,1.4865883661725681E7,,8309550,in_vehicle,,85.28560427795097,true,87
71615,1,osmand,2026-01-30 23:46:38,2026-01-30 23:46:37,2026-01-30 23:46:37,true,35.5227072,138.7554199,874.1,29.449176,101.0,,0.0,1.4865973083792612E7,,8309640,in_vehicle,,89.4220669308966,true,87
71616,1,osmand,2026-01-30 23:46:44,2026-01-30 23:46:43,2026-01-30 23:46:43,true,35.522525,138.7563522,873.9,28.1662416,103.0,,0.0,1.4866059952465203E7,,8309727,in_vehicle,,86.86867259141707,true,87
71617,1,osmand,2026-01-30 23:46:54,2026-01-30 23:46:53,2026-01-30 23:46:53,true,35.5220802,138.7577079,873.35,26.1835248,109.0,,0.0,1.4866192385996835E7,,8309860,in_vehicle,,132.4335316319623,true,87
71618,1,osmand,2026-01-30 23:46:57,2026-01-30 23:46:56,2026-01-30 23:46:56,true,35.5232458,138.7583046,872.96,30.032328,64.0,,0.0,1.4866332951927993E7,,8310000,in_vehicle,,140.56593115763394,true,87
71619,1,osmand,2026-01-30 23:46:59,2026-01-30 23:46:58,2026-01-30 23:46:58,true,35.5239432,138.7581992,873.19,29.215915199999998,37.0,,0.0,1.4866411171232462E7,,8310000,in_vehicle,,78.21930446940387,true,87
71620,1,osmand,2026-01-30 23:47:03,2026-01-30 23:47:02,2026-01-30 23:47:02,true,35.5247179,138.7583105,874.87,30.012889599999998,36.0,,0.0,1.4866497997971885E7,,8310116,in_vehicle,,86.82673942208042,true,87
71621,1,osmand,2026-01-30 23:47:08,2026-01-30 23:47:07,2026-01-30 23:47:07,true,35.525205,138.7589073,876.79,30.0517664,55.0,,0.0,1.4866574572806938E7,,8310227,in_vehicle,,76.57483505274016,true,87
71622,1,osmand,2026-01-30 23:47:14,2026-01-30 23:47:13,2026-01-30 23:47:13,true,35.525423,138.7598381,876.81,27.524774400000002,72.0,,0.0,1.4866662324106181E7,,8310317,in_vehicle,,87.75129924397078,true,87
71623,1,osmand,2026-01-30 23:47:20,2026-01-30 23:47:19,2026-01-30 23:47:19,true,35.5256219,138.7606382,874.46,21.343363200000002,73.0,,0.0,1.4866738117835874E7,,8310406,in_vehicle,,75.79372969351553,true,87
71624,1,osmand,2026-01-30 23:47:42,2026-01-30 23:47:41,2026-01-30 23:47:41,true,35.5258162,138.7614831,884.8,18.660864,104.0,,0.0,1.4866817661190348E7,,8310478,in_vehicle,,79.54335447419423,true,87
71625,1,osmand,2026-01-30 23:47:49,2026-01-30 23:47:48,2026-01-30 23:47:48,true,35.5253593,138.762217,884.8,23.81204,129.0,,0.0,1.4866901374021072E7,,8310572,in_vehicle,,83.71283072381662,true,87
71626,1,osmand,2026-01-30 23:47:56,2026-01-30 23:47:55,2026-01-30 23:47:55,true,35.5250965,138.7630431,884.8,23.0928192,98.0,,0.0,1.4866981731801895E7,,8310641,in_vehicle,,80.3577808237791,true,87
71627,1,osmand,2026-01-30 23:48:02,2026-01-30 23:48:01,2026-01-30 23:48:01,true,35.5249922,138.7639052,884.8,26.2029632,99.0,,0.0,1.4867060695173038E7,,8310732,in_vehicle,,78.9633711426472,true,87
71628,1,osmand,2026-01-30 23:48:08,2026-01-30 23:48:07,2026-01-30 23:48:07,true,35.5248694,138.7647567,884.8,24.978344,102.0,,0.0,1.4867139041841887E7,,8310811,in_vehicle,,78.34666884923328,true,87
71629,1,osmand,2026-01-30 23:48:14,2026-01-30 23:48:13,2026-01-30 23:48:13,true,35.5245355,138.7655017,884.8,26.0668944,127.0,,0.0,1.4867216095891804E7,,8310889,in_vehicle,,77.05404991638717,true,87
71630,1,osmand,2026-01-30 23:48:20,2026-01-30 23:48:19,2026-01-30 23:48:19,true,35.524107,138.7662179,884.8,26.3584704,122.0,,0.0,1.4867296629710061E7,,8310970,in_vehicle,,80.53381825766724,true,87
71631,1,osmand,2026-01-30 23:48:26,2026-01-30 23:48:25,2026-01-30 23:48:25,true,35.5238079,138.7669921,884.8,26.2612784,107.0,,0.0,1.4867374273523828E7,,8311048,in_vehicle,,77.6438137673034,true,87
71632,1,osmand,2026-01-30 23:48:32,2026-01-30 23:48:31,2026-01-30 23:48:31,true,35.5236167,138.767901,884.8,27.3692672,108.0,,0.0,1.4867459326243427E7,,8311119,in_vehicle,,85.05271959936653,true,87
71633,1,osmand,2026-01-30 23:48:38,2026-01-30 23:48:37,2026-01-30 23:48:37,true,35.5232124,138.7686644,884.8,28.8465856,136.0,,0.0,1.4867541844723728E7,,8311216,in_vehicle,,82.51848030179073,true,87
71634,1,osmand,2026-01-30 23:48:44,2026-01-30 23:48:43,2026-01-30 23:48:43,true,35.522656,138.7691977,884.8,24.025862399999998,142.0,,0.0,1.4867620399930539E7,,8311282,in_vehicle,,78.55520681140808,true,87
71635,1,osmand,2026-01-30 23:48:53,2026-01-30 23:48:52,2026-01-30 23:48:52,true,35.5221256,138.7697499,884.8,6.6479327999999995,116.0,,0.0,1.4867697789862074E7,,8311369,in_vehicle,,77.38993153605333,true,87
71636,1,osmand,2026-01-31 00:00:12,2026-01-31 00:00:11,2026-01-31 00:00:11,true,35.5221388,138.7701203,879.9,1.8466479999999998,127.0,,0.0,1.4867731380978148E7,,8311400,still,,33.59111607426041,true,85
71637,1,osmand,2026-01-31 00:01:11,2026-01-31 00:01:10,2026-01-31 00:01:10,true,35.5218274,138.7709177,883.1,25.6198112,67.0,,0.0,1.4867811513103226E7,,8311545,in_vehicle,,80.13212507799628,true,85
71638,1,osmand,2026-01-31 00:01:17,2026-01-31 00:01:16,2026-01-31 00:01:16,true,35.5219053,138.7717833,883.1,24.492383999999998,97.0,,0.0,1.4867890416388873E7,,8311626,in_vehicle,,78.90328564647308,true,85
71639,1,osmand,2026-01-31 00:01:23,2026-01-31 00:01:22,2026-01-31 00:01:22,true,35.5216474,138.7726218,883.1,25.9697024,114.0,,0.0,1.4867971630151536E7,,8311694,in_vehicle,,81.21376266351166,true,85
71640,1,osmand,2026-01-31 00:01:29,2026-01-31 00:01:28,2026-01-31 00:01:28,true,35.5213931,138.7733936,883.1,25.328235199999998,107.0,,0.0,1.4868047070030985E7,,8311770,in_vehicle,,75.43987944945003,true,85
71641,1,osmand,2026-01-31 00:01:35,2026-01-31 00:01:34,2026-01-31 00:01:34,true,35.5211946,138.7742186,883.1,26.3973472,106.0,,0.0,1.4868125015176944E7,,8311847,in_vehicle,,77.94514595929603,true,85
71642,1,osmand,2026-01-31 00:01:40,2026-01-31 00:01:39,2026-01-31 00:01:39,true,35.5210038,138.7750498,883.1,33.822815999999996,106.0,,0.0,1.4868203262344647E7,,8311939,in_vehicle,,78.24716770335826,true,85
71643,1,osmand,2026-01-31 00:01:45,2026-01-31 00:01:44,2026-01-31 00:01:44,true,35.5207903,138.775885,883.1,26.630608,109.0,,0.0,1.4868282578766102E7,,8312004,in_vehicle,,79.31642145388199,true,85
71644,1,osmand,2026-01-31 00:01:51,2026-01-31 00:01:50,2026-01-31 00:01:50,true,35.52057,138.7766999,883.1,25.2116048,113.0,,0.0,1.4868360377883783E7,,8312084,in_vehicle,,77.79911768008459,true,85
71645,1,osmand,2026-01-31 00:01:59,2026-01-31 00:01:58,2026-01-31 00:01:58,true,35.5202421,138.7774394,883.1,20.3714432,120.0,,0.0,1.4868436677183574E7,,8312162,in_vehicle,,76.29929979070998,true,85
71646,1,osmand,2026-01-31 00:02:06,2026-01-31 00:02:05,2026-01-31 00:02:05,true,35.5198494,138.7781656,883.1,22.84012,124.0,,0.0,1.4868515672375519E7,,8312252,in_vehicle,,78.99519194502244,true,85
71647,1,osmand,2026-01-31 00:02:13,2026-01-31 00:02:12,2026-01-31 00:02:12,true,35.5194281,138.7789159,883.1,22.9761888,124.0,,0.0,1.4868598261053696E7,,8312335,in_vehicle,,82.58867817762527,true,85
71648,1,osmand,2026-01-31 00:02:28,2026-01-31 00:02:26,2026-01-31 00:02:26,true,35.5206181,138.7764254,883.1,0.0,0.0,,300.0,1.4868859921732746E7,,8312335,in_vehicle,,261.6606790488633,true,85
71649,1,osmand,2026-01-31 00:04:46,2026-01-31 00:04:45,2026-01-31 00:04:45,true,35.5001524,138.790627,846.6,0.0,0.0,,110.0,1.4871476484422699E7,,8312335,in_vehicle,,2616.562689953427,true,85
71650,1,osmand,2026-01-31 00:04:51,2026-01-31 00:04:50,2026-01-31 00:04:50,true,35.4996837,138.7912276,846.6,19.3217696,126.0,,0.0,1.4871551883135285E7,,8314821,in_vehicle,,75.39871258646468,true,85
71651,1,osmand,2026-01-31 00:04:58,2026-01-31 00:04:57,2026-01-31 00:04:57,true,35.4990039,138.7912235,846.6,18.6025488,157.0,,0.0,1.4871627559037356E7,,8314871,in_vehicle,,75.67590207123195,true,85
71652,1,osmand,2026-01-31 00:05:07,2026-01-31 00:05:05,2026-01-31 00:05:05,true,35.4983068,138.7915292,846.6,19.166262399999997,163.0,,0.0,1.4871709957218075E7,,8314981,in_vehicle,,82.3981807197021,true,85
71653,1,osmand,2026-01-31 00:05:24,2026-01-31 00:05:23,2026-01-31 00:05:23,true,35.4980449,138.7923312,832.5,14.7343072,68.0,,0.0,1.4871788270803574E7,,8315100,in_vehicle,,78.31358549916888,true,85
71654,1,osmand,2026-01-31 00:05:34,2026-01-31 00:05:33,2026-01-31 00:05:33,true,35.498281,138.793181,832.5,16.52264,75.0,,0.0,1.4871869648418155E7,,8315173,in_vehicle,,81.3776145794792,true,85
71655,1,osmand,2026-01-31 00:05:43,2026-01-31 00:05:42,2026-01-31 00:05:42,true,35.4984478,138.7940589,832.5,14.442731199999999,73.0,,0.0,1.4871951349364072E7,,8315255,in_vehicle,,81.70094591820956,true,85
71656,1,osmand,2026-01-31 00:05:53,2026-01-31 00:05:52,2026-01-31 00:05:52,true,35.4986403,138.7949518,832.5,17.3584912,76.0,,0.0,1.4872035060846837E7,,8315329,in_vehicle,,83.71148276468327,true,85
71657,1,osmand,2026-01-31 00:06:03,2026-01-31 00:06:02,2026-01-31 00:06:02,true,35.4988811,138.7957604,832.5,14.8898144,65.0,,0.0,1.4872113091661064E7,,8315425,in_vehicle,,78.03081422675167,true,85
71658,1,osmand,2026-01-31 00:06:13,2026-01-31 00:06:12,2026-01-31 00:06:12,true,35.4991748,138.7965573,832.5,15.8617344,51.0,,0.0,1.4872192368854355E7,,8315504,in_vehicle,,79.27719329201626,true,85
71659,1,osmand,2026-01-31 00:06:21,2026-01-31 00:06:20,2026-01-31 00:06:20,true,35.4994501,138.7973294,832.5,16.9697232,80.0,,0.0,1.487226875932736E7,,8315582,in_vehicle,,76.39047300472915,true,85
71660,1,osmand,2026-01-31 00:06:37,2026-01-31 00:06:36,2026-01-31 00:06:36,true,35.4991052,138.7980733,817.0,13.2764272,167.0,,0.0,1.4872346343409369E7,,8315669,in_vehicle,,77.58408200918564,true,85
71661,1,osmand,2026-01-31 00:06:55,2026-01-31 00:06:54,2026-01-31 00:06:54,true,35.4985298,138.7985668,813.7,10.3217904,169.0,,0.0,1.4872424466047836E7,,8315755,in_vehicle,,78.12263846701404,true,85
71662,1,osmand,2026-01-31 00:07:19,2026-01-31 00:07:18,2026-01-31 00:07:18,true,35.4981068,138.7992866,811.2,12.6932752,91.0,,0.0,1.4872504920070902E7,,8315845,in_vehicle,,80.45402306532586,true,85
71663,1,osmand,2026-01-31 00:07:41,2026-01-31 00:07:40,2026-01-31 00:07:40,true,35.4986222,138.7998354,809.7,7.833675200000001,72.0,,0.0,1.487258085135192E7,,8315917,in_vehicle,,75.93128101874882,true,85
71664,1,osmand,2026-01-31 00:07:55,2026-01-31 00:07:54,2026-01-31 00:07:54,true,35.4986643,138.8007435,809.9,17.377929599999998,84.0,,0.0,1.4872663284382155E7,,8316018,in_vehicle,,82.43303023550641,true,84
71665,1,osmand,2026-01-31 00:08:05,2026-01-31 00:08:04,2026-01-31 00:08:04,true,35.4988808,138.8015876,809.9,17.6500672,64.0,,0.0,1.4872743490328295E7,,8316100,in_vehicle,,80.20594613945354,true,84
71666,1,osmand,2026-01-31 00:08:17,2026-01-31 00:08:16,2026-01-31 00:08:16,true,35.4991537,138.8023762,809.9,12.1878768,62.0,,0.0,1.487282114820125E7,,8316166,in_vehicle,,77.65787295457315,true,84
71667,1,osmand,2026-01-31 00:08:27,2026-01-31 00:08:26,2026-01-31 00:08:26,true,35.4994335,138.8031679,809.9,18.6414256,60.0,,0.0,1.4872899367159912E7,,8316257,in_vehicle,,78.21895866294929,true,84
71668,1,osmand,2026-01-31 00:08:37,2026-01-31 00:08:36,2026-01-31 00:08:36,true,35.4997616,138.8039204,809.9,16.814216000000002,65.0,,0.0,1.4872976728919907E7,,8316327,in_vehicle,,77.36175999497468,true,84
71669,1,osmand,2026-01-31 00:08:45,2026-01-31 00:08:44,2026-01-31 00:08:44,true,35.50007,138.8046912,809.9,12.6932752,69.0,,0.0,1.4873054564494891E7,,8316404,in_vehicle,,77.83557498526157,true,84
71670,1,osmand,2026-01-31 00:08:54,2026-01-31 00:08:53,2026-01-31 00:08:53,true,35.5004218,138.8055197,809.9,22.6651744,61.0,,0.0,1.4873139248090519E7,,8316485,in_vehicle,,84.68359562730667,true,84
71671,1,osmand,2026-01-31 00:09:05,2026-01-31 00:09:04,2026-01-31 00:09:04,true,35.500784,138.8062461,809.9,20.89628,55.0,,0.0,1.4873216445265712E7,,8316564,in_vehicle,,77.19717519335069,true,84
71672,1,osmand,2026-01-31 00:09:14,2026-01-31 00:09:13,2026-01-31 00:09:13,true,35.5012707,138.8069695,809.9,25.9113872,55.0,,0.0,1.487330149422626E7,,8316648,in_vehicle,,85.04896054803177,true,84
71673,1,osmand,2026-01-31 00:09:22,2026-01-31 00:09:21,2026-01-31 00:09:21,true,35.5017017,138.8076883,789.96,15.278582400000001,54.0,,0.0,1.4873382397634052E7,,8316733,in_vehicle,,80.90340779157137,true,84
71674,1,osmand,2026-01-31 00:09:31,2026-01-31 00:09:30,2026-01-31 00:09:30,true,35.5021111,138.808434,786.71,18.0193968,63.0,,0.0,1.487346390784553E7,,8316822,in_vehicle,,81.51021147807289,true,84
71675,1,osmand,2026-01-31 00:09:44,2026-01-31 00:09:43,2026-01-31 00:09:43,true,35.5024384,138.8091906,788.2,23.8703552,59.0,,0.0,1.4873541553511748E7,,8316888,in_vehicle,,77.64566621711128,true,84
71676,1,osmand,2026-01-31 00:09:52,2026-01-31 00:09:51,2026-01-31 00:09:51,true,35.5028003,138.809922,788.2,5.2094912,39.0,,0.0,1.4873619118689157E7,,8316961,in_vehicle,,77.56517740817301,true,84
71677,1,osmand,2026-01-31 00:10:14,2026-01-31 00:10:13,2026-01-31 00:10:13,true,35.5031059,138.8106738,795.2,22.004268800000002,67.0,,0.0,1.4873695270620849E7,,8317054,in_vehicle,,76.15193169245676,true,84
71678,1,osmand,2026-01-31 00:10:22,2026-01-31 00:10:21,2026-01-31 00:10:21,true,35.5034339,138.8115316,795.2,20.7407728,64.0,,0.0,1.4873781155222572E7,,8317140,in_vehicle,,85.88460172320781,true,84
71679,1,osmand,2026-01-31 00:10:30,2026-01-31 00:10:29,2026-01-31 00:10:29,true,35.5037253,138.8123567,795.2,21.926515199999997,69.0,,0.0,1.4873862661353093E7,,8317222,in_vehicle,,81.50613051988613,true,84
71680,1,osmand,2026-01-31 00:10:37,2026-01-31 00:10:36,2026-01-31 00:10:36,true,35.5039714,138.8131811,795.2,23.831478399999998,65.0,,0.0,1.4873942235211676E7,,8317289,in_vehicle,,79.57385858290185,true,84
71681,1,osmand,2026-01-31 00:10:48,2026-01-31 00:10:47,2026-01-31 00:10:47,true,35.5042406,138.8139623,795.2,4.7040928,48.0,,0.0,1.4874019110714851E7,,8317376,in_vehicle,,76.87550317420202,true,84
71682,1,osmand,2026-01-31 00:10:58,2026-01-31 00:10:57,2026-01-31 00:10:57,true,35.5044248,138.8148655,795.2,24.0647392,75.0,,0.0,1.4874103489922287E7,,8317450,in_vehicle,,84.37920743540244,true,84
71683,1,osmand,2026-01-31 00:11:06,2026-01-31 00:11:05,2026-01-31 00:11:05,true,35.5046375,138.8157559,795.2,21.965392,76.0,,0.0,1.4874187581853518E7,,8317535,in_vehicle,,84.09193123184514,true,84
71684,1,osmand,2026-01-31 00:11:14,2026-01-31 00:11:13,2026-01-31 00:11:13,true,35.5047683,138.8166713,795.2,22.6846128,80.0,,0.0,1.4874271805055281E7,,8317621,in_vehicle,,84.2232017628277,true,84
71685,1,osmand,2026-01-31 00:11:24,2026-01-31 00:11:23,2026-01-31 00:11:23,true,35.5048796,138.8175448,795.2,13.995648000000001,87.0,,0.0,1.4874351926688667E7,,8317712,in_vehicle,,80.12163338614637,true,84
71686,1,osmand,2026-01-31 00:11:34,2026-01-31 00:11:33,2026-01-31 00:11:33,true,35.5050704,138.8183982,795.2,16.8530928,65.0,,0.0,1.487443212656031E7,,8317793,in_vehicle,,80.1998716423692,true,84
71687,1,osmand,2026-01-31 00:11:53,2026-01-31 00:11:52,2026-01-31 00:11:52,true,35.5046155,138.8190465,771.5,7.891990399999999,147.0,,0.0,1.4874509688678488E7,,8317886,in_vehicle,,77.56211817819934,true,84
71688,1,osmand,2026-01-31 00:12:10,2026-01-31 00:12:09,2026-01-31 00:12:09,true,35.5044583,138.8198643,773.1,13.023728,97.0,,0.0,1.487458583720415E7,,8317924,in_vehicle,,76.14852566272685,true,84
71689,1,osmand,2026-01-31 00:12:27,2026-01-31 00:12:26,2026-01-31 00:12:26,true,35.5047579,138.8206379,772.8,21.265609599999998,54.0,,0.0,1.4874663471068515E7,,8318042,in_vehicle,,77.633864363516,true,84
71690,1,osmand,2026-01-31 00:12:33,2026-01-31 00:12:32,2026-01-31 00:12:32,true,35.5052239,138.8213642,772.8,25.0560976,52.0,,0.0,1.4874747274677671E7,,8318112,in_vehicle,,83.8036091573243,true,84
71691,1,osmand,2026-01-31 00:12:39,2026-01-31 00:12:38,2026-01-31 00:12:38,true,35.5057234,138.8220484,772.8,28.67164,47.0,,0.0,1.4874830558236578E7,,8318194,in_vehicle,,83.2835589070021,true,84
71692,1,osmand,2026-01-31 00:12:45,2026-01-31 00:12:44,2026-01-31 00:12:44,true,35.5062344,138.8228094,772.8,27.69972,50.0,,0.0,1.4874919953820348E7,,8318284,in_vehicle,,89.39558376996729,true,84
71693,1,osmand,2026-01-31 00:12:50,2026-01-31 00:12:49,2026-01-31 00:12:49,true,35.5066645,138.8234571,772.8,30.6932336,51.0,,0.0,1.487499569930369E7,,8318374,in_vehicle,,75.74548334196953,true,84
71694,1,osmand,2026-01-31 00:12:55,2026-01-31 00:12:54,2026-01-31 00:12:54,true,35.5071224,138.8241563,772.8,31.1403168,51.0,,0.0,1.4875077018865814E7,,8318439,in_vehicle,,81.31956212412119,true,84
71695,1,osmand,2026-01-31 00:13:00,2026-01-31 00:12:59,2026-01-31 00:12:59,true,35.5076002,138.8248185,772.8,29.6629984,49.0,,0.0,1.4875157205706934E7,,8318520,in_vehicle,,80.18684111999129,true,84
71696,1,osmand,2026-01-31 00:13:06,2026-01-31 00:13:05,2026-01-31 00:13:05,true,35.5080613,138.8255964,772.8,27.136006400000003,50.0,,0.0,1.4875244405503735E7,,8318609,in_vehicle,,87.1997968023082,true,84
71697,1,osmand,2026-01-31 00:13:13,2026-01-31 00:13:11,2026-01-31 00:13:11,true,35.5084851,138.8262845,772.8,23.32608,53.0,,0.0,1.4875322595688479E7,,8318689,in_vehicle,,78.19018474382271,true,84
71698,1,osmand,2026-01-31 00:13:27,2026-01-31 00:13:26,2026-01-31 00:13:26,true,35.5083423,138.8271617,754.1,20.2936896,142.0,,0.0,1.4875403659209775E7,,8318807,in_vehicle,,81.06352129486257,true,84
71699,1,osmand,2026-01-31 00:13:34,2026-01-31 00:13:33,2026-01-31 00:13:33,true,35.5078164,138.8276919,754.1,19.92436,139.0,,0.0,1.4875479393281002E7,,8318872,in_vehicle,,75.73407122757341,true,84
71700,1,osmand,2026-01-31 00:13:41,2026-01-31 00:13:40,2026-01-31 00:13:40,true,35.5072566,138.8282398,754.1,22.256968,144.0,,0.0,1.4875559070573237E7,,8318962,in_vehicle,,79.67729223433223,true,84
71701,1,osmand,2026-01-31 00:14:02,2026-01-31 00:14:01,2026-01-31 00:14:01,true,35.5074733,138.829052,747.2,18.5442336,51.0,,0.0,1.4875636523401035E7,,8319073,in_vehicle,,77.45282779873469,true,84
71702,1,osmand,2026-01-31 00:14:11,2026-01-31 00:14:10,2026-01-31 00:14:10,true,35.5078022,138.8298229,747.2,11.4880944,67.0,,0.0,1.4875715394194089E7,,8319146,in_vehicle,,78.8707930539091,true,84
71703,1,osmand,2026-01-31 00:14:26,2026-01-31 00:14:25,2026-01-31 00:14:25,true,35.5077702,138.8306777,747.2,6.706248,86.0,,0.0,1.4875792936445585E7,,8319228,in_vehicle,,77.54225149506912,true,84
71704,1,osmand,2026-01-31 00:14:39,2026-01-31 00:14:38,2026-01-31 00:14:38,true,35.50806,138.8314397,747.2,13.3736192,69.0,,0.0,1.4875869151673876E7,,8319316,in_vehicle,,76.21522829132954,true,84
71705,1,osmand,2026-01-31 00:14:45,2026-01-31 00:14:44,2026-01-31 00:14:44,true,35.5082004,138.8322872,747.2,30.226712000000003,92.0,,0.0,1.4875947524437262E7,,8319395,in_vehicle,,78.37276338631837,true,84
71706,1,osmand,2026-01-31 00:14:50,2026-01-31 00:14:49,2026-01-31 00:14:49,true,35.5081183,138.833159,747.2,28.788270400000002,78.0,,0.0,1.487602705185765E7,,8319475,in_vehicle,,79.5274203880079,true,84
71707,1,osmand,2026-01-31 00:14:55,2026-01-31 00:14:54,2026-01-31 00:14:54,true,35.5087335,138.8338028,747.2,44.280675200000005,34.0,,0.0,1.4876117015853805E7,,8319568,in_vehicle,,89.96399615426911,true,84
71708,1,osmand,2026-01-31 00:14:58,2026-01-31 00:14:57,2026-01-31 00:14:57,true,35.509323,138.8342749,747.2,52.989078400000004,35.0,,0.0,1.4876195351665275E7,,8319646,in_vehicle,,78.33581146900637,true,84
71709,1,osmand,2026-01-31 00:15:01,2026-01-31 00:15:00,2026-01-31 00:15:00,true,35.5099539,138.8347966,747.2,52.6197488,35.0,,0.0,1.4876280011733426E7,,8319731,in_vehicle,,84.66006815144934,true,84
71710,1,osmand,2026-01-31 00:15:04,2026-01-31 00:15:03,2026-01-31 00:15:03,true,35.5104974,138.83529,747.2,47.7990256,37.0,,0.0,1.4876355241119329E7,,8319806,in_vehicle,,75.22938590339304,true,84
71711,1,osmand,2026-01-31 00:15:07,2026-01-31 00:15:06,2026-01-31 00:15:06,true,35.5110454,138.8358009,747.2,50.05388,37.0,,0.0,1.4876431821866918E7,,8319882,in_vehicle,,76.58074758907193,true,84
71712,1,osmand,2026-01-31 00:15:10,2026-01-31 00:15:09,2026-01-31 00:15:09,true,35.51159,138.8363532,747.2,50.909169600000006,40.0,,0.0,1.4876510434609804E7,,8319961,in_vehicle,,78.61274288515051,true,84
71713,1,osmand,2026-01-31 00:15:13,2026-01-31 00:15:12,2026-01-31 00:15:12,true,35.5121036,138.8369763,747.2,54.233135999999995,46.0,,0.0,1.4876590788266273E7,,8320041,in_vehicle,,80.35365646900868,true,84
71714,1,osmand,2026-01-31 00:15:16,2026-01-31 00:15:15,2026-01-31 00:15:15,true,35.5126474,138.8377376,747.2,63.7968288,48.0,,0.0,1.4876682566776821E7,,8320132,in_vehicle,,91.77851054738541,true,84
71715,1,osmand,2026-01-31 00:15:19,2026-01-31 00:15:18,2026-01-31 00:15:18,true,35.5132204,138.8386121,747.2,61.8918656,52.0,,0.0,1.4876784290503593E7,,8320234,in_vehicle,,101.72372677111721,true,84
71716,1,osmand,2026-01-31 00:15:23,2026-01-31 00:15:22,2026-01-31 00:15:22,true,35.5137105,138.8394488,747.2,43.6780848,54.0,,0.0,1.4876877695160119E7,,8320327,in_vehicle,,93.40465652624678,true,84
71717,1,osmand,2026-01-31 00:15:27,2026-01-31 00:15:26,2026-01-31 00:15:26,true,35.5140727,138.8402341,747.2,39.1100608,60.0,,0.0,1.4876959481568238E7,,8320409,in_vehicle,,81.78640811938394,true,84
71718,1,osmand,2026-01-31 00:15:31,2026-01-31 00:15:30,2026-01-31 00:15:30,true,35.5144489,138.8410094,747.2,41.0927776,60.0,,0.0,1.4877041267529888E7,,8320491,in_vehicle,,81.7859616512167,true,83
71719,1,osmand,2026-01-31 00:15:35,2026-01-31 00:15:34,2026-01-31 00:15:34,true,35.5148642,138.8418513,747.2,44.611128,61.0,,0.0,1.4877130467795763E7,,8320580,in_vehicle,,89.20026587518427,true,83
71720,1,osmand,2026-01-31 00:15:39,2026-01-31 00:15:38,2026-01-31 00:15:38,true,35.5153148,138.8427268,747.2,45.1748416,59.0,,0.0,1.4877224324957032E7,,8320674,in_vehicle,,93.85716126795299,true,83
71721,1,osmand,2026-01-31 00:15:43,2026-01-31 00:15:42,2026-01-31 00:15:42,true,35.515782,138.8436081,712.37,46.982612800000005,57.0,,0.0,1.4877319622119615E7,,8320769,in_vehicle,,95.29716258390349,true,83
71722,1,osmand,2026-01-31 00:15:47,2026-01-31 00:15:46,2026-01-31 00:15:46,true,35.5162757,138.8444697,710.05,45.4081024,55.0,,0.0,1.4877415095317684E7,,8320864,in_vehicle,,95.47319806943388,true,83
71723,1,osmand,2026-01-31 00:15:51,2026-01-31 00:15:50,2026-01-31 00:15:50,true,35.5167909,138.8452763,706.97,45.9135008,52.0,,0.0,1.487750799629775E7,,8320957,in_vehicle,,92.90098006671835,true,83
71724,1,osmand,2026-01-31 00:15:55,2026-01-31 00:15:54,2026-01-31 00:15:54,true,35.5173772,138.8461362,704.18,52.230980800000005,52.0,,0.0,1.4877609634121105E7,,8321059,in_vehicle,,101.6378233548259,true,83
71725,1,osmand,2026-01-31 00:15:58,2026-01-31 00:15:57,2026-01-31 00:15:57,true,35.5179014,138.8468624,703.89,56.7795664,48.0,,0.0,1.4877697580900442E7,,8321147,in_vehicle,,87.94677933616319,true,83
71726,1,osmand,2026-01-31 00:16:01,2026-01-31 00:16:00,2026-01-31 00:16:00,true,35.5184624,138.8475896,701.99,57.0711424,45.0,,0.0,1.487778836299848E7,,8321238,in_vehicle,,90.78209803773036,true,83
71727,1,osmand,2026-01-31 00:16:04,2026-01-31 00:16:03,2026-01-31 00:16:03,true,35.5190301,138.8482775,699.65,56.6046208,44.0,,0.0,1.4877877123841189E7,,8321326,in_vehicle,,88.76084270964193,true,83
71728,1,osmand,2026-01-31 00:16:07,2026-01-31 00:16:06,2026-01-31 00:16:06,true,35.5196147,138.84892,695.83,58.2957616,41.0,,0.0,1.4877964438845085E7,,8321414,in_vehicle,,87.31500389598355,true,83
71729,1,osmand,2026-01-31 00:16:10,2026-01-31 00:16:09,2026-01-31 00:16:09,true,35.5202269,138.8495724,691.94,60.278478400000004,39.0,,0.0,1.4878054652072448E7,,8321504,in_vehicle,,90.21322736410943,true,83
71730,1,osmand,2026-01-31 00:16:13,2026-01-31 00:16:12,2026-01-31 00:16:12,true,35.5208823,138.8501969,689.95,59.0344208,37.0,,0.0,1.4878146980354175E7,,8321596,in_vehicle,,92.32828172579582,true,83
71731,1,osmand,2026-01-31 00:16:16,2026-01-31 00:16:15,2026-01-31 00:16:15,true,35.5215344,138.850773,686.06,58.7428448,33.0,,0.0,1.4878236389411535E7,,8321685,in_vehicle,,89.40905736083228,true,83
71732,1,osmand,2026-01-31 00:16:19,2026-01-31 00:16:18,2026-01-31 00:16:18,true,35.5222243,138.8512892,682.31,58.509584000000004,31.0,,0.0,1.487832630861139E7,,8321775,in_vehicle,,89.91919985337648,true,83
71733,1,osmand,2026-01-31 00:16:22,2026-01-31 00:16:21,2026-01-31 00:16:21,true,35.5229129,138.8518189,679.15,58.5678992,31.0,,0.0,1.4878416747102598E7,,8321866,in_vehicle,,90.43849120782768,true,83
71734,1,osmand,2026-01-31 00:16:25,2026-01-31 00:16:24,2026-01-31 00:16:24,true,35.5236049,138.8523279,674.08,56.9933888,30.0,,0.0,1.4878506528829204E7,,8321956,in_vehicle,,89.78172660581941,true,83
71735,1,osmand,2026-01-31 00:16:28,2026-01-31 00:16:27,2026-01-31 00:16:27,true,35.5242843,138.8528228,668.9,57.576540800000004,29.0,,0.0,1.4878594451541232E7,,8322044,in_vehicle,,87.92271202827455,true,83
71736,1,osmand,2026-01-31 00:16:31,2026-01-31 00:16:30,2026-01-31 00:16:30,true,35.5249749,138.8533202,663.44,56.2352912,29.0,,0.0,1.4878683563127244E7,,8322133,in_vehicle,,89.11158601185788,true,83
71737,1,osmand,2026-01-31 00:16:34,2026-01-31 00:16:33,2026-01-31 00:16:33,true,35.5256229,138.8537807,658.39,52.7558176,28.0,,0.0,1.4878766894195322E7,,8322217,in_vehicle,,83.33106807720762,true,83
71738,1,osmand,2026-01-31 00:16:37,2026-01-31 00:16:36,2026-01-31 00:16:36,true,35.5262658,138.8542276,653.88,54.388643200000004,28.0,,0.0,1.4878849120491127E7,,8322299,in_vehicle,,82.22629580400067,true,83
71739,1,osmand,2026-01-31 00:16:40,2026-01-31 00:16:39,2026-01-31 00:16:39,true,35.5269528,138.8546844,650.0,57.479348800000004,29.0,,0.0,1.487893607647832E7,,8322386,in_vehicle,,86.955987191831,true,83
71740,1,osmand,2026-01-31 00:16:43,2026-01-31 00:16:42,2026-01-31 00:16:42,true,35.5276615,138.8551672,646.62,58.5678992,29.0,,0.0,1.4879026282560015E7,,8322476,in_vehicle,,90.20608169494575,true,83
71741,1,osmand,2026-01-31 00:16:46,2026-01-31 00:16:45,2026-01-31 00:16:45,true,35.5283623,138.8556582,643.61,57.498787199999995,30.0,,0.0,1.487911608598973E7,,8322565,in_vehicle,,89.80342971449501,true,83
71742,1,osmand,2026-01-31 00:16:49,2026-01-31 00:16:48,2026-01-31 00:16:48,true,35.5290302,138.856161,641.14,56.954512,32.0,,0.0,1.4879203280329213E7,,8322652,in_vehicle,,87.19433948240983,true,83
71743,1,osmand,2026-01-31 00:16:52,2026-01-31 00:16:51,2026-01-31 00:16:51,true,35.5297026,138.8566961,638.78,56.760128,34.0,,0.0,1.4879292458238592E7,,8322741,in_vehicle,,89.17790937955564,true,83
71744,1,osmand,2026-01-31 00:16:55,2026-01-31 00:16:54,2026-01-31 00:16:54,true,35.5303381,138.8572995,636.5,55.4383168,38.0,,0.0,1.487938186060731E7,,8322830,in_vehicle,,89.40236871608117,true,83
71745,1,osmand,2026-01-31 00:16:58,2026-01-31 00:16:57,2026-01-31 00:16:57,true,35.5309236,138.8578983,635.12,56.0409072,40.0,,0.0,1.4879466659305023E7,,8322915,in_vehicle,,84.79869771387779,true,83
71746,1,osmand,2026-01-31 00:17:01,2026-01-31 00:17:00,2026-01-31 00:17:00,true,35.5315047,138.8585585,632.98,58.6456528,45.0,,0.0,1.4879554759127969E7,,8323003,in_vehicle,,88.0998229453744,true,83
71747,1,osmand,2026-01-31 00:17:04,2026-01-31 00:17:03,2026-01-31 00:17:03,true,35.5320875,138.859298,629.47,59.617572800000005,47.0,,0.0,1.4879648016635705E7,,8323096,in_vehicle,,93.25750773528453,true,83
71748,1,osmand,2026-01-31 00:17:07,2026-01-31 00:17:06,2026-01-31 00:17:06,true,35.5326435,138.8600645,626.75,58.6650912,49.0,,0.0,1.4879741034880517E7,,8323189,in_vehicle,,93.01824481170271,true,83
71749,1,osmand,2026-01-31 00:17:10,2026-01-31 00:17:09,2026-01-31 00:17:09,true,35.5331586,138.860845,624.95,59.1704896,52.0,,0.0,1.4879832068919247E7,,8323280,in_vehicle,,91.03403873017255,true,83
71750,1,osmand,2026-01-31 00:17:13,2026-01-31 00:17:12,2026-01-31 00:17:12,true,35.533629,138.861655,623.32,58.4901456,55.0,,0.0,1.4879922214832416E7,,8323371,in_vehicle,,90.14591316795298,true,83
71751,1,osmand,2026-01-31 00:17:16,2026-01-31 00:17:13,2026-01-31 00:17:13,true,35.5337708,138.8619343,622.55,58.2568848,58.0,,0.0,1.487995203653936E7,,8323401,in_vehicle,,29.82170694464672,true,83
71752,1,osmand,2026-01-31 00:17:16,2026-01-31 00:17:15,2026-01-31 00:17:15,true,35.5340455,138.8625114,621.12,59.909148800000004,59.0,,0.0,1.4880012601936117E7,,8323461,in_vehicle,,60.565396755077046,true,83
71753,1,osmand,2026-01-31 00:17:19,2026-01-31 00:17:18,2026-01-31 00:17:18,true,35.534448,138.8634346,618.99,61.3670288,62.0,,0.0,1.4880107479465224E7,,8323556,in_vehicle,,94.87752910683146,true,83
71754,1,osmand,2026-01-31 00:17:22,2026-01-31 00:17:21,2026-01-31 00:17:21,true,35.5347995,138.8643579,616.81,57.3821568,64.0,,0.0,1.4880199819445599E7,,8323648,in_vehicle,,92.33998037545678,true,83
71755,1,osmand,2026-01-31 00:17:25,2026-01-31 00:17:24,2026-01-31 00:17:24,true,35.5351099,138.8652424,614.59,56.157537600000005,66.0,,0.0,1.4880287077130523E7,,8323736,in_vehicle,,87.25768492353697,true,83
71756,1,osmand,2026-01-31 00:17:28,2026-01-31 00:17:27,2026-01-31 00:17:27,true,35.5354251,138.8661742,612.38,60.6672464,68.0,,0.0,1.488037848857999E7,,8323827,in_vehicle,,91.41144946781937,true,83
71757,1,osmand,2026-01-31 00:17:31,2026-01-31 00:17:30,2026-01-31 00:17:30,true,35.5357397,138.8671223,610.28,59.28712,67.0,,0.0,1.488047123966928E7,,8323920,in_vehicle,,92.7510892902136,true,83
71758,1,osmand,2026-01-31 00:17:34,2026-01-31 00:17:33,2026-01-31 00:17:33,true,35.536083,138.8680878,609.84,63.42749920000001,66.0,,0.0,1.4880566685547762E7,,8324016,in_vehicle,,95.44587848136092,true,83
71759,1,osmand,2026-01-31 00:17:37,2026-01-31 00:17:36,2026-01-31 00:17:36,true,35.5364552,138.8690419,609.08,61.697481599999996,63.0,,0.0,1.4880662531870892E7,,8324112,in_vehicle,,95.84632313044597,true,83
71760,1,osmand,2026-01-31 00:17:40,2026-01-31 00:17:39,2026-01-31 00:17:39,true,35.5368488,138.869981,607.66,62.9998544,62.0,,0.0,1.4880758221482279E7,,8324207,in_vehicle,,95.68961138648842,true,83
71761,1,osmand,2026-01-31 00:17:43,2026-01-31 00:17:42,2026-01-31 00:17:42,true,35.5372817,138.8709308,605.96,63.757951999999996,60.0,,0.0,1.4880856835805168E7,,8324306,in_vehicle,,98.6143228898437,true,83
71762,1,osmand,2026-01-31 00:17:46,2026-01-31 00:17:45,2026-01-31 00:17:45,true,35.537752,138.8718183,604.66,63.2525536,56.0,,0.0,1.4880952773597304E7,,8324402,in_vehicle,,95.93779213593885,true,83
71763,1,osmand,2026-01-31 00:17:49,2026-01-31 00:17:48,2026-01-31 00:17:48,true,35.538259,138.8726784,603.4,63.7773904,54.0,,0.0,1.4881048979275499E7,,8324498,in_vehicle,,96.20567819467232,true,83
71764,1,osmand,2026-01-31 00:17:52,2026-01-31 00:17:51,2026-01-31 00:17:51,true,35.5387833,138.8735308,603.05,63.563568000000004,53.0,,0.0,1.4881145769506428E7,,8324595,in_vehicle,,96.79023092907016,true,83
71765,1,osmand,2026-01-31 00:17:55,2026-01-31 00:17:54,2026-01-31 00:17:54,true,35.5393233,138.8743834,602.97,63.7385136,53.0,,0.0,1.4881243637439994E7,,8324693,in_vehicle,,97.86793356660127,true,83
71766,1,osmand,2026-01-31 00:17:58,2026-01-31 00:17:57,2026-01-31 00:17:57,true,35.539834,138.8752778,602.71,64.10784319999999,58.0,,0.0,1.4881342610854102E7,,8324792,in_vehicle,,98.97341410856428,true,83
71767,1,osmand,2026-01-31 00:18:01,2026-01-31 00:18:00,2026-01-31 00:18:00,true,35.5402629,138.8762525,600.19,63.2525536,64.0,,0.0,1.4881442983671995E7,,8324892,in_vehicle,,100.37281789319033,true,83
71768,1,osmand,2026-01-31 00:18:07,2026-01-31 00:18:03,2026-01-31 00:18:03,true,35.540596,138.8772629,597.19,62.533332800000004,69.0,,0.0,1.4881541733283255E7,,8324991,in_vehicle,,98.74961126040806,true,83
71769,1,osmand,2026-01-31 00:18:07,2026-01-31 00:18:06,2026-01-31 00:18:06,true,35.5408291,138.8783149,593.44,63.077608000000005,76.0,,0.0,1.4881640494293835E7,,8325090,in_vehicle,,98.76101058038293,true,83
71770,1,osmand,2026-01-31 00:18:10,2026-01-31 00:18:09,2026-01-31 00:18:09,true,35.5409991,138.8793701,590.53,62.4167024,79.0,,0.0,1.4881737930521837E7,,8325188,in_vehicle,,97.43622800168423,true,83
71771,1,osmand,2026-01-31 00:18:13,2026-01-31 00:18:12,2026-01-31 00:18:12,true,35.54114,138.8804354,587.4,62.358387199999996,79.0,,0.0,1.4881835692444466E7,,8325286,in_vehicle,,97.76192262977904,true,83
71772,1,osmand,2026-01-31 00:18:16,2026-01-31 00:18:15,2026-01-31 00:18:15,true,35.5412873,138.8814611,584.15,60.006340800000004,79.0,,0.0,1.488193003665021E7,,8325380,in_vehicle,,94.34420574517476,true,83
71773,1,osmand,2026-01-31 00:18:19,2026-01-31 00:18:18,2026-01-31 00:18:18,true,35.5414374,138.8824421,581.11,58.3929536,79.0,,0.0,1.4882020453196032E7,,8325471,in_vehicle,,90.41654582077052,true,83
71774,1,osmand,2026-01-31 00:18:22,2026-01-31 00:18:21,2026-01-31 00:18:21,true,35.5415941,138.8834279,577.97,59.637011199999996,79.0,,0.0,1.4882111434908442E7,,8325562,in_vehicle,,90.98171241010266,true,83
71775,1,osmand,2026-01-31 00:18:25,2026-01-31 00:18:24,2026-01-31 00:18:24,true,35.5417579,138.8844636,574.65,63.5246912,79.0,,0.0,1.4882207004107296E7,,8325657,in_vehicle,,95.56919885455986,true,83
71776,1,osmand,2026-01-31 00:18:28,2026-01-31 00:18:27,2026-01-31 00:18:27,true,35.5419458,138.885558,571.43,66.3043824,78.0,,0.0,1.4882308317260396E7,,8325759,in_vehicle,,101.31315309973499,true,83
71777,1,osmand,2026-01-31 00:18:31,2026-01-31 00:18:30,2026-01-31 00:18:30,true,35.5421573,138.8866472,568.39,65.3907776,76.0,,0.0,1.4882409746792441E7,,8325860,in_vehicle,,101.42953204493719,true,83
71778,1,osmand,2026-01-31 00:18:34,2026-01-31 00:18:33,2026-01-31 00:18:33,true,35.5423928,138.8877196,564.92,64.5160496,74.0,,0.0,1.4882510359359393E7,,8325961,in_vehicle,,100.61256695133962,true,83
71779,1,osmand,2026-01-31 00:18:37,2026-01-31 00:18:36,2026-01-31 00:18:36,true,35.5426542,138.8887651,560.81,64.0106512,72.0,,0.0,1.4882609429470325E7,,8326061,in_vehicle,,99.07011093198076,true,83
71780,1,osmand,2026-01-31 00:18:40,2026-01-31 00:18:39,2026-01-31 00:18:39,true,35.5429627,138.8897827,556.64,63.62188319999999,68.0,,0.0,1.4882707792062435E7,,8326159,in_vehicle,,98.36259210983368,true,83
71781,1,osmand,2026-01-31 00:18:43,2026-01-31 00:18:42,2026-01-31 00:18:42,true,35.5432991,138.8907851,552.36,64.61324160000001,67.0,,0.0,1.4882806007076422E7,,8326258,in_vehicle,,98.21501398734817,true,83
71782,1,osmand,2026-01-31 00:18:46,2026-01-31 00:18:45,2026-01-31 00:18:45,true,35.5437107,138.8917604,549.26,64.9436944,61.0,,0.0,1.4882905523113484E7,,8326358,in_vehicle,,99.5160370610176,true,83
71783,1,osmand,2026-01-31 00:18:49,2026-01-31 00:18:48,2026-01-31 00:18:48,true,35.5442284,138.8928291,546.54,76.2762816,57.0,,0.0,1.4883018179488102E7,,8326470,in_vehicle,,112.6563746189956,true,83
71784,1,osmand,2026-01-31 00:18:51,2026-01-31 00:18:50,2026-01-31 00:18:50,true,35.544616,138.8935226,544.62,71.33892800000001,55.0,,0.0,1.4883094385950033E7,,8326547,in_vehicle,,76.20646193083583,true,83
71785,1,osmand,2026-01-31 00:18:54,2026-01-31 00:18:53,2026-01-31 00:18:53,true,35.5450802,138.8942039,542.31,49.976126400000005,48.0,,0.0,1.4883174874044608E7,,8326627,in_vehicle,,80.48809457581035,true,83
71786,1,osmand,2026-01-31 00:18:58,2026-01-31 00:18:57,2026-01-31 00:18:57,true,35.5456613,138.8948901,539.18,45.6608016,43.0,,0.0,1.4883264581945363E7,,8326717,in_vehicle,,89.70790075542793,true,83
71787,1,osmand,2026-01-31 00:19:02,2026-01-31 00:19:01,2026-01-31 00:19:01,true,35.5462866,138.8955694,536.43,45.583048,42.0,,0.0,1.488335748475422E7,,8326810,in_vehicle,,92.90280885673171,true,83
71788,1,osmand,2026-01-31 00:19:06,2026-01-31 00:19:05,2026-01-31 00:19:05,true,35.5469224,138.8962047,533.63,42.9783024,35.0,,0.0,1.488344870119993E7,,8326901,in_vehicle,,91.21644571002584,true,83
71789,1,osmand,2026-01-31 00:19:10,2026-01-31 00:19:09,2026-01-31 00:19:09,true,35.5475426,138.8967105,530.88,37.2439744,31.0,,0.0,1.4883531558431678E7,,8326985,in_vehicle,,82.8572317470058,true,83
71790,1,osmand,2026-01-31 00:19:16,2026-01-31 00:19:15,2026-01-31 00:19:15,true,35.548188,138.8970972,526.37,18.5247952,21.0,,0.0,1.4883611486576276E7,,8327055,in_vehicle,,79.92814459793179,true,83
71791,1,osmand,2026-01-31 00:19:31,2026-01-31 00:19:30,2026-01-31 00:19:30,true,35.5488662,138.897231,549.0,14.3066624,29.0,,0.0,1.4883687949887767E7,,8327129,in_vehicle,,76.46331149102849,true,83
71792,1,osmand,2026-01-31 00:19:42,2026-01-31 00:19:41,2026-01-31 00:19:41,true,35.549437,138.8976992,549.0,11.2937104,44.0,,0.0,1.4883764341707222E7,,8327215,in_vehicle,,76.39181945555858,true,83
71793,1,osmand,2026-01-31 00:19:53,2026-01-31 00:19:52,2026-01-31 00:19:52,true,35.5499884,138.898346,549.0,20.118744,32.0,,0.0,1.488384919129906E7,,8327306,in_vehicle,,84.8495918375241,true,83
71794,1,osmand,2026-01-31 00:19:59,2026-01-31 00:19:58,2026-01-31 00:19:58,true,35.5505902,138.8987717,549.0,26.630608,28.0,,0.0,1.4883926486062318E7,,8327383,in_vehicle,,77.29476325683595,true,83
71795,1,osmand,2026-01-31 00:20:04,2026-01-31 00:20:03,2026-01-31 00:20:03,true,35.5511984,138.8991769,549.0,33.0841568,30.0,,0.0,1.488400349709656E7,,8327460,in_vehicle,,77.0110342430009,true,83
71796,1,osmand,2026-01-31 00:20:08,2026-01-31 00:20:07,2026-01-31 00:20:07,true,35.5519059,138.8997116,549.0,55.3605632,30.0,,0.0,1.4884095952985104E7,,8327552,in_vehicle,,92.45588854352435,true,83
71797,1,osmand,2026-01-31 00:20:11,2026-01-31 00:20:10,2026-01-31 00:20:10,true,35.5526442,138.9002199,549.0,52.872448,24.0,,0.0,1.4884190154976979E7,,8327646,in_vehicle,,94.20199187401948,true,83
71798,1,osmand,2026-01-31 00:20:15,2026-01-31 00:20:14,2026-01-31 00:20:14,true,35.5533919,138.9006661,549.0,36.777452800000006,26.0,,0.0,1.488428268000288E7,,8327738,in_vehicle,,92.52502590040811,true,83
71799,1,osmand,2026-01-31 00:20:20,2026-01-31 00:20:19,2026-01-31 00:20:19,true,35.554166,138.901125,549.0,38.488032000000004,27.0,,0.0,1.4884378351254942E7,,8327833,in_vehicle,,95.67125206190454,true,83
71800,1,osmand,2026-01-31 00:20:23,2026-01-31 00:20:22,2026-01-31 00:20:22,true,35.5547818,138.9015326,549.0,54.757972800000005,30.0,,0.0,1.4884456209168699E7,,8327911,in_vehicle,,77.857913755886,true,83
71801,1,osmand,2026-01-31 00:20:26,2026-01-31 00:20:25,2026-01-31 00:20:25,true,35.5557073,138.9021779,549.0,81.349704,29.0,,0.0,1.4884574656548826E7,,8328029,in_vehicle,,118.44738012779355,true,83
71802,1,osmand,2026-01-31 00:20:28,2026-01-31 00:20:27,2026-01-31 00:20:27,true,35.5563926,138.9026135,549.0,79.42530239999999,28.0,,0.0,1.4884660540243084E7,,8328115,in_vehicle,,85.88369425699513,true,83
71803,1,osmand,2026-01-31 00:20:31,2026-01-31 00:20:30,2026-01-31 00:20:30,true,35.5572359,138.9030554,549.0,67.3929328,23.0,,0.0,1.4884762590367204E7,,8328217,in_vehicle,,102.05012412009893,true,83
71804,1,osmand,2026-01-31 00:20:34,2026-01-31 00:20:33,2026-01-31 00:20:33,true,35.5579334,138.903417,549.0,60.1424096,22.0,,0.0,1.4884846858853607E7,,8328301,in_vehicle,,84.26848640270053,true,83
71805,1,osmand,2026-01-31 00:20:38,2026-01-31 00:20:37,2026-01-31 00:20:37,true,35.558707,138.903961,549.0,52.639187199999995,31.0,,0.0,1.4884946071547313E7,,8328400,in_vehicle,,99.21269370704687,true,83
71806,1,osmand,2026-01-31 00:20:41,2026-01-31 00:20:40,2026-01-31 00:20:40,true,35.5593268,138.9044235,549.0,55.1467408,31.0,,0.0,1.48850267852635E7,,8328481,in_vehicle,,80.7137161871904,true,83
71807,1,osmand,2026-01-31 00:20:44,2026-01-31 00:20:43,2026-01-31 00:20:43,true,35.559971,138.9049185,549.0,55.9048384,34.0,,0.0,1.488511135518924E7,,8328566,in_vehicle,,84.56992573993958,true,83
71808,1,osmand,2026-01-31 00:20:47,2026-01-31 00:20:46,2026-01-31 00:20:46,true,35.5605768,138.9054413,549.0,52.1337888,36.0,,0.0,1.4885193752197796E7,,8328648,in_vehicle,,82.39700855724419,true,83
71809,1,osmand,2026-01-31 00:20:51,2026-01-31 00:20:50,2026-01-31 00:20:50,true,35.5612429,138.9060752,549.0,40.9955856,37.0,,0.0,1.4885287525979431E7,,8328742,in_vehicle,,93.77378163434292,true,83
71810,1,osmand,2026-01-31 00:20:56,2026-01-31 00:20:55,2026-01-31 00:20:55,true,35.5618718,138.9066527,549.0,27.583089599999997,37.0,,0.0,1.4885374911349066E7,,8328829,in_vehicle,,87.38536963449695,true,83
71811,1,osmand,2026-01-31 00:21:03,2026-01-31 00:21:02,2026-01-31 00:21:02,true,35.5624298,138.9071295,509.63,21.3628016,33.0,,0.0,1.4885450560041448E7,,8328905,in_vehicle,,75.6486923828667,true,83
71812,1,osmand,2026-01-31 00:21:10,2026-01-31 00:21:09,2026-01-31 00:21:09,true,35.5630601,138.9075431,506.77,23.2872032,19.0,,0.0,1.4885530095463205E7,,8328985,in_vehicle,,79.53542175645542,true,83
71813,1,osmand,2026-01-31 00:21:17,2026-01-31 00:21:16,2026-01-31 00:21:16,true,35.5636419,138.9081531,503.97,23.0928192,56.0,,0.0,1.488561521841691E7,,8329072,in_vehicle,,85.12295370587964,true,83
71814,1,osmand,2026-01-31 00:21:27,2026-01-31 00:21:26,2026-01-31 00:21:26,true,35.5636239,138.90902,500.3,15.920049599999999,121.0,,0.0,1.488569374618052E7,,8329159,in_vehicle,,78.52776360920008,true,83
71815,1,osmand,2026-01-31 00:21:35,2026-01-31 00:21:34,2026-01-31 00:21:34,true,35.5628906,138.9093477,497.88,18.660864,190.0,,0.0,1.4885780603303779E7,,8329240,in_vehicle,,86.85712325892838,true,83
71816,1,osmand,2026-01-31 00:21:41,2026-01-31 00:21:40,2026-01-31 00:21:40,true,35.5623676,138.9088052,501.61,22.801243200000002,250.0,,0.0,1.488585678083509E7,,8329333,in_vehicle,,76.17753131119287,true,83
71817,1,osmand,2026-01-31 00:21:48,2026-01-31 00:21:47,2026-01-31 00:21:47,true,35.5621045,138.908019,504.14,18.5442336,241.0,,0.0,1.4885933765350185E7,,8329410,in_vehicle,,76.9845150950918,true,83
71818,1,osmand,2026-01-31 00:22:00,2026-01-31 00:21:59,2026-01-31 00:21:59,true,35.5616109,138.9074154,504.02,12.246191999999999,225.0,,0.0,1.4886011269861465E7,,8329481,in_vehicle,,77.50451127908356,true,83
71819,1,osmand,2026-01-31 00:22:24,2026-01-31 00:22:23,2026-01-31 00:22:23,true,35.562018,138.9066781,505.7,17.2224224,341.0,,0.0,1.4886091964789886E7,,8329581,in_vehicle,,80.69492842015192,true,83
71820,1,osmand,2026-01-31 00:22:37,2026-01-31 00:22:36,2026-01-31 00:22:36,true,35.5627251,138.9067379,505.7,10.904942400000001,3.0,,0.0,1.4886170864859086E7,,8329617,in_vehicle,,78.90006919974422,true,83
71821,1,osmand,2026-01-31 00:23:10,2026-01-31 00:23:09,2026-01-31 00:23:09,true,35.5631334,138.9074543,504.9,20.6241424,21.0,,0.0,1.488625007676845E7,,8329755,in_vehicle,,79.2119093642382,true,82
71822,1,osmand,2026-01-31 00:23:17,2026-01-31 00:23:16,2026-01-31 00:23:16,true,35.5636595,138.9079966,504.9,24.7450832,54.0,,0.0,1.4886326506425053E7,,8329832,in_vehicle,,76.42965660306903,true,82
71823,1,osmand,2026-01-31 00:23:23,2026-01-31 00:23:22,2026-01-31 00:23:22,true,35.5639841,138.9087351,504.9,24.6090144,79.0,,0.0,1.488640251907149E7,,8329909,in_vehicle,,76.01264643717609,true,82
71824,1,osmand,2026-01-31 00:23:30,2026-01-31 00:23:29,2026-01-31 00:23:29,true,35.5642898,138.9095706,504.9,17.416806400000002,52.0,,0.0,1.4886485478355447E7,,8329983,in_vehicle,,82.95928395676853,true,82
71825,1,osmand,2026-01-31 00:23:39,2026-01-31 00:23:38,2026-01-31 00:23:38,true,35.564679,138.9102717,504.9,24.006424,54.0,,0.0,1.4886562340336796E7,,8330070,in_vehicle,,76.86198134874752,true,82
71826,1,osmand,2026-01-31 00:23:45,2026-01-31 00:23:44,2026-01-31 00:23:44,true,35.5650872,138.9109733,504.9,25.6392496,57.0,,0.0,1.488664045065487E7,,8330148,in_vehicle,,78.11031807317197,true,82
71827,1,osmand,2026-01-31 00:23:51,2026-01-31 00:23:50,2026-01-31 00:23:50,true,35.5655279,138.9117395,504.9,27.6414048,50.0,,0.0,1.4886725424635362E7,,8330233,in_vehicle,,84.97398049197372,true,82
71828,1,osmand,2026-01-31 00:23:57,2026-01-31 00:23:56,2026-01-31 00:23:56,true,35.5659348,138.91254,504.9,26.2612784,56.0,,0.0,1.4886810900641168E7,,8330319,in_vehicle,,85.47600580583067,true,82
71829,1,osmand,2026-01-31 00:24:03,2026-01-31 00:24:02,2026-01-31 00:24:02,true,35.5663677,138.9132636,504.9,25.8725104,54.0,,0.0,1.4886892237209916E7,,8330401,in_vehicle,,81.33656874905583,true,82
71830,1,osmand,2026-01-31 00:24:09,2026-01-31 00:24:08,2026-01-31 00:24:08,true,35.5668022,138.9139982,504.9,22.9567504,55.0,,0.0,1.488697448265113E7,,8330483,in_vehicle,,82.2454412132684,true,82
71831,1,osmand,2026-01-31 00:24:15,2026-01-31 00:24:14,2026-01-31 00:24:14,true,35.567191,138.9147193,504.9,26.3779088,55.0,,0.0,1.4887052820908574E7,,8330562,in_vehicle,,78.33825744472648,true,82
71832,1,osmand,2026-01-31 00:24:22,2026-01-31 00:24:16,2026-01-31 00:24:16,true,35.5673183,138.9149568,504.9,24.7450832,55.0,,0.0,1.488707857587648E7,,8330587,in_vehicle,,25.754967905351094,true,82
71833,1,osmand,2026-01-31 00:24:22,2026-01-31 00:24:21,2026-01-31 00:24:21,true,35.5675915,138.9154905,504.9,20.799087999999998,56.0,,0.0,1.4887135675896207E7,,8330645,in_vehicle,,57.10001972767752,true,82
71834,1,osmand,2026-01-31 00:24:33,2026-01-31 00:24:32,2026-01-31 00:24:32,true,35.568034,138.9161237,489.15,7.4254688,335.0,,0.0,1.4887211266299179E7,,8330717,in_vehicle,,75.5904029719005,true,82
71835,1,osmand,2026-01-31 00:24:42,2026-01-31 00:24:41,2026-01-31 00:24:41,true,35.5685906,138.9156512,487.8,16.5809552,333.0,,0.0,1.488728656325565E7,,8330788,in_vehicle,,75.29695647126456,true,82
71836,1,osmand,2026-01-31 00:24:51,2026-01-31 00:24:50,2026-01-31 00:24:50,true,35.5692977,138.9157946,487.8,25.7947568,42.0,,0.0,1.4887366341066318E7,,8330873,in_vehicle,,79.77781066580921,true,82
71837,1,osmand,2026-01-31 00:24:57,2026-01-31 00:24:56,2026-01-31 00:24:56,true,35.569791,138.9164588,487.8,27.8746656,41.0,,0.0,1.4887447782004872E7,,8330966,in_vehicle,,81.44093855552597,true,82
71838,1,osmand,2026-01-31 00:25:03,2026-01-31 00:25:02,2026-01-31 00:25:02,true,35.5704303,138.9170312,487.8,28.3411872,33.0,,0.0,1.4887535821647169E7,,8331054,in_vehicle,,88.03964229632159,true,82
71839,1,osmand,2026-01-31 00:25:09,2026-01-31 00:25:08,2026-01-31 00:25:08,true,35.5709967,138.917528,487.8,22.5874208,46.0,,0.0,1.4887613274955546E7,,8331120,in_vehicle,,77.45330837777499,true,82
71840,1,osmand,2026-01-31 00:25:16,2026-01-31 00:25:15,2026-01-31 00:25:15,true,35.5714197,138.918183,487.8,20.0993056,55.0,,0.0,1.4887689002944676E7,,8331208,in_vehicle,,75.72798912884898,true,82
71841,1,osmand,2026-01-31 00:25:24,2026-01-31 00:25:23,2026-01-31 00:25:23,true,35.5718019,138.9190047,487.8,21.9070768,59.0,,0.0,1.4887774710593166E7,,8331294,in_vehicle,,85.70764848901472,true,82
71842,1,osmand,2026-01-31 00:25:30,2026-01-31 00:25:29,2026-01-31 00:25:29,true,35.5721504,138.9197212,487.8,24.4729456,59.0,,0.0,1.488785030113142E7,,8331370,in_vehicle,,75.59053825444315,true,82
71843,1,osmand,2026-01-31 00:25:36,2026-01-31 00:25:35,2026-01-31 00:25:35,true,35.5725267,138.9204842,487.8,25.5031808,59.0,,0.0,1.488793109475658E7,,8331451,in_vehicle,,80.79362516110956,true,82
71844,1,osmand,2026-01-31 00:25:42,2026-01-31 00:25:41,2026-01-31 00:25:41,true,35.5729213,138.92124,487.8,26.1835248,57.0,,0.0,1.4888012413463444E7,,8331532,in_vehicle,,81.31870686209514,true,82
71845,1,osmand,2026-01-31 00:25:48,2026-01-31 00:25:47,2026-01-31 00:25:47,true,35.5733216,138.9220202,487.8,25.3865504,57.0,,0.0,1.4888095936462913E7,,8331616,in_vehicle,,83.52299946846784,true,82
71846,1,osmand,2026-01-31 00:25:54,2026-01-31 00:25:53,2026-01-31 00:25:53,true,35.5736758,138.9227774,487.8,24.861713599999998,58.0,,0.0,1.4888175025837846E7,,8331695,in_vehicle,,79.08937493391805,true,82
71847,1,osmand,2026-01-31 00:26:00,2026-01-31 00:25:59,2026-01-31 00:25:59,true,35.5740791,138.9234706,487.8,26.9804992,56.0,,0.0,1.4888252194411373E7,,8331772,in_vehicle,,77.16857352645567,true,82
71848,1,osmand,2026-01-31 00:26:06,2026-01-31 00:26:05,2026-01-31 00:26:05,true,35.5744762,138.9242592,474.78,27.9135424,59.0,,0.0,1.4888336172742223E7,,8331855,in_vehicle,,83.97833085022882,true,82
71849,1,osmand,2026-01-31 00:26:12,2026-01-31 00:26:11,2026-01-31 00:26:11,true,35.5748475,138.9250576,472.46,25.26992,61.0,,0.0,1.4888419444239775E7,,8331939,in_vehicle,,83.27149755204523,true,82
71850,1,osmand,2026-01-31 00:26:19,2026-01-31 00:26:18,2026-01-31 00:26:18,true,35.5752157,138.9259029,470.72,24.0453008,59.0,,0.0,1.4888506263922732E7,,8332026,in_vehicle,,86.81968295706777,true,82
71851,1,osmand,2026-01-31 00:26:27,2026-01-31 00:26:26,2026-01-31 00:26:26,true,35.5756096,138.9266422,468.39,16.1727488,55.0,,0.0,1.4888586284825778E7,,8332106,in_vehicle,,80.02090304546398,true,82
71852,1,osmand,2026-01-31 00:27:06,2026-01-31 00:27:05,2026-01-31 00:27:05,true,35.5762855,138.9266993,464.3,9.4859392,322.0,,0.0,1.488866170307587E7,,8332206,in_vehicle,,75.41825009296957,true,82
71853,1,osmand,2026-01-31 00:27:28,2026-01-31 00:27:27,2026-01-31 00:27:27,true,35.5769778,138.926527,464.3,10.3217904,34.0,,0.0,1.4888740332626643E7,,8332291,in_vehicle,,78.62955077113592,true,82
71854,1,osmand,2026-01-31 00:27:59,2026-01-31 00:27:58,2026-01-31 00:27:58,true,35.5776156,138.9268631,465.0,6.1814112,32.0,,0.0,1.488881757863996E7,,8332375,in_vehicle,,77.24601331807806,true,82
71855,1,osmand,2026-01-31 00:28:13,2026-01-31 00:28:12,2026-01-31 00:28:12,true,35.5782659,138.9265215,465.1,9.2721168,347.0,,0.0,1.4888896299749075E7,,8332444,in_vehicle,,78.72110911446514,true,82
71856,1,osmand,2026-01-31 00:28:28,2026-01-31 00:28:27,2026-01-31 00:28:27,true,35.5789382,138.9267754,466.7,12.4016992,42.0,,0.0,1.4888974590688068E7,,8332529,in_vehicle,,78.29093899381762,true,82
71857,1,osmand,2026-01-31 00:28:43,2026-01-31 00:28:42,2026-01-31 00:28:42,true,35.5795065,138.9272622,466.7,18.6414256,348.0,,0.0,1.4889051692409724E7,,8332620,in_vehicle,,77.10172165522519,true,82
71858,1,osmand,2026-01-31 00:28:53,2026-01-31 00:28:52,2026-01-31 00:28:52,true,35.5801815,138.9273792,466.7,9.427624,356.0,,0.0,1.4889127576041967E7,,8332707,in_vehicle,,75.88363224279358,true,82
71859,1,osmand,2026-01-31 00:29:04,2026-01-31 00:29:03,2026-01-31 00:29:03,true,35.5809064,138.9271951,466.7,18.835809599999997,359.0,,0.0,1.4889209974918075E7,,8332780,in_vehicle,,82.39887610879777,true,82
71860,1,osmand,2026-01-31 00:29:14,2026-01-31 00:29:13,2026-01-31 00:29:13,true,35.5815399,138.9276429,466.7,12.2656304,35.0,,0.0,1.488929131877571E7,,8332872,in_vehicle,,81.34385763500164,true,82
71861,1,osmand,2026-01-31 00:29:27,2026-01-31 00:29:26,2026-01-31 00:29:26,true,35.5821147,138.9280907,466.7,13.023728,14.0,,0.0,1.4889367067480855E7,,8332942,in_vehicle,,75.74870514522775,true,82
71862,1,osmand,2026-01-31 00:29:37,2026-01-31 00:29:36,2026-01-31 00:29:36,true,35.5828289,138.9280196,466.7,16.9308464,354.0,,0.0,1.4889446832014587E7,,8333009,in_vehicle,,79.76453373179378,true,82
71863,1,osmand,2026-01-31 00:29:49,2026-01-31 00:29:48,2026-01-31 00:29:48,true,35.583332,138.9273972,492.77,11.9351776,293.0,,0.0,1.4889526277694115E7,,8333112,in_vehicle,,79.44567952870675,true,82
71864,1,osmand,2026-01-31 00:30:17,2026-01-31 00:30:16,2026-01-31 00:30:16,true,35.583464,138.9282532,454.6,19.4578384,133.0,,0.0,1.488960515451018E7,,8333239,in_vehicle,,78.87681606376651,true,82
71865,1,osmand,2026-01-31 00:30:25,2026-01-31 00:30:24,2026-01-31 00:30:24,true,35.5830305,138.9289505,454.6,23.714848,126.0,,0.0,1.4889684614925148E7,,8333329,in_vehicle,,79.46041496849053,true,82
71866,1,osmand,2026-01-31 00:30:31,2026-01-31 00:30:29,2026-01-31 00:30:29,true,35.5826304,138.9295363,454.6,27.0582528,132.0,,0.0,1.4889753870750042E7,,8333398,in_vehicle,,69.25582489290859,true,81
71867,1,osmand,2026-01-31 00:30:31,2026-01-31 00:30:30,2026-01-31 00:30:30,true,35.5825493,138.9296486,454.6,25.6198112,130.0,,0.0,1.4889767467493001E7,,8333412,in_vehicle,,13.596742959620585,true,81
71868,1,osmand,2026-01-31 00:30:38,2026-01-31 00:30:37,2026-01-31 00:30:37,true,35.5820933,138.9303016,454.6,16.231064,132.0,,0.0,1.4889845389032045E7,,8333480,in_vehicle,,77.92153904445384,true,81
71869,1,osmand,2026-01-31 00:31:02,2026-01-31 00:30:41,2026-01-31 00:30:41,true,35.5820424,138.930529,454.6,10.8077504,80.0,,0.0,1.4889866742017211E7,,8333511,in_vehicle,,21.352985166350578,true,81
71870,1,osmand,2026-01-31 00:31:02,2026-01-31 00:31:01,2026-01-31 00:31:01,true,35.5826231,138.9308448,452.6,5.3844368000000005,41.0,,0.0,1.4889937425610915E7,,8333586,in_vehicle,,70.68359370284918,true,81
71871,1,osmand,2026-01-31 00:38:33,2026-01-31 00:38:32,2026-01-31 00:38:32,true,35.5825676,138.9309671,452.6,3.6932959999999997,17.0,,0.0,1.4889950104948044E7,,8333599,in_vehicle,,12.679337128211003,true,81
71872,1,osmand,2026-01-31 00:38:58,2026-01-31 00:38:57,2026-01-31 00:38:57,true,35.5828417,138.9317902,452.8,16.7559008,53.0,,0.0,1.4890030628089866E7,,8333683,in_vehicle,,80.52314182202656,true,81
71873,1,osmand,2026-01-31 00:39:24,2026-01-31 00:39:23,2026-01-31 00:39:23,true,35.5832658,138.9325001,453.0,15.0841984,53.0,,0.0,1.4890110373964764E7,,8333772,in_vehicle,,79.7458748980838,true,81
71874,1,osmand,2026-01-31 00:39:33,2026-01-31 00:39:32,2026-01-31 00:39:32,true,35.5837225,138.9332651,453.0,23.617656,55.0,,0.0,1.4890196288234927E7,,8333858,in_vehicle,,85.91427016252274,true,81
71875,1,osmand,2026-01-31 00:39:40,2026-01-31 00:39:39,2026-01-31 00:39:39,true,35.5840918,138.9339646,453.0,20.4880736,55.0,,0.0,1.4890271789200913E7,,8333934,in_vehicle,,75.50096598642905,true,81
71876,1,osmand,2026-01-31 00:39:48,2026-01-31 00:39:47,2026-01-31 00:39:47,true,35.5844799,138.9346466,453.0,17.0086,53.0,,0.0,1.4890347146092502E7,,8334009,in_vehicle,,75.35689158970739,true,80
71877,1,osmand,2026-01-31 00:39:57,2026-01-31 00:39:56,2026-01-31 00:39:56,true,35.5849412,138.935396,453.0,25.075536,54.0,,0.0,1.4890432233223079E7,,8334094,in_vehicle,,85.08713057624259,true,80
71878,1,osmand,2026-01-31 00:40:05,2026-01-31 00:40:04,2026-01-31 00:40:04,true,35.585379,138.9361037,453.0,12.4988912,47.0,,0.0,1.4890512731373765E7,,8334175,in_vehicle,,80.49815068627225,true,80
71879,1,osmand,2026-01-31 00:41:16,2026-01-31 00:41:15,2026-01-31 00:41:15,true,35.5859922,138.9365461,445.8,23.1511344,326.0,,0.0,1.4890591874440309E7,,8334262,in_vehicle,,79.14306654424777,true,80
71880,1,osmand,2026-01-31 00:41:22,2026-01-31 00:41:21,2026-01-31 00:41:21,true,35.5865681,138.9360827,445.8,23.695409599999998,325.0,,0.0,1.4890668489497392E7,,8334338,in_vehicle,,76.61505708300585,true,80
71881,1,osmand,2026-01-31 00:41:27,2026-01-31 00:41:26,2026-01-31 00:41:26,true,35.5871757,138.9356511,445.8,30.5766032,329.0,,0.0,1.4890746601602469E7,,8334428,in_vehicle,,78.11210507740768,true,80
71882,1,osmand,2026-01-31 00:41:33,2026-01-31 00:41:32,2026-01-31 00:41:32,true,35.5878649,138.9352662,445.8,23.6565328,338.0,,0.0,1.4890830864846744E7,,8334512,in_vehicle,,84.26324427494848,true,80
71883,1,osmand,2026-01-31 00:41:40,2026-01-31 00:41:39,2026-01-31 00:41:39,true,35.5884951,138.9348199,445.8,25.5226192,324.0,,0.0,1.4890911820817826E7,,8334593,in_vehicle,,80.95597108303865,true,80
71884,1,osmand,2026-01-31 00:41:46,2026-01-31 00:41:45,2026-01-31 00:41:45,true,35.5889273,138.934018,445.8,28.7299552,286.0,,0.0,1.4890998910376405E7,,8334682,in_vehicle,,87.08955857900628,true,80
71885,1,osmand,2026-01-31 00:41:51,2026-01-31 00:41:50,2026-01-31 00:41:50,true,35.5890113,138.9331793,445.8,28.555009599999998,276.0,,0.0,1.4891075408554643E7,,8334758,in_vehicle,,76.49817823826695,true,80
71886,1,osmand,2026-01-31 00:41:57,2026-01-31 00:41:56,2026-01-31 00:41:56,true,35.5894156,138.9324897,445.8,25.4059888,341.0,,0.0,1.4891152367587622E7,,8334840,in_vehicle,,76.95903297886179,true,80
71887,1,osmand,2026-01-31 00:42:03,2026-01-31 00:42:02,2026-01-31 00:42:02,true,35.5901051,138.9321039,445.8,25.8141952,314.0,,0.0,1.4891236694546992E7,,8334925,in_vehicle,,84.3269593705098,true,80
71888,1,osmand,2026-01-31 00:42:09,2026-01-31 00:42:08,2026-01-31 00:42:08,true,35.5904709,138.9313342,445.8,22.276406400000003,298.0,,0.0,1.4891317398105372E7,,8335007,in_vehicle,,80.70355837975676,true,80
71889,1,osmand,2026-01-31 00:42:24,2026-01-31 00:42:15,2026-01-31 00:42:15,true,35.590655,138.9309385,445.8,0.8747280000000001,335.0,,0.0,1.4891358666930472E7,,8335046,in_vehicle,,41.26882510126292,true,80
71890,1,osmand,2026-01-31 00:42:24,2026-01-31 00:42:23,2026-01-31 00:42:23,true,35.5909633,138.9306461,435.7,22.256968,323.0,,0.0,1.4891402008291794E7,,8335092,in_vehicle,,43.34136132123138,true,80
71891,1,osmand,2026-01-31 00:42:31,2026-01-31 00:42:30,2026-01-31 00:42:30,true,35.5915943,138.9301263,435.7,25.4059888,327.0,,0.0,1.4891486554896407E7,,8335177,in_vehicle,,84.54660461217887,true,80
71892,1,osmand,2026-01-31 00:42:38,2026-01-31 00:42:37,2026-01-31 00:42:37,true,35.5923243,138.9298478,435.7,24.2202464,8.0,,0.0,1.4891571638914913E7,,8335264,in_vehicle,,85.08401850684956,true,80
71893,1,osmand,2026-01-31 00:42:45,2026-01-31 00:42:44,2026-01-31 00:42:44,true,35.5930843,138.9299188,435.7,22.431913599999998,3.0,,0.0,1.4891656485501695E7,,8335348,in_vehicle,,84.84658678281149,true,80
71894,1,osmand,2026-01-31 00:42:51,2026-01-31 00:42:50,2026-01-31 00:42:50,true,35.5937961,138.9299309,435.7,26.9027456,2.0,,0.0,1.4891735730285194E7,,8335427,in_vehicle,,79.24478349880464,true,80
71895,1,osmand,2026-01-31 00:42:58,2026-01-31 00:42:57,2026-01-31 00:42:57,true,35.5945342,138.9299775,435.7,20.313128,4.0,,0.0,1.4891818003410505E7,,8335509,in_vehicle,,82.27312531206101,true,80
71896,1,osmand,2026-01-31 00:43:05,2026-01-31 00:43:04,2026-01-31 00:43:04,true,35.5952471,138.9300106,435.7,20.2353744,2.0,,0.0,1.489189741961579E7,,8335589,in_vehicle,,79.41620528462808,true,80
71897,1,osmand,2026-01-31 00:43:13,2026-01-31 00:43:12,2026-01-31 00:43:12,true,35.5960197,138.9300445,435.7,20.468635199999998,5.0,,0.0,1.489198347977914E7,,8335674,in_vehicle,,86.06016334893253,true,80
71898,1,osmand,2026-01-31 00:43:20,2026-01-31 00:43:19,2026-01-31 00:43:19,true,35.5967031,138.9302154,435.7,20.5852656,17.0,,0.0,1.4892061112406751E7,,8335742,in_vehicle,,77.63262761109911,true,80
71899,1,osmand,2026-01-31 00:43:27,2026-01-31 00:43:26,2026-01-31 00:43:26,true,35.5973314,138.9307313,435.7,24.6090144,37.0,,0.0,1.4892145211049322E7,,8335836,in_vehicle,,84.098642570267,true,80
71900,1,osmand,2026-01-31 00:43:34,2026-01-31 00:43:33,2026-01-31 00:43:33,true,35.597912,138.931314,435.7,23.617656,45.0,,0.0,1.4892228633127019E7,,8335919,in_vehicle,,83.42207769735184,true,80
71901,1,osmand,2026-01-31 00:43:41,2026-01-31 00:43:40,2026-01-31 00:43:40,true,35.5984304,138.9320256,435.7,22.7234896,47.0,,0.0,1.489231511445281E7,,8336005,in_vehicle,,86.48132579116191,true,80
71902,1,osmand,2026-01-31 00:43:49,2026-01-31 00:43:48,2026-01-31 00:43:48,true,35.5989348,138.9327447,435.7,22.2375296,49.0,,0.0,1.4892401076282673E7,,8336092,in_vehicle,,85.96182986366377,true,80
71903,1,osmand,2026-01-31 00:43:56,2026-01-31 00:43:55,2026-01-31 00:43:55,true,35.5994125,138.9334559,436.35,24.025862399999998,52.0,,0.0,1.489248457397376E7,,8336175,in_vehicle,,83.49769108802022,true,80
71904,1,osmand,2026-01-31 00:44:03,2026-01-31 00:44:02,2026-01-31 00:44:02,true,35.5998955,138.9342125,436.87,23.1705728,52.0,,0.0,1.4892571642149905E7,,8336263,in_vehicle,,87.06817614441957,true,80
71905,1,osmand,2026-01-31 00:44:10,2026-01-31 00:44:09,2026-01-31 00:44:09,true,35.6003307,138.9349341,439.07,22.7623664,53.0,,0.0,1.489265296286868E7,,8336345,in_vehicle,,81.3207187750366,true,80
71906,1,osmand,2026-01-31 00:44:17,2026-01-31 00:44:16,2026-01-31 00:44:16,true,35.6007894,138.9356792,438.78,23.0150656,52.0,,0.0,1.4892737554279966E7,,8336430,in_vehicle,,84.5914112871663,true,80
71907,1,osmand,2026-01-31 00:44:23,2026-01-31 00:44:22,2026-01-31 00:44:22,true,35.6012638,138.9363384,438.41,25.0949744,39.0,,0.0,1.4892817234445259E7,,8336510,in_vehicle,,79.68016529226298,true,80
71908,1,osmand,2026-01-31 00:44:29,2026-01-31 00:44:28,2026-01-31 00:44:28,true,35.6018181,138.9369463,436.99,26.8055536,43.0,,0.0,1.4892899907865027E7,,8336593,in_vehicle,,82.6734197686643,true,80
71909,1,osmand,2026-01-31 00:44:35,2026-01-31 00:44:34,2026-01-31 00:44:34,true,35.6023853,138.9375929,435.92,27.777473599999997,45.0,,0.0,1.4892986000043646E7,,8336679,in_vehicle,,86.09217861849153,true,80
71910,1,osmand,2026-01-31 00:44:41,2026-01-31 00:44:40,2026-01-31 00:44:40,true,35.6027929,138.9384318,434.82,29.0409696,61.0,,0.0,1.489307445401078E7,,8336768,in_vehicle,,88.45396713626998,true,80
71911,1,osmand,2026-01-31 00:44:51,2026-01-31 00:44:46,2026-01-31 00:44:46,true,35.6030635,138.9393159,430.74,30.9653712,82.0,,0.0,1.4893159956486935E7,,8336855,in_vehicle,,85.5024761539637,true,80
71912,1,osmand,2026-01-31 00:45:18,2026-01-31 00:44:51,2026-01-31 00:44:51,true,35.6030116,138.9401741,427.08,28.282872,95.0,,0.0,1.4893237847186891E7,,8336933,in_vehicle,,77.89069995598398,true,80
71913,1,osmand,2026-01-31 00:45:35,2026-01-31 00:44:51,2026-01-31 00:44:51,true,35.6030116,138.9401741,427.08,28.282872,95.0,,0.0,1.4893237847186891E7,,8336933,in_vehicle,,0.0,true,80
71914,1,osmand,2026-01-31 00:45:35,2026-01-31 00:44:57,2026-01-31 00:44:57,true,35.6032535,138.9410149,424.64,26.6111696,47.0,,0.0,1.489331857211375E7,,8337017,in_vehicle,,80.72492685876699,true,80
71915,1,osmand,2026-01-31 00:45:35,2026-01-31 00:45:03,2026-01-31 00:45:03,true,35.6039327,138.9414537,422.96,27.9329808,14.0,,0.0,1.4893403976679863E7,,8337104,in_vehicle,,85.40456611232827,true,80
71916,1,osmand,2026-01-31 00:45:36,2026-01-31 00:45:11,2026-01-31 00:45:11,true,35.6046881,138.941368,421.7,22.9761888,341.0,,0.0,1.4893488424405744E7,,8337189,in_vehicle,,84.44772588058028,true,80
71917,1,osmand,2026-01-31 00:45:36,2026-01-31 00:45:13,2026-01-31 00:45:13,true,35.6048898,138.9413087,421.51,23.889793599999997,344.0,,0.0,1.4893511510114005E7,,8337212,in_vehicle,,23.08570826000704,true,80
71918,1,osmand,2026-01-31 00:45:36,2026-01-31 00:45:18,2026-01-31 00:45:18,true,35.6053713,138.9411248,420.55,22.0237072,342.0,,0.0,1.4893567635274379E7,,8337257,in_vehicle,,56.12516037352399,true,80
71919,1,osmand,2026-01-31 00:45:36,2026-01-31 00:45:25,2026-01-31 00:45:25,true,35.6061136,138.9407698,420.25,28.0496112,335.0,,0.0,1.4893656294564465E7,,8337357,in_vehicle,,88.65929008736973,true,80
71920,1,osmand,2026-01-31 00:45:36,2026-01-31 00:45:30,2026-01-31 00:45:30,true,35.6067507,138.9403596,418.53,29.2742304,327.0,,0.0,1.489373634585006E7,,8337437,in_vehicle,,80.0512855949714,true,80
71921,1,osmand,2026-01-31 00:45:37,2026-01-31 00:45:35,2026-01-31 00:45:35,true,35.6073227,138.9398519,416.19,24.103616000000002,318.0,,0.0,1.48938148688833E7,,8337502,in_vehicle,,78.52303324041968,true,80
71922,1,osmand,2026-01-31 00:45:47,2026-01-31 00:45:46,2026-01-31 00:45:46,true,35.60804,138.9402361,417.77,28.1079264,48.0,,0.0,1.4893901961011248E7,,8337627,in_vehicle,,87.09212794746271,true,80
71923,1,osmand,2026-01-31 00:45:53,2026-01-31 00:45:52,2026-01-31 00:45:52,true,35.6085735,138.940955,421.01,29.5074912,46.0,,0.0,1.4893990053783622E7,,8337714,in_vehicle,,88.0927723731065,true,80
71924,1,osmand,2026-01-31 00:45:59,2026-01-31 00:45:58,2026-01-31 00:45:58,true,35.609017,138.9416689,422.43,23.909232000000003,60.0,,0.0,1.4894071367826564E7,,8337795,in_vehicle,,81.31404294285755,true,80
71925,1,osmand,2026-01-31 00:46:05,2026-01-31 00:46:04,2026-01-31 00:46:04,true,35.609432,138.9424451,422.83,29.935136,54.0,,0.0,1.4894155445865102E7,,8337879,in_vehicle,,84.07803853841072,true,80
71926,1,osmand,2026-01-31 00:46:10,2026-01-31 00:46:09,2026-01-31 00:46:09,true,35.6098565,138.9431898,422.05,27.69972,58.0,,0.0,1.4894237759208286E7,,8337962,in_vehicle,,82.31334318379024,true,80
71927,1,osmand,2026-01-31 00:46:16,2026-01-31 00:46:15,2026-01-31 00:46:15,true,35.6102882,138.9439115,421.49,22.1208992,41.0,,0.0,1.4894318849160584E7,,8338030,in_vehicle,,81.08995229838436,true,80
71928,1,osmand,2026-01-31 00:46:52,2026-01-31 00:46:51,2026-01-31 00:46:51,true,35.6109598,138.9441631,423.44,21.4405552,323.0,,0.0,1.4894397002011763E7,,8338127,in_vehicle,,78.1528511789508,true,79
71929,1,osmand,2026-01-31 00:47:00,2026-01-31 00:46:59,2026-01-31 00:46:59,true,35.6115417,138.9436906,424.36,19.827168,334.0,,0.0,1.4894474620371664E7,,8338215,in_vehicle,,77.61835990103933,true,79
71930,1,osmand,2026-01-31 00:47:20,2026-01-31 00:47:19,2026-01-31 00:47:19,true,35.61216,138.9432777,408.7,12.440576,22.0,,0.0,1.489455293865111E7,,8338288,in_vehicle,,78.31827944555472,true,79
71931,1,osmand,2026-01-31 00:47:30,2026-01-31 00:47:29,2026-01-31 00:47:29,true,35.6125972,138.9439855,408.0,15.045321600000001,56.0,,0.0,1.4894633386241151E7,,8338368,in_vehicle,,80.44759004247915,true,79
71932,1,osmand,2026-01-31 00:47:38,2026-01-31 00:47:37,2026-01-31 00:47:37,true,35.6129679,138.9447354,408.0,17.922204800000003,63.0,,0.0,1.4894712813129134E7,,8338445,in_vehicle,,79.42688798311984,true,79
71933,1,osmand,2026-01-31 00:47:49,2026-01-31 00:47:48,2026-01-31 00:47:48,true,35.6131814,138.945553,410.3,8.5723344,67.0,,0.0,1.4894790528577667E7,,8338529,in_vehicle,,77.71544853292718,true,79
71934,1,osmand,2026-01-31 00:48:01,2026-01-31 00:48:00,2026-01-31 00:48:00,true,35.613419,138.946345,410.1,6.5701792,92.0,,0.0,1.4894866928202864E7,,8338606,in_vehicle,,76.39962519764381,true,79
71935,1,osmand,2026-01-31 00:48:10,2026-01-31 00:48:09,2026-01-31 00:48:09,true,35.613726,138.9471554,409.4,20.2353744,65.0,,0.0,1.489494783989971E7,,8338681,in_vehicle,,80.91169684621453,true,79
71936,1,osmand,2026-01-31 00:48:18,2026-01-31 00:48:17,2026-01-31 00:48:17,true,35.614021,138.9479335,409.4,14.6954304,71.0,,0.0,1.489502553757285E7,,8338761,in_vehicle,,77.69767313930227,true,79
71937,1,osmand,2026-01-31 00:48:42,2026-01-31 00:48:41,2026-01-31 00:48:41,true,35.6146612,138.9483684,409.8,25.989140799999998,0.0,,0.0,1.489510694984567E7,,8338869,in_vehicle,,81.41227281998303,true,79
71938,1,osmand,2026-01-31 00:48:49,2026-01-31 00:48:48,2026-01-31 00:48:48,true,35.6153485,138.9484109,409.8,19.1857008,1.0,,0.0,1.4895183556342222E7,,8338945,in_vehicle,,76.60649655149123,true,79
71939,1,osmand,2026-01-31 00:48:56,2026-01-31 00:48:55,2026-01-31 00:48:55,true,35.6160402,138.9484159,409.8,19.827168,1.0,,0.0,1.4895260557363471E7,,8339022,in_vehicle,,77.00102124989257,true,79
71940,1,osmand,2026-01-31 00:49:35,2026-01-31 00:49:34,2026-01-31 00:49:34,true,35.616715,138.94841,398.9,14.714868800000001,3.0,,0.0,1.4895335677653331E7,,8339089,in_vehicle,,75.12028986017916,true,79
71941,1,osmand,2026-01-31 00:49:43,2026-01-31 00:49:42,2026-01-31 00:49:42,true,35.61742,138.9485927,398.9,18.1943424,15.0,,0.0,1.4895415880525282E7,,8339177,in_vehicle,,80.20287194969079,true,79
71942,1,osmand,2026-01-31 00:49:52,2026-01-31 00:49:51,2026-01-31 00:49:51,true,35.6180102,138.9490446,398.9,18.8163712,77.0,,0.0,1.4895493268678173E7,,8339251,in_vehicle,,77.38815289146737,true,79
71943,1,osmand,2026-01-31 00:50:01,2026-01-31 00:50:00,2026-01-31 00:50:00,true,35.6180725,138.9499032,398.9,16.814216000000002,81.0,,0.0,1.4895571275342861E7,,8339338,in_vehicle,,78.00666468789838,true,79
71944,1,osmand,2026-01-31 00:50:09,2026-01-31 00:50:08,2026-01-31 00:50:08,true,35.618124,138.9508113,398.9,20.352004800000003,59.0,,0.0,1.4895653652212588E7,,8339421,in_vehicle,,82.37686972638234,true,79
71945,1,osmand,2026-01-31 00:50:17,2026-01-31 00:50:16,2026-01-31 00:50:16,true,35.6184692,138.951574,398.9,18.7386176,93.0,,0.0,1.4895732647931457E7,,8339502,in_vehicle,,78.99571886879022,true,79
71946,1,osmand,2026-01-31 00:50:27,2026-01-31 00:50:26,2026-01-31 00:50:26,true,35.6181816,138.9523853,398.9,21.8682,94.0,,0.0,1.4895812742067121E7,,8339573,in_vehicle,,80.09413566443752,true,79
71947,1,osmand,2026-01-31 00:50:35,2026-01-31 00:50:34,2026-01-31 00:50:34,true,35.6182293,138.9532262,398.9,20.682457600000003,56.0,,0.0,1.48958890229778E7,,8339653,in_vehicle,,76.28091067831981,true,79
71948,1,osmand,2026-01-31 00:50:42,2026-01-31 00:50:41,2026-01-31 00:50:41,true,35.6186894,138.9538861,398.9,21.8293232,32.0,,0.0,1.4895967695336506E7,,8339743,in_vehicle,,78.67235870725476,true,79
71949,1,osmand,2026-01-31 00:50:49,2026-01-31 00:50:48,2026-01-31 00:50:48,true,35.6194655,138.9540591,398.9,25.3476736,1.0,,0.0,1.4896055497332845E7,,8339831,in_vehicle,,87.8019963388222,true,79
71950,1,osmand,2026-01-31 00:50:56,2026-01-31 00:50:55,2026-01-31 00:50:55,true,35.6201287,138.9543748,398.9,21.537747200000002,44.0,,0.0,1.4896134659066116E7,,8339913,in_vehicle,,79.16173327065171,true,79
71951,1,osmand,2026-01-31 00:51:02,2026-01-31 00:51:01,2026-01-31 00:51:01,true,35.6202815,138.955254,449.52,23.773163200000003,77.0,,0.0,1.4896216016829327E7,,8339995,in_vehicle,,81.35776320960734,true,79
71952,1,osmand,2026-01-31 00:51:09,2026-01-31 00:51:08,2026-01-31 00:51:08,true,35.6206283,138.9560086,454.73,20.215936,48.0,,0.0,1.4896294458834121E7,,8340064,in_vehicle,,78.44200479474227,true,79
71953,1,osmand,2026-01-31 00:51:19,2026-01-31 00:51:18,2026-01-31 00:51:18,true,35.621398,138.9561647,461.03,24.4535072,36.0,,0.0,1.4896381297997465E7,,8340160,in_vehicle,,86.8391633447721,true,79
71954,1,osmand,2026-01-31 00:51:25,2026-01-31 00:51:24,2026-01-31 00:51:24,true,35.6221003,138.9563817,461.73,23.9869856,355.0,,0.0,1.489646190595052E7,,8340244,in_vehicle,,80.60795305398035,true,79
71955,1,osmand,2026-01-31 00:51:33,2026-01-31 00:51:32,2026-01-31 00:51:32,true,35.6226024,138.955723,459.97,29.7213136,290.0,,0.0,1.4896543617811434E7,,8340349,in_vehicle,,81.71186091413834,true,79
71956,1,osmand,2026-01-31 00:51:38,2026-01-31 00:51:37,2026-01-31 00:51:37,true,35.623003,138.9549834,457.79,24.3368768,312.0,,0.0,1.4896624039445557E7,,8340416,in_vehicle,,80.42163412292282,true,79
71957,1,osmand,2026-01-31 00:51:46,2026-01-31 00:51:45,2026-01-31 00:51:45,true,35.6232665,138.954095,451.91,21.673816000000002,300.0,,0.0,1.4896709613124074E7,,8340507,in_vehicle,,85.57367851753989,true,79
71958,1,osmand,2026-01-31 00:51:53,2026-01-31 00:51:52,2026-01-31 00:51:52,true,35.6238536,138.9536125,449.36,17.2224224,322.0,,0.0,1.489678821064716E7,,8340579,in_vehicle,,78.5975230850139,true,79
71959,1,osmand,2026-01-31 00:52:00,2026-01-31 00:51:59,2026-01-31 00:51:59,true,35.6243839,138.9529215,443.35,25.7947568,330.0,,0.0,1.4896874201344872E7,,8340684,in_vehicle,,85.99069771156252,true,79
71960,1,osmand,2026-01-31 00:52:07,2026-01-31 00:52:06,2026-01-31 00:52:06,true,35.6250136,138.9524689,442.47,20.993472,300.0,,0.0,1.4896955385956248E7,,8340755,in_vehicle,,81.18461137611601,true,79
71961,1,osmand,2026-01-31 00:52:14,2026-01-31 00:52:13,2026-01-31 00:52:13,true,35.6251941,138.9515849,436.93,20.507512000000002,272.0,,0.0,1.489703786027551E7,,8340849,in_vehicle,,82.47431926199579,true,79
71962,1,osmand,2026-01-31 00:52:21,2026-01-31 00:52:20,2026-01-31 00:52:20,true,35.6255199,138.9508063,430.02,21.673816000000002,311.0,,0.0,1.4897117099286888E7,,8340918,in_vehicle,,79.23901137632114,true,79
71963,1,osmand,2026-01-31 00:52:28,2026-01-31 00:52:27,2026-01-31 00:52:27,true,35.6262493,138.9506,427.0,26.164086400000002,2.0,,0.0,1.4897200413858209E7,,8341016,in_vehicle,,83.31457132062089,true,79
71964,1,osmand,2026-01-31 00:52:35,2026-01-31 00:52:34,2026-01-31 00:52:34,true,35.6270073,138.9505093,425.53,24.2785616,349.0,,0.0,1.4897285192196906E7,,8341101,in_vehicle,,84.77833869634192,true,79
71965,1,osmand,2026-01-31 00:52:44,2026-01-31 00:52:43,2026-01-31 00:52:43,true,35.6275936,138.9500354,421.53,22.7623664,285.0,,0.0,1.4897363284576224E7,,8341186,in_vehicle,,78.09237931925058,true,79
71966,1,osmand,2026-01-31 00:52:50,2026-01-31 00:52:49,2026-01-31 00:52:49,true,35.6278494,138.9492422,420.66,26.5528544,297.0,,0.0,1.4897440497936122E7,,8341264,in_vehicle,,77.21335989759717,true,79
71967,1,osmand,2026-01-31 00:52:56,2026-01-31 00:52:55,2026-01-31 00:52:55,true,35.6282005,138.9484762,423.38,22.4124752,300.0,,0.0,1.4897520067870265E7,,8341343,in_vehicle,,79.5699341433226,true,79
71968,1,osmand,2026-01-31 00:53:03,2026-01-31 00:52:58,2026-01-31 00:52:58,true,35.6283554,138.9481485,424.54,23.3455184,294.0,,0.0,1.4897554368202474E7,,8341378,in_vehicle,,34.30033220955538,true,79
71969,1,osmand,2026-01-31 00:53:03,2026-01-31 00:53:02,2026-01-31 00:53:02,true,35.6285069,138.9476605,425.54,17.202984,286.0,,0.0,1.4897601634461587E7,,8341425,in_vehicle,,47.266259114080576,true,79
71970,1,osmand,2026-01-31 00:53:14,2026-01-31 00:53:13,2026-01-31 00:53:13,true,35.6292231,138.9475632,428.72,16.3088176,10.0,,0.0,1.489768184608822E7,,8341516,in_vehicle,,80.21162663251738,true,79
71971,1,osmand,2026-01-31 00:53:23,2026-01-31 00:53:17,2026-01-31 00:53:17,true,35.6295154,138.9476538,430.74,15.783980799999998,17.0,,0.0,1.4897715401505994E7,,8341550,in_vehicle,,33.555417774988065,true,79
71972,1,osmand,2026-01-31 00:53:23,2026-01-31 00:53:22,2026-01-31 00:53:22,true,35.62994,138.9478071,431.11,17.0474768,22.0,,0.0,1.4897764660956189E7,,8341589,in_vehicle,,49.25945019576484,true,79
71973,1,osmand,2026-01-31 00:53:33,2026-01-31 00:53:32,2026-01-31 00:53:32,true,35.6306062,138.9480502,432.63,17.786136,14.0,,0.0,1.4897842015127132E7,,8341676,in_vehicle,,77.35417094220773,true,79
71974,1,osmand,2026-01-31 00:53:41,2026-01-31 00:53:40,2026-01-31 00:53:40,true,35.6313552,138.947926,422.4,20.818526400000003,341.0,,0.0,1.4897926147294877E7,,8341762,in_vehicle,,84.13216774510188,true,79
71975,1,osmand,2026-01-31 00:53:51,2026-01-31 00:53:50,2026-01-31 00:53:50,true,35.6320383,138.9475029,422.4,22.4124752,304.0,,0.0,1.489801128186371E7,,8341849,in_vehicle,,85.13456883359497,true,79
71976,1,osmand,2026-01-31 00:53:57,2026-01-31 00:53:56,2026-01-31 00:53:56,true,35.6324158,138.946814,422.4,19.6133456,305.0,,0.0,1.4898086454758964E7,,8341924,in_vehicle,,75.17289525540093,true,79
71977,1,osmand,2026-01-31 00:54:09,2026-01-31 00:54:08,2026-01-31 00:54:08,true,35.6329229,138.9461944,437.1,14.675991999999999,321.0,,0.0,1.4898166011583462E7,,8341997,in_vehicle,,79.5568244982207,true,79
71978,1,osmand,2026-01-31 00:54:19,2026-01-31 00:54:18,2026-01-31 00:54:18,true,35.6330331,138.9453714,437.1,23.2872032,258.0,,0.0,1.4898241477607729E7,,8342075,in_vehicle,,75.46602426683063,true,79
71979,1,osmand,2026-01-31 00:54:39,2026-01-31 00:54:38,2026-01-31 00:54:38,true,35.6330542,138.9462781,437.1,21.1101024,127.0,,0.0,1.489832354633776E7,,8342286,in_vehicle,,82.06873003062556,true,79
71980,1,osmand,2026-01-31 00:54:45,2026-01-31 00:54:44,2026-01-31 00:54:44,true,35.6329579,138.9472117,437.1,36.2137392,83.0,,0.0,1.4898408692839663E7,,8342373,in_vehicle,,85.14650190418334,true,79
71981,1,osmand,2026-01-31 00:54:50,2026-01-31 00:54:49,2026-01-31 00:54:49,true,35.6331067,138.948148,437.1,29.546367999999998,81.0,,0.0,1.489849501032689E7,,8342443,in_vehicle,,86.31748722750173,true,79
71982,1,osmand,2026-01-31 00:54:59,2026-01-31 00:54:58,2026-01-31 00:54:58,true,35.6334119,138.9489436,437.1,15.958926400000001,32.0,,0.0,1.4898574608245542E7,,8342532,in_vehicle,,79.59791865255556,true,78
71983,1,osmand,2026-01-31 00:55:07,2026-01-31 00:55:06,2026-01-31 00:55:06,true,35.6340981,138.9491546,437.1,21.9848304,13.0,,0.0,1.4898653345041616E7,,8342596,in_vehicle,,78.736796073964,true,78
71984,1,osmand,2026-01-31 00:55:25,2026-01-31 00:55:24,2026-01-31 00:55:24,true,35.6338676,138.9499795,437.1,10.8466272,124.0,,0.0,1.4898732265974171E7,,8342701,in_vehicle,,78.92093255580313,true,78
71985,1,osmand,2026-01-31 00:55:36,2026-01-31 00:55:35,2026-01-31 00:55:35,true,35.6337983,138.9508054,411.54,16.6587088,78.0,,0.0,1.4898807387001071E7,,8342809,in_vehicle,,75.12102689959443,true,78
71986,1,osmand,2026-01-31 00:55:58,2026-01-31 00:55:46,2026-01-31 00:55:46,true,35.6338669,138.951508,410.76,1.94384,353.0,,0.0,1.4898871412263751E7,,8342865,in_vehicle,,64.02526268023591,true,78
71987,1,osmand,2026-01-31 00:55:58,2026-01-31 00:55:57,2026-01-31 00:55:57,true,35.6338401,138.9516384,414.0,5.0734224,83.0,,0.0,1.4898883581646044E7,,8342865,in_vehicle,,12.169382293512532,true,78
71988,1,osmand,2026-01-31 00:56:11,2026-01-31 00:56:10,2026-01-31 00:56:10,true,35.6345011,138.9518994,406.2,24.0841776,353.0,,0.0,1.4898960860111505E7,,8342952,in_vehicle,,77.27846546120803,true,78
71989,1,osmand,2026-01-31 00:56:18,2026-01-31 00:56:17,2026-01-31 00:56:17,true,35.6351663,138.9520876,399.28,19.2245776,29.0,,0.0,1.4899036842287725E7,,8343043,in_vehicle,,75.98217622073179,true,78
71990,1,osmand,2026-01-31 00:56:26,2026-01-31 00:56:25,2026-01-31 00:56:25,true,35.6358557,138.9523591,395.21,20.5658272,11.0,,0.0,1.4899117421198701E7,,8343103,in_vehicle,,80.5789109768942,true,78
71991,1,osmand,2026-01-31 00:56:36,2026-01-31 00:56:35,2026-01-31 00:56:35,true,35.6365789,138.9525802,391.99,17.300176,16.0,,0.0,1.489920037540466E7,,8343206,in_vehicle,,82.95420595732985,true,78
71992,1,osmand,2026-01-31 00:56:46,2026-01-31 00:56:45,2026-01-31 00:56:45,true,35.6372707,138.9526827,391.64,15.2397056,32.0,,0.0,1.489927794255553E7,,8343272,in_vehicle,,77.56715086963568,true,78
71993,1,osmand,2026-01-31 00:56:56,2026-01-31 00:56:55,2026-01-31 00:56:55,true,35.6378871,138.9531612,391.13,12.9459744,50.0,,0.0,1.4899359074628519E7,,8343340,in_vehicle,,81.13207298907848,true,78
71994,1,osmand,2026-01-31 00:57:06,2026-01-31 00:57:05,2026-01-31 00:57:05,true,35.6384836,138.9536888,388.69,14.8898144,35.0,,0.0,1.4899440852467226E7,,8343432,in_vehicle,,81.77783870668632,true,78
71995,1,osmand,2026-01-31 00:57:22,2026-01-31 00:57:21,2026-01-31 00:57:21,true,35.6389878,138.9543955,374.8,24.881152,39.0,,0.0,1.489952592883038E7,,8343520,in_vehicle,,85.0763631539229,true,78
71996,1,osmand,2026-01-31 00:57:28,2026-01-31 00:57:27,2026-01-31 00:57:27,true,35.6395358,138.95503,374.8,26.533416000000003,44.0,,0.0,1.489960969320943E7,,8343603,in_vehicle,,83.76437905029988,true,78
71997,1,osmand,2026-01-31 00:57:34,2026-01-31 00:57:33,2026-01-31 00:57:33,true,35.6396589,138.9558834,374.8,25.5226192,109.0,,0.0,1.4899688106274601E7,,8343687,in_vehicle,,78.41306517065145,true,78
71998,1,osmand,2026-01-31 00:57:44,2026-01-31 00:57:43,2026-01-31 00:57:43,true,35.640347,138.9562497,374.8,30.5766032,346.0,,0.0,1.4899771566266332E7,,8343805,in_vehicle,,83.45999173112895,true,78
71999,1,osmand,2026-01-31 00:57:50,2026-01-31 00:57:49,2026-01-31 00:57:49,true,35.6410311,138.9560487,374.8,22.101460799999998,333.0,,0.0,1.4899849860839805E7,,8343878,in_vehicle,,78.29457347270105,true,78
72000,1,osmand,2026-01-31 00:57:58,2026-01-31 00:57:57,2026-01-31 00:57:57,true,35.6415527,138.9554209,374.8,16.5420784,328.0,,0.0,1.489993108378266E7,,8343980,in_vehicle,,81.22294285498985,true,78
72001,1,osmand,2026-01-31 00:58:09,2026-01-31 00:58:08,2026-01-31 00:58:08,true,35.6421706,138.9550279,374.8,17.0086,18.0,,0.0,1.4900008513259962E7,,8344051,in_vehicle,,77.42947730314351,true,78
72002,1,osmand,2026-01-31 00:58:16,2026-01-31 00:58:15,2026-01-31 00:58:15,true,35.6428656,138.9551703,374.8,25.7947568,353.0,,0.0,1.4900086945488216E7,,8344139,in_vehicle,,78.43222825461864,true,78
72003,1,osmand,2026-01-31 00:58:22,2026-01-31 00:58:21,2026-01-31 00:58:21,true,35.6436346,138.9551518,374.8,29.351983999999998,8.0,,0.0,1.4900172566534847E7,,8344225,in_vehicle,,85.6210466303501,true,78
72004,1,osmand,2026-01-31 00:58:28,2026-01-31 00:58:27,2026-01-31 00:58:27,true,35.644318,138.9552833,374.8,22.898435199999998,25.0,,0.0,1.4900249566755861E7,,8344279,in_vehicle,,77.00022101415084,true,78
72005,1,osmand,2026-01-31 00:58:35,2026-01-31 00:58:34,2026-01-31 00:58:34,true,35.6447207,138.9559908,374.8,21.537747200000002,69.0,,0.0,1.4900327707423456E7,,8344381,in_vehicle,,78.14066759484896,true,78
72006,1,osmand,2026-01-31 00:58:42,2026-01-31 00:58:41,2026-01-31 00:58:41,true,35.6448014,138.9569251,374.8,23.248326400000003,56.0,,0.0,1.4900412703373464E7,,8344457,in_vehicle,,84.99595000713123,true,78
72007,1,osmand,2026-01-31 00:58:51,2026-01-31 00:58:50,2026-01-31 00:58:50,true,35.6448213,138.9578349,411.62,17.1835456,86.0,,0.0,1.4900495036648545E7,,8344556,in_vehicle,,82.33327508093984,true,78
72008,1,osmand,2026-01-31 00:59:04,2026-01-31 00:59:03,2026-01-31 00:59:03,true,35.644845,138.9587437,420.1,14.228908800000001,90.0,,0.0,1.4900577291951802E7,,8344632,in_vehicle,,82.25530325586963,true,78
72009,1,osmand,2026-01-31 00:59:15,2026-01-31 00:59:14,2026-01-31 00:59:14,true,35.6452731,138.9594433,420.1,17.0086,33.0,,0.0,1.490065651593858E7,,8344723,in_vehicle,,79.2239867785183,true,78
72010,1,osmand,2026-01-31 00:59:22,2026-01-31 00:59:21,2026-01-31 00:59:21,true,35.6457796,138.960085,420.1,25.8141952,43.0,,0.0,1.4900737440919276E7,,8344791,in_vehicle,,80.92498069683327,true,78
72011,1,osmand,2026-01-31 00:59:27,2026-01-31 00:59:26,2026-01-31 00:59:26,true,35.6463087,138.9606841,420.1,32.967526400000004,48.0,,0.0,1.4900817480176922E7,,8344884,in_vehicle,,80.03925764520818,true,78
72012,1,osmand,2026-01-31 00:59:32,2026-01-31 00:59:31,2026-01-31 00:59:31,true,35.6468413,138.9613059,420.1,27.777473599999997,47.0,,0.0,1.4900899205850333E7,,8344951,in_vehicle,,81.72567341172599,true,78
72013,1,osmand,2026-01-31 00:59:38,2026-01-31 00:59:37,2026-01-31 00:59:37,true,35.6474111,138.9620072,420.1,31.9372912,43.0,,0.0,1.4900988916408226E7,,8345039,in_vehicle,,89.71055789246972,true,78
72014,1,osmand,2026-01-31 00:59:44,2026-01-31 00:59:43,2026-01-31 00:59:43,true,35.6479834,138.962547,420.1,22.3735984,18.0,,0.0,1.4901069185492616E7,,8345123,in_vehicle,,80.26908438999658,true,78
72015,1,osmand,2026-01-31 00:59:49,2026-01-31 00:59:48,2026-01-31 00:59:48,true,35.6486984,138.9626277,420.1,35.9999168,3.0,,0.0,1.4901149112996936E7,,8345215,in_vehicle,,79.92750431918311,true,78
72016,1,osmand,2026-01-31 00:59:54,2026-01-31 00:59:53,2026-01-31 00:59:53,true,35.649435,138.9627464,420.1,32.539881599999994,8.0,,0.0,1.4901231810964057E7,,8345298,in_vehicle,,82.69796712166244,true,78
72017,1,osmand,2026-01-31 00:59:59,2026-01-31 00:59:58,2026-01-31 00:59:58,true,35.6501434,138.9628109,420.1,27.7191584,357.0,,0.0,1.4901310885235779E7,,8345377,in_vehicle,,79.07427172101411,true,78
72018,1,osmand,2026-01-31 01:00:04,2026-01-31 01:00:00,2026-01-31 01:00:00,true,35.650385,138.9627112,420.1,29.215915199999998,333.0,,0.0,1.4901339251841018E7,,8345405,in_vehicle,,28.366605239574632,true,78
72019,1,osmand,2026-01-31 01:00:04,2026-01-31 01:00:03,2026-01-31 01:00:03,true,35.6507184,138.9623058,420.1,36.894083200000004,313.0,,0.0,1.490139142671501E7,,8345458,in_vehicle,,52.17487399312665,true,78
72020,1,osmand,2026-01-31 01:00:08,2026-01-31 01:00:07,2026-01-31 01:00:07,true,35.6511924,138.9616398,420.1,38.1381408,314.0,,0.0,1.4901471511159156E7,,8345538,in_vehicle,,80.08444414551587,true,78
72021,1,osmand,2026-01-31 01:00:13,2026-01-31 01:00:10,2026-01-31 01:00:10,true,35.6515309,138.9611945,420.1,31.393015999999996,309.0,,0.0,1.490152666896611E7,,8345593,in_vehicle,,55.15780695548877,true,78
72022,1,osmand,2026-01-31 01:00:13,2026-01-31 01:00:12,2026-01-31 01:00:12,true,35.6516863,138.9609586,420.1,24.764521600000002,310.0,,0.0,1.4901554138717003E7,,8345608,in_vehicle,,27.46975089271965,true,78
72023,1,osmand,2026-01-31 01:00:20,2026-01-31 01:00:19,2026-01-31 01:00:19,true,35.6523015,138.960369,420.1,26.630608,318.0,,0.0,1.4901640939422565E7,,8345707,in_vehicle,,86.80070556070596,true,78
72024,1,osmand,2026-01-31 01:00:25,2026-01-31 01:00:24,2026-01-31 01:00:24,true,35.6529512,138.9600946,420.1,25.4254272,341.0,,0.0,1.490171740423189E7,,8345786,in_vehicle,,76.46480932370909,true,78
72025,1,osmand,2026-01-31 01:00:29,2026-01-31 01:00:28,2026-01-31 01:00:28,true,35.6537851,138.960264,449.66,26.0863328,3.0,,0.0,1.490181148968513E7,,8345880,in_vehicle,,94.08545324060054,true,78
72026,1,osmand,2026-01-31 01:00:34,2026-01-31 01:00:33,2026-01-31 01:00:33,true,35.6543937,138.9607201,448.93,26.3001552,37.0,,0.0,1.490189081149057E7,,8345930,in_vehicle,,79.32180543916277,true,78
72027,1,osmand,2026-01-31 01:00:41,2026-01-31 01:00:40,2026-01-31 01:00:40,true,35.6549179,138.9612934,446.5,17.5334368,61.0,,0.0,1.4901968876952184E7,,8346009,in_vehicle,,78.06546161441061,true,78
72028,1,osmand,2026-01-31 01:00:51,2026-01-31 01:00:50,2026-01-31 01:00:50,true,35.6553458,138.962035,446.75,19.846606400000002,42.0,,0.0,1.4902051148072213E7,,8346102,in_vehicle,,82.27112002936893,true,78
72029,1,osmand,2026-01-31 01:00:58,2026-01-31 01:00:57,2026-01-31 01:00:57,true,35.6559153,138.9626086,452.83,26.0668944,40.0,,0.0,1.4902133068300938E7,,8346202,in_vehicle,,81.92022872497749,true,78
72030,1,osmand,2026-01-31 01:01:04,2026-01-31 01:01:03,2026-01-31 01:01:03,true,35.6564976,138.9632322,454.99,30.1489584,36.0,,0.0,1.4902218994500667E7,,8346288,in_vehicle,,85.92619972911432,true,78
72031,1,osmand,2026-01-31 01:01:09,2026-01-31 01:01:08,2026-01-31 01:01:08,true,35.6570702,138.9637397,457.99,25.1921664,33.0,,0.0,1.4902297544418728E7,,8346366,in_vehicle,,78.54991806097169,true,78
72032,1,osmand,2026-01-31 01:01:16,2026-01-31 01:01:15,2026-01-31 01:01:15,true,35.657645,138.9642607,460.26,21.7126928,29.0,,0.0,1.4902377010964269E7,,8346434,in_vehicle,,79.46654554015328,true,78
72033,1,osmand,2026-01-31 01:01:22,2026-01-31 01:01:21,2026-01-31 01:01:21,true,35.6582674,138.9646651,458.26,26.1835248,29.0,,0.0,1.4902455358563785E7,,8346510,in_vehicle,,78.34759951659841,true,78
72034,1,osmand,2026-01-31 01:01:30,2026-01-31 01:01:29,2026-01-31 01:01:29,true,35.6589951,138.9645882,459.27,27.2720752,310.0,,0.0,1.4902536663811263E7,,8346604,in_vehicle,,81.3052474789775,true,78
72035,1,osmand,2026-01-31 01:01:36,2026-01-31 01:01:35,2026-01-31 01:01:35,true,35.6596443,138.9643307,460.67,29.1964768,12.0,,0.0,1.4902612592588702E7,,8346685,in_vehicle,,75.92877743932524,true,78
72036,1,osmand,2026-01-31 01:01:41,2026-01-31 01:01:40,2026-01-31 01:01:40,true,35.6602666,138.9647108,461.81,26.319593599999997,16.0,,0.0,1.4902689928151261E7,,8346781,in_vehicle,,77.33556255916648,true,78
72037,1,osmand,2026-01-31 01:01:46,2026-01-31 01:01:45,2026-01-31 01:01:45,true,35.6609971,138.9649445,464.28,33.5701168,16.0,,0.0,1.4902773949205186E7,,8346848,in_vehicle,,84.02105392551381,true,78
72038,1,osmand,2026-01-31 01:01:51,2026-01-31 01:01:50,2026-01-31 01:01:50,true,35.6617172,138.9652594,467.83,32.07336,19.0,,0.0,1.4902859019637968E7,,8346950,in_vehicle,,85.0704327821133,true,78
72039,1,osmand,2026-01-31 01:01:56,2026-01-31 01:01:55,2026-01-31 01:01:55,true,35.6623421,138.9656364,469.79,31.4124544,38.0,,0.0,1.4902936490361499E7,,8347028,in_vehicle,,77.47072352951989,true,78
72040,1,osmand,2026-01-31 01:02:01,2026-01-31 01:02:00,2026-01-31 01:02:00,true,35.6628957,138.9661326,473.06,29.7018752,36.0,,0.0,1.4903012725813191E7,,8347089,in_vehicle,,76.23545169334275,true,78
72041,1,osmand,2026-01-31 01:02:07,2026-01-31 01:02:06,2026-01-31 01:02:06,true,35.6634733,138.9666575,476.26,23.423272,37.0,,0.0,1.4903092650521735E7,,8347184,in_vehicle,,79.92470854356533,true,78
72042,1,osmand,2026-01-31 01:02:14,2026-01-31 01:02:13,2026-01-31 01:02:13,true,35.6640816,138.9671896,480.31,25.4837424,25.0,,0.0,1.4903175724793766E7,,8347255,in_vehicle,,83.07427203059437,true,78
72043,1,osmand,2026-01-31 01:02:20,2026-01-31 01:02:19,2026-01-31 01:02:19,true,35.6648591,138.9672984,481.56,28.2634336,0.0,,0.0,1.4903262833256032E7,,8347355,in_vehicle,,87.10846226578882,true,78
72044,1,osmand,2026-01-31 01:02:26,2026-01-31 01:02:25,2026-01-31 01:02:25,true,35.6655801,138.9673531,481.23,24.200808,1.0,,0.0,1.490334324692602E7,,8347435,in_vehicle,,80.4136699888372,true,78
72045,1,osmand,2026-01-31 01:02:34,2026-01-31 01:02:33,2026-01-31 01:02:33,true,35.6662032,138.9669428,482.41,30.0517664,289.0,,0.0,1.4903421912039228E7,,8347523,in_vehicle,,78.66511320675073,true,78
72046,1,osmand,2026-01-31 01:02:39,2026-01-31 01:02:38,2026-01-31 01:02:38,true,35.6662869,138.9661153,483.26,27.8357888,284.0,,0.0,1.4903497328079527E7,,8347584,in_vehicle,,75.41604029907332,true,78
72047,1,osmand,2026-01-31 01:02:46,2026-01-31 01:02:45,2026-01-31 01:02:45,true,35.6667534,138.9653606,484.69,25.328235199999998,335.0,,0.0,1.490358309169796E7,,8347663,in_vehicle,,85.76361843196456,true,78
72048,1,osmand,2026-01-31 01:02:51,2026-01-31 01:02:50,2026-01-31 01:02:50,true,35.6675095,138.9654618,487.3,33.6089936,10.0,,0.0,1.4903667756504815E7,,8347775,in_vehicle,,84.66480685582302,true,78
72049,1,osmand,2026-01-31 01:02:55,2026-01-31 01:02:54,2026-01-31 01:02:54,true,35.6681912,138.9656213,490.73,28.788270400000002,7.0,,0.0,1.4903745001784017E7,,8347852,in_vehicle,,77.2452792023523,true,78
72050,1,osmand,2026-01-31 01:03:03,2026-01-31 01:03:02,2026-01-31 01:03:02,true,35.668896,138.9656974,493.18,22.7040512,7.0,,0.0,1.4903823761030847E7,,8347919,in_vehicle,,78.75924682920099,true,78
72051,1,osmand,2026-01-31 01:03:09,2026-01-31 01:03:08,2026-01-31 01:03:08,true,35.6695648,138.9660333,498.33,25.5420576,21.0,,0.0,1.4903904170325596E7,,8348011,in_vehicle,,80.40929474881735,true,77
72052,1,osmand,2026-01-31 01:03:14,2026-01-31 01:03:13,2026-01-31 01:03:13,true,35.6702616,138.9661096,502.71,35.086312,355.0,,0.0,1.4903982044052053E7,,8348089,in_vehicle,,77.87372645645367,true,77
72053,1,osmand,2026-01-31 01:03:18,2026-01-31 01:03:17,2026-01-31 01:03:17,true,35.6709447,138.9660753,506.26,33.9394464,357.0,,0.0,1.4904058149635373E7,,8348165,in_vehicle,,76.10558331879193,true,77
72054,1,osmand,2026-01-31 01:03:23,2026-01-31 01:03:22,2026-01-31 01:03:22,true,35.6717346,138.9659038,509.15,32.09279840000001,345.0,,0.0,1.490414743818858E7,,8348237,in_vehicle,,89.28855320851143,true,77
72055,1,osmand,2026-01-31 01:03:28,2026-01-31 01:03:27,2026-01-31 01:03:27,true,35.6724618,138.9658574,511.16,34.1532688,6.0,,0.0,1.4904228498399144E7,,8348336,in_vehicle,,81.06021056341162,true,77
72056,1,osmand,2026-01-31 01:03:33,2026-01-31 01:03:32,2026-01-31 01:03:32,true,35.6732043,138.9660032,514.36,29.624121600000002,18.0,,0.0,1.4904312198130542E7,,8348403,in_vehicle,,83.69973139885806,true,77
72057,1,osmand,2026-01-31 01:03:38,2026-01-31 01:03:37,2026-01-31 01:03:37,true,35.6738009,138.9664186,516.42,29.429737600000003,32.0,,0.0,1.4904388499104748E7,,8348496,in_vehicle,,76.30097420438658,true,77
72058,1,osmand,2026-01-31 01:03:43,2026-01-31 01:03:42,2026-01-31 01:03:42,true,35.6743464,138.966919,517.7,29.740752,36.0,,0.0,1.4904464230027815E7,,8348556,in_vehicle,,75.7309230671082,true,77
72059,1,osmand,2026-01-31 01:03:48,2026-01-31 01:03:47,2026-01-31 01:03:47,true,35.6749913,138.967207,518.46,32.55932,10.0,,0.0,1.4904540598009061E7,,8348648,in_vehicle,,76.36798124542237,true,77
72060,1,osmand,2026-01-31 01:03:53,2026-01-31 01:03:52,2026-01-31 01:03:52,true,35.6756985,138.9673429,518.03,31.3541392,13.0,,0.0,1.4904620276576424E7,,8348727,in_vehicle,,79.67856736303207,true,77
72061,1,osmand,2026-01-31 01:03:58,2026-01-31 01:03:57,2026-01-31 01:03:57,true,35.6763467,138.9676357,519.27,27.583089599999997,19.0,,0.0,1.4904697138282932E7,,8348789,in_vehicle,,76.86170650796444,true,77
72062,1,osmand,2026-01-31 01:04:04,2026-01-31 01:04:03,2026-01-31 01:04:03,true,35.6771243,138.9678456,521.14,31.8012224,10.0,,0.0,1.4904785756853456E7,,8348875,in_vehicle,,88.6185705233227,true,77
72063,1,osmand,2026-01-31 01:04:09,2026-01-31 01:04:08,2026-01-31 01:04:08,true,35.6778317,138.9680646,525.0,32.6370736,18.0,,0.0,1.4904866956156863E7,,8348973,in_vehicle,,81.19930340715183,true,77
72064,1,osmand,2026-01-31 01:04:14,2026-01-31 01:04:13,2026-01-31 01:04:13,true,35.6785108,138.9683598,527.49,25.4837424,21.0,,0.0,1.4904947127626717E7,,8349039,in_vehicle,,80.17146985468698,true,77
72065,1,osmand,2026-01-31 01:04:20,2026-01-31 01:04:19,2026-01-31 01:04:19,true,35.6792093,138.968572,529.48,31.393015999999996,4.0,,0.0,1.4905027216844052E7,,8349118,in_vehicle,,80.08921733578522,true,77
72066,1,osmand,2026-01-31 01:04:25,2026-01-31 01:04:24,2026-01-31 01:04:24,true,35.6799297,138.9685709,529.84,30.518288,359.0,,0.0,1.4905107411466904E7,,8349214,in_vehicle,,80.19462285270012,true,77
72067,1,osmand,2026-01-31 01:04:30,2026-01-31 01:04:29,2026-01-31 01:04:29,true,35.6806668,138.9685804,531.5,30.9653712,359.0,,0.0,1.4905189469559979E7,,8349295,in_vehicle,,82.05809307474848,true,77
72068,1,osmand,2026-01-31 01:04:35,2026-01-31 01:04:34,2026-01-31 01:04:34,true,35.6814,138.9687911,532.69,32.539881599999994,15.0,,0.0,1.4905273283114951E7,,8349363,in_vehicle,,83.81355497283707,true,77
72069,1,osmand,2026-01-31 01:04:40,2026-01-31 01:04:39,2026-01-31 01:04:39,true,35.6821692,138.9691138,535.35,32.267744,18.0,,0.0,1.4905363745193452E7,,8349470,in_vehicle,,90.46207850005337,true,77
72070,1,osmand,2026-01-31 01:04:45,2026-01-31 01:04:44,2026-01-31 01:04:44,true,35.6827862,138.9694692,537.13,31.179193599999998,41.0,,0.0,1.490543957525336E7,,8349546,in_vehicle,,75.83005990912397,true,77
72071,1,osmand,2026-01-31 01:04:51,2026-01-31 01:04:50,2026-01-31 01:04:50,true,35.6833712,138.9700503,541.05,28.380064,27.0,,0.0,1.4905523250994902E7,,8349616,in_vehicle,,83.6757415414924,true,77
72072,1,osmand,2026-01-31 01:04:56,2026-01-31 01:04:55,2026-01-31 01:04:55,true,35.684098,138.9701683,543.38,29.3908608,357.0,,0.0,1.4905604858476212E7,,8349695,in_vehicle,,81.60748130966019,true,77
72073,1,osmand,2026-01-31 01:05:01,2026-01-31 01:05:00,2026-01-31 01:05:00,true,35.684751,138.9699277,544.36,23.520464,338.0,,0.0,1.4905680735600812E7,,8349760,in_vehicle,,75.87712459992308,true,77
72074,1,osmand,2026-01-31 01:05:08,2026-01-31 01:05:07,2026-01-31 01:05:07,true,35.6850069,138.9691514,543.19,26.7083616,261.0,,0.0,1.4905756487305192E7,,8349857,in_vehicle,,75.75170437924578,true,77
72075,1,osmand,2026-01-31 01:05:13,2026-01-31 01:05:12,2026-01-31 01:05:12,true,35.6850014,138.9683098,543.24,31.6262768,290.0,,0.0,1.4905832585324124E7,,8349950,in_vehicle,,76.09801893030664,true,77
72076,1,osmand,2026-01-31 01:05:18,2026-01-31 01:05:17,2026-01-31 01:05:17,true,35.6853329,138.967544,543.18,26.144648,309.0,,0.0,1.490591104683082E7,,8350015,in_vehicle,,78.46150669673233,true,77
72077,1,osmand,2026-01-31 01:05:25,2026-01-31 01:05:24,2026-01-31 01:05:24,true,35.6856117,138.9667856,541.48,21.012910400000003,278.0,,0.0,1.4905986315678103E7,,8350106,in_vehicle,,75.26884728272366,true,77
72078,1,osmand,2026-01-31 01:05:32,2026-01-31 01:05:31,2026-01-31 01:05:31,true,35.6857893,138.9658778,540.34,23.4621488,285.0,,0.0,1.4906070743598199E7,,8350179,in_vehicle,,84.42792009556743,true,77
72079,1,osmand,2026-01-31 01:05:38,2026-01-31 01:05:37,2026-01-31 01:05:37,true,35.6862346,138.9651452,540.27,31.334700800000004,315.0,,0.0,1.4906153477335375E7,,8350260,in_vehicle,,82.73373717677354,true,77
72080,1,osmand,2026-01-31 01:05:43,2026-01-31 01:05:42,2026-01-31 01:05:42,true,35.6867379,138.9645419,542.96,30.4599728,321.0,,0.0,1.4906231672732309E7,,8350353,in_vehicle,,78.1953969344118,true,77
72081,1,osmand,2026-01-31 01:05:49,2026-01-31 01:05:48,2026-01-31 01:05:48,true,35.6873881,138.9641107,546.56,29.0798464,1.0,,0.0,1.4906313884957125E7,,8350422,in_vehicle,,82.2122248169208,true,77
72082,1,osmand,2026-01-31 01:05:55,2026-01-31 01:05:54,2026-01-31 01:05:54,true,35.6881189,138.9644213,548.96,25.7753184,19.0,,0.0,1.4906399947936708E7,,8350498,in_vehicle,,86.0629795834277,true,77
72083,1,osmand,2026-01-31 01:06:02,2026-01-31 01:06:01,2026-01-31 01:06:01,true,35.6887934,138.9646878,553.65,18.388726400000003,19.0,,0.0,1.4906478804383822E7,,8350603,in_vehicle,,78.85644711393115,true,77
72084,1,osmand,2026-01-31 01:06:13,2026-01-31 01:06:12,2026-01-31 01:06:12,true,35.6893339,138.9641841,563.16,19.632784,293.0,,0.0,1.4906554264315614E7,,8350676,in_vehicle,,75.45993179361906,true,77
72085,1,osmand,2026-01-31 01:06:22,2026-01-31 01:06:21,2026-01-31 01:06:21,true,35.6897505,138.9635084,570.82,19.380084800000002,312.0,,0.0,1.4906630964453438E7,,8350746,in_vehicle,,76.70013782410891,true,77
72086,1,osmand,2026-01-31 01:06:34,2026-01-31 01:06:33,2026-01-31 01:06:33,true,35.6899816,138.9627215,576.59,13.509688,330.0,,0.0,1.4906706618186964E7,,8350843,in_vehicle,,75.65373352553927,true,77
72087,1,osmand,2026-01-31 01:06:44,2026-01-31 01:06:43,2026-01-31 01:06:43,true,35.6905555,138.9622478,583.51,16.425448,292.0,,0.0,1.4906783531745335E7,,8350925,in_vehicle,,76.91355837046719,true,77
72088,1,osmand,2026-01-31 01:06:50,2026-01-31 01:06:49,2026-01-31 01:06:49,true,35.6908967,138.9615311,586.27,28.6133248,300.0,,0.0,1.4906858640963482E7,,8351000,in_vehicle,,75.10921814585642,true,77
72089,1,osmand,2026-01-31 01:06:56,2026-01-31 01:06:55,2026-01-31 01:06:55,true,35.6914241,138.9607987,587.34,26.4751008,319.0,,0.0,1.4906947136844043E7,,8351075,in_vehicle,,88.49588056112789,true,77
72090,1,osmand,2026-01-31 01:07:03,2026-01-31 01:07:02,2026-01-31 01:07:02,true,35.6918355,138.9601206,590.56,20.6241424,294.0,,0.0,1.4907023660820635E7,,8351170,in_vehicle,,76.52397659150049,true,77
72091,1,osmand,2026-01-31 01:07:11,2026-01-31 01:07:10,2026-01-31 01:07:10,true,35.6921072,138.9592176,591.85,24.686767999999997,301.0,,0.0,1.4907110723396769E7,,8351258,in_vehicle,,87.06257613399742,true,77
72092,1,osmand,2026-01-31 01:07:17,2026-01-31 01:07:16,2026-01-31 01:07:16,true,35.6924085,138.9584572,592.7,28.7105168,306.0,,0.0,1.4907187216352545E7,,8351335,in_vehicle,,76.49295577514295,true,77
72093,1,osmand,2026-01-31 01:07:23,2026-01-31 01:07:22,2026-01-31 01:07:22,true,35.6928886,138.9576512,594.71,29.3131072,306.0,,0.0,1.4907277583971845E7,,8351395,in_vehicle,,90.36761930080357,true,77
72094,1,osmand,2026-01-31 01:07:35,2026-01-31 01:07:34,2026-01-31 01:07:34,true,35.6932282,138.9569311,597.21,10.3801056,340.0,,0.0,1.4907352867305221E7,,8351495,in_vehicle,,75.28333337649832,true,77
72095,1,osmand,2026-01-31 01:07:47,2026-01-31 01:07:46,2026-01-31 01:07:46,true,35.6937759,138.9564244,598.71,13.4513728,303.0,,0.0,1.4907429128949767E7,,8351588,in_vehicle,,76.26164454593105,true,77
72096,1,osmand,2026-01-31 01:07:59,2026-01-31 01:07:58,2026-01-31 01:07:58,true,35.6940997,138.9556926,603.92,19.049632000000003,281.0,,0.0,1.490750447112079E7,,8351678,in_vehicle,,75.34217102199591,true,77
72097,1,osmand,2026-01-31 01:08:07,2026-01-31 01:08:06,2026-01-31 01:08:06,true,35.6939584,138.9547993,603.37,17.6111904,256.0,,0.0,1.4907586749652792E7,,8351771,in_vehicle,,82.27853200182588,true,77
72098,1,osmand,2026-01-31 01:08:14,2026-01-31 01:08:13,2026-01-31 01:08:13,true,35.6940334,138.9539499,605.99,19.1273856,280.0,,0.0,1.4907663994332641E7,,8351848,in_vehicle,,77.24467984931678,true,77
72099,1,osmand,2026-01-31 01:08:23,2026-01-31 01:08:22,2026-01-31 01:08:22,true,35.6942355,138.9531464,608.27,22.4124752,315.0,,0.0,1.4907740040716749E7,,8351917,in_vehicle,,76.04638410665831,true,77
72100,1,osmand,2026-01-31 01:08:34,2026-01-31 01:08:33,2026-01-31 01:08:33,true,35.6947986,138.9526349,611.06,22.8789968,339.0,,0.0,1.4907817936245823E7,,8351995,in_vehicle,,77.89552907413746,true,77
72101,1,osmand,2026-01-31 01:08:39,2026-01-31 01:08:38,2026-01-31 01:08:38,true,35.6955274,138.9527213,612.58,31.10144,9.0,,0.0,1.4907899441046339E7,,8352089,in_vehicle,,81.50480051569369,true,77
72102,1,osmand,2026-01-31 01:08:44,2026-01-31 01:08:43,2026-01-31 01:08:43,true,35.6962409,138.9528799,614.12,31.10144,9.0,,0.0,1.4907980151322784E7,,8352138,in_vehicle,,80.71027644564268,true,77
72103,1,osmand,2026-01-31 01:08:50,2026-01-31 01:08:49,2026-01-31 01:08:49,true,35.6970947,138.9529685,616.18,31.256947199999995,5.0,,0.0,1.490807553281964E7,,8352265,in_vehicle,,95.38149685581539,true,77
72104,1,osmand,2026-01-31 01:08:54,2026-01-31 01:08:53,2026-01-31 01:08:53,true,35.6973651,138.9521919,615.42,28.593886400000002,314.0,,0.0,1.4908151921107573E7,,8352341,in_vehicle,,76.38828793372406,true,77
72105,1,osmand,2026-01-31 01:08:59,2026-01-31 01:08:58,2026-01-31 01:08:58,true,35.6975233,138.9513742,617.92,28.963216,286.0,,0.0,1.4908227912912473E7,,8352402,in_vehicle,,75.99180489933909,true,77
72106,1,osmand,2026-01-31 01:09:05,2026-01-31 01:09:04,2026-01-31 01:09:04,true,35.697737,138.9504977,617.47,27.9524192,306.0,,0.0,1.4908310645430308E7,,8352488,in_vehicle,,82.73251783497986,true,77
72107,1,osmand,2026-01-31 01:09:10,2026-01-31 01:09:09,2026-01-31 01:09:09,true,35.6984027,138.9501402,617.94,33.2785408,357.0,,0.0,1.4908391491756912E7,,8352585,in_vehicle,,80.84632660357418,true,77
72108,1,osmand,2026-01-31 01:09:15,2026-01-31 01:09:14,2026-01-31 01:09:14,true,35.6992199,138.9502468,618.39,31.684592000000002,2.0,,0.0,1.490848297105711E7,,8352658,in_vehicle,,91.47930019737136,true,77
72109,1,osmand,2026-01-31 01:09:21,2026-01-31 01:09:20,2026-01-31 01:09:20,true,35.6999612,138.9499266,619.36,26.4167856,329.0,,0.0,1.4908570421819769E7,,8352736,in_vehicle,,87.45076265976448,true,77
72110,1,osmand,2026-01-31 01:09:27,2026-01-31 01:09:26,2026-01-31 01:09:26,true,35.7006711,138.9495626,620.38,29.0798464,351.0,,0.0,1.4908656024679389E7,,8352821,in_vehicle,,85.6028596203884,true,77
72111,1,osmand,2026-01-31 01:09:32,2026-01-31 01:09:31,2026-01-31 01:09:31,true,35.7014162,138.9497931,620.67,37.438358400000006,24.0,,0.0,1.490874154612084E7,,8352937,in_vehicle,,85.52144144971987,true,77
72112,1,osmand,2026-01-31 01:09:37,2026-01-31 01:09:36,2026-01-31 01:09:36,true,35.7021523,138.9502875,624.78,36.777452800000006,39.0,,0.0,1.4908834884278083E7,,8353011,in_vehicle,,93.33815724381653,true,77
72113,1,osmand,2026-01-31 01:09:42,2026-01-31 01:09:41,2026-01-31 01:09:41,true,35.7027225,138.9510188,626.26,35.5139568,45.0,,0.0,1.4908926531796386E7,,8353122,in_vehicle,,91.64751830415047,true,77
72114,1,osmand,2026-01-31 01:09:47,2026-01-31 01:09:46,2026-01-31 01:09:46,true,35.7032905,138.951713,629.68,32.539881599999994,42.0,,0.0,1.490901561606821E7,,8353194,in_vehicle,,89.08427182458563,true,77
72115,1,osmand,2026-01-31 01:09:52,2026-01-31 01:09:51,2026-01-31 01:09:51,true,35.7039019,138.9521135,636.48,32.2483056,4.0,,0.0,1.4909092706814447E7,,8353289,in_vehicle,,77.09074623650088,true,77
72116,1,osmand,2026-01-31 01:09:57,2026-01-31 01:09:56,2026-01-31 01:09:56,true,35.7046338,138.9519057,640.47,30.6349184,344.0,,0.0,1.4909176318901539E7,,8353373,in_vehicle,,83.61208709199971,true,77
72117,1,osmand,2026-01-31 01:10:02,2026-01-31 01:10:01,2026-01-31 01:10:01,true,35.7051636,138.9513079,645.16,35.0474352,302.0,,0.0,1.490925630905689E7,,8353455,in_vehicle,,79.99015535127961,true,77
72118,1,osmand,2026-01-31 01:10:07,2026-01-31 01:10:06,2026-01-31 01:10:06,true,35.7056284,138.9506561,648.05,28.477256,332.0,,0.0,1.49093347222874E7,,8353520,in_vehicle,,78.41323051086181,true,77
72119,1,osmand,2026-01-31 01:10:12,2026-01-31 01:10:11,2026-01-31 01:10:11,true,35.7063615,138.9507188,652.09,36.4664384,24.0,,0.0,1.490941652718026E7,,8353618,in_vehicle,,81.80489286005562,true,77
72120,1,osmand,2026-01-31 01:10:17,2026-01-31 01:10:16,2026-01-31 01:10:16,true,35.7070498,138.9510555,656.25,28.574448,19.0,,0.0,1.4909498971831491E7,,8353686,in_vehicle,,82.44465123025232,true,77
72121,1,osmand,2026-01-31 01:10:22,2026-01-31 01:10:21,2026-01-31 01:10:21,true,35.7078228,138.951255,660.61,35.377888,9.0,,0.0,1.4909586891085748E7,,8353788,in_vehicle,,87.91925425718078,true,77
72122,1,osmand,2026-01-31 01:10:27,2026-01-31 01:10:26,2026-01-31 01:10:26,true,35.7085201,138.9513055,665.69,26.6889232,347.0,,0.0,1.4909664648270665E7,,8353852,in_vehicle,,77.75718491758268,true,77
72123,1,osmand,2026-01-31 01:10:32,2026-01-31 01:10:31,2026-01-31 01:10:31,true,35.7090125,138.9506951,670.14,34.3670912,296.0,,0.0,1.4909742422128202E7,,8353946,in_vehicle,,77.77385753749152,true,77
72124,1,osmand,2026-01-31 01:10:37,2026-01-31 01:10:36,2026-01-31 01:10:36,true,35.7092292,138.9498549,675.46,29.1381616,277.0,,0.0,1.490982210720069E7,,8354026,in_vehicle,,79.68507248748658,true,77
72125,1,osmand,2026-01-31 01:10:42,2026-01-31 01:10:41,2026-01-31 01:10:41,true,35.7091667,138.9489797,679.96,35.8055328,250.0,,0.0,1.4909901522142792E7,,8354107,in_vehicle,,79.41494210323657,true,77
72126,1,osmand,2026-01-31 01:10:46,2026-01-31 01:10:45,2026-01-31 01:10:45,true,35.7088257,138.9481981,682.04,36.1359856,239.0,,0.0,1.490998172358753E7,,8354168,in_vehicle,,80.20144473671449,true,77
72127,1,osmand,2026-01-31 01:10:51,2026-01-31 01:10:50,2026-01-31 01:10:50,true,35.7084371,138.9474002,685.54,31.5290848,242.0,,0.0,1.4910065824935496E7,,8354271,in_vehicle,,84.1013479666625,true,77
72128,1,osmand,2026-01-31 01:10:57,2026-01-31 01:10:56,2026-01-31 01:10:56,true,35.7080776,138.9465555,688.43,23.4621488,251.0,,0.0,1.4910152030611822E7,,8354345,in_vehicle,,86.20567632589906,true,77
72129,1,osmand,2026-01-31 01:11:02,2026-01-31 01:11:01,2026-01-31 01:11:01,true,35.7081847,138.9457244,690.85,35.280696,283.0,,0.0,1.491022809515086E7,,8354434,in_vehicle,,76.06453903786138,true,77
72130,1,osmand,2026-01-31 01:11:07,2026-01-31 01:11:06,2026-01-31 01:11:06,true,35.7081326,138.9446891,692.69,39.1878144,249.0,,0.0,1.4910321856990578E7,,8354529,in_vehicle,,93.7618397171699,true,77
72131,1,osmand,2026-01-31 01:11:11,2026-01-31 01:11:10,2026-01-31 01:11:10,true,35.7077948,138.9438026,694.05,41.7342448,243.0,,0.0,1.4910410373743523E7,,8354595,in_vehicle,,88.51675294504997,true,77
72132,1,osmand,2026-01-31 01:11:15,2026-01-31 01:11:14,2026-01-31 01:11:14,true,35.707538,138.9429615,695.25,35.397326400000004,252.0,,0.0,1.4910491599212104E7,,8354679,in_vehicle,,81.22546858061159,true,77
72133,1,osmand,2026-01-31 01:12:04,2026-01-31 01:11:21,2026-01-31 01:11:21,true,35.7078087,138.9421231,695.99,28.0301728,341.0,,0.0,1.4910573155240983E7,,8354777,in_vehicle,,81.55602887810528,true,77
72134,1,osmand,2026-01-31 01:12:04,2026-01-31 01:11:26,2026-01-31 01:11:26,true,35.7085419,138.9424522,699.28,31.159755200000003,29.0,,0.0,1.4910660026801258E7,,8354880,in_vehicle,,86.87156027634252,true,77
72135,1,osmand,2026-01-31 01:12:05,2026-01-31 01:11:31,2026-01-31 01:11:31,true,35.709278,138.942494,703.49,35.863848,346.0,,0.0,1.491074205614083E7,,8354965,in_vehicle,,82.02933957241517,true,77
72136,1,osmand,2026-01-31 01:12:05,2026-01-31 01:11:36,2026-01-31 01:11:36,true,35.7099401,138.9421494,705.15,28.380064,312.0,,0.0,1.4910822072339058E7,,8355031,in_vehicle,,80.01619822779494,true,77
72137,1,osmand,2026-01-31 01:12:05,2026-01-31 01:11:43,2026-01-31 01:11:43,true,35.7105326,138.941559,707.5,26.6889232,357.0,,0.0,1.491090691455098E7,,8355135,in_vehicle,,84.8422119226293,true,77
72138,1,osmand,2026-01-31 01:12:05,2026-01-31 01:11:48,2026-01-31 01:11:48,true,35.7113574,138.9413704,708.03,38.002072,330.0,,0.0,1.491100030001099E7,,8355209,in_vehicle,,93.385460010038,true,77
72139,1,osmand,2026-01-31 01:12:05,2026-01-31 01:11:52,2026-01-31 01:11:52,true,35.7118999,138.9408516,705.9,36.4664384,316.0,,0.0,1.4911076759217182E7,,8355305,in_vehicle,,76.45920619274744,true,77
72140,1,osmand,2026-01-31 01:12:06,2026-01-31 01:11:57,2026-01-31 01:11:57,true,35.7124519,138.9402118,704.58,30.7321104,319.0,,0.0,1.4911161140244037E7,,8355390,in_vehicle,,84.38102685422056,true,76
72141,1,osmand,2026-01-31 01:12:06,2026-01-31 01:12:03,2026-01-31 01:12:03,true,35.7130641,138.9395654,706.44,29.0215312,319.0,,0.0,1.4911250906350873E7,,8355479,in_vehicle,,89.76610683693583,true,76
72142,1,osmand,2026-01-31 01:12:18,2026-01-31 01:12:16,2026-01-31 01:12:16,true,35.7145162,138.9402789,706.44,0.0,0.0,,400.0,1.4911424942819087E7,,8355479,in_vehicle,,174.03646821299571,true,76
72143,1,osmand,2026-01-31 01:12:24,2026-01-31 01:12:22,2026-01-31 01:12:22,true,35.7132231,138.9405939,706.44,0.0,0.0,,400.0,1.491157167870255E7,,8355479,in_vehicle,,146.73588346234172,true,76
72144,1,osmand,2026-01-31 01:12:25,2026-01-31 01:12:24,2026-01-31 01:12:24,true,35.7160922,138.9385331,672.9,27.0388144,318.0,,0.0,1.4911941411052635E7,,8355828,in_vehicle,,369.7323500846171,true,76
72145,1,osmand,2026-01-31 01:12:32,2026-01-31 01:12:31,2026-01-31 01:12:31,true,35.716836,138.9385216,699.62,35.5917104,20.0,,0.0,1.4912024217013462E7,,8355894,in_vehicle,,82.8059608265578,true,76
72146,1,osmand,2026-01-31 01:12:36,2026-01-31 01:12:35,2026-01-31 01:12:35,true,35.7175385,138.9388594,715.59,44.105729600000004,19.0,,0.0,1.4912108167429572E7,,8355995,in_vehicle,,83.95041611123436,true,76
72147,1,osmand,2026-01-31 01:12:40,2026-01-31 01:12:39,2026-01-31 01:12:39,true,35.7182188,138.9392831,721.91,38.2547712,30.0,,0.0,1.4912193029534146E7,,8356080,in_vehicle,,84.86210457486833,true,76
72148,1,osmand,2026-01-31 01:12:44,2026-01-31 01:12:43,2026-01-31 01:12:43,true,35.7188656,138.9396257,724.37,39.0517456,16.0,,0.0,1.4912271406717315E7,,8356159,in_vehicle,,78.37718316932695,true,76
72149,1,osmand,2026-01-31 01:12:48,2026-01-31 01:12:47,2026-01-31 01:12:47,true,35.7195784,138.9398581,726.03,35.1640656,15.0,,0.0,1.4912353488142362E7,,8356241,in_vehicle,,82.08142504736568,true,76
72150,1,osmand,2026-01-31 01:14:22,2026-01-31 01:12:47,2026-01-31 01:12:47,true,35.7195784,138.9398581,726.03,35.1640656,15.0,,0.0,1.4912353488142362E7,,8356241,in_vehicle,,0.0,true,76
72151,1,osmand,2026-01-31 01:14:22,2026-01-31 01:12:52,2026-01-31 01:12:52,true,35.7201948,138.9402434,734.19,30.712672,51.0,,0.0,1.491243043591471E7,,8356289,in_vehicle,,76.9477723478142,true,76
72152,1,osmand,2026-01-31 01:14:23,2026-01-31 01:12:57,2026-01-31 01:12:57,true,35.7205994,138.9410383,741.95,32.170552,56.0,,0.0,1.4912515228250679E7,,8356387,in_vehicle,,84.7923359683152,true,76
72153,1,osmand,2026-01-31 01:14:23,2026-01-31 01:13:03,2026-01-31 01:13:03,true,35.7210425,138.9418097,750.22,26.9610608,56.0,,0.0,1.4912600630055003E7,,8356475,in_vehicle,,85.40180432484624,true,76
72154,1,osmand,2026-01-31 01:14:23,2026-01-31 01:13:09,2026-01-31 01:13:09,true,35.7214544,138.9425518,758.21,26.144648,55.0,,0.0,1.491268187434522E7,,8356557,in_vehicle,,81.2442902174011,true,76
72155,1,osmand,2026-01-31 01:14:23,2026-01-31 01:14:19,2026-01-31 01:14:19,true,35.717647,138.9402789,760.93,0.0,0.0,,400.0,1.4913152869528914E7,,8356557,in_vehicle,,470.9951836924727,true,76
72156,1,osmand,2026-01-31 01:15:55,2026-01-31 01:15:54,2026-01-31 01:15:54,true,35.7440869,138.9601079,813.26,31.6262768,55.0,,0.0,1.4916598684861228E7,,8356557,in_vehicle,,3445.8153323139068,true,76
72157,1,osmand,2026-01-31 01:15:58,2026-01-31 01:15:57,2026-01-31 01:15:57,true,35.7448918,138.9599176,777.41,41.9091904,324.0,,0.0,1.4916689920662075E7,,8356557,in_vehicle,,91.235800848176,true,76
72158,1,osmand,2026-01-31 01:16:04,2026-01-31 01:16:02,2026-01-31 01:16:02,true,35.7455049,138.9594134,792.13,31.6651536,318.0,,0.0,1.4916771977010611E7,,8359621,in_vehicle,,82.05634853682433,true,76
72159,1,osmand,2026-01-31 01:16:09,2026-01-31 01:16:08,2026-01-31 01:16:08,true,35.7460764,138.95892,798.22,23.32608,316.0,,0.0,1.4916849659662684E7,,8359728,in_vehicle,,77.68265207277423,true,76
72160,1,osmand,2026-01-31 01:16:16,2026-01-31 01:16:15,2026-01-31 01:16:15,true,35.7466586,138.9582771,807.49,26.3779088,311.0,,0.0,1.4916936689589426E7,,8359815,in_vehicle,,87.02992674059776,true,76
72161,1,osmand,2026-01-31 01:16:22,2026-01-31 01:16:21,2026-01-31 01:16:21,true,35.747129,138.9575191,811.64,28.8465856,305.0,,0.0,1.491702289887135E7,,8359902,in_vehicle,,86.20928192385165,true,76
72162,1,osmand,2026-01-31 01:16:28,2026-01-31 01:16:27,2026-01-31 01:16:27,true,35.7475299,138.9567231,814.37,25.2116048,300.0,,0.0,1.4917107536938172E7,,8359987,in_vehicle,,84.63806682275992,true,76
72163,1,osmand,2026-01-31 01:16:35,2026-01-31 01:16:34,2026-01-31 01:16:34,true,35.7476104,138.9558093,814.31,17.3196144,285.0,,0.0,1.4917190580724364E7,,8360072,in_vehicle,,83.04378619318116,true,76
72164,1,osmand,2026-01-31 01:16:42,2026-01-31 01:16:41,2026-01-31 01:16:41,true,35.7483002,138.9557308,814.38,22.256968,332.0,,0.0,1.4917267695732145E7,,8360140,in_vehicle,,77.11500777957028,true,76
72165,1,osmand,2026-01-31 01:16:48,2026-01-31 01:16:47,2026-01-31 01:16:47,true,35.7489622,138.9552833,815.5,30.4794112,319.0,,0.0,1.4917351750998894E7,,8360220,in_vehicle,,84.05526674938473,true,76
72166,1,osmand,2026-01-31 01:16:53,2026-01-31 01:16:52,2026-01-31 01:16:52,true,35.7492494,138.9544961,811.16,26.2612784,297.0,,0.0,1.4917429726247022E7,,8360301,in_vehicle,,77.9752481279335,true,76
72167,1,osmand,2026-01-31 01:16:59,2026-01-31 01:16:58,2026-01-31 01:16:58,true,35.7499625,138.9544146,809.41,29.6629984,15.0,,0.0,1.4917509448925555E7,,8360404,in_vehicle,,79.72267853261498,true,76
72168,1,osmand,2026-01-31 01:17:04,2026-01-31 01:17:03,2026-01-31 01:17:03,true,35.7505745,138.9549099,809.02,27.8552272,33.0,,0.0,1.4917590957667546E7,,8360471,in_vehicle,,81.50874199184815,true,76
72169,1,osmand,2026-01-31 01:17:10,2026-01-31 01:17:09,2026-01-31 01:17:09,true,35.7513353,138.9550481,803.27,24.0453008,9.0,,0.0,1.491767656489623E7,,8360558,in_vehicle,,85.60722868397204,true,76
72170,1,osmand,2026-01-31 01:17:24,2026-01-31 01:17:23,2026-01-31 01:17:23,true,35.7512142,138.9541131,791.05,28.5161328,248.0,,0.0,1.491776210413564E7,,8360711,in_vehicle,,85.53923941066998,true,76
72171,1,osmand,2026-01-31 01:17:32,2026-01-31 01:17:31,2026-01-31 01:17:31,true,35.7510009,138.9532639,781.78,14.1705936,287.0,,0.0,1.4917842413617192E7,,8360806,in_vehicle,,80.30948155198311,true,76
72172,1,osmand,2026-01-31 01:17:41,2026-01-31 01:17:40,2026-01-31 01:17:40,true,35.7515957,138.9537051,755.5,19.3606464,4.0,,0.0,1.491791969808528E7,,8360882,in_vehicle,,77.28446808767664,true,76
72173,1,osmand,2026-01-31 01:17:47,2026-01-31 01:17:46,2026-01-31 01:17:46,true,35.7523154,138.9534965,755.5,25.3476736,340.0,,0.0,1.4918002001309903E7,,8360974,in_vehicle,,82.30322462337114,true,76
72174,1,osmand,2026-01-31 01:17:53,2026-01-31 01:17:52,2026-01-31 01:17:52,true,35.7530126,138.9531012,755.5,25.2116048,326.0,,0.0,1.4918087435181867E7,,8361059,in_vehicle,,85.43387196469425,true,76
72175,1,osmand,2026-01-31 01:18:00,2026-01-31 01:17:59,2026-01-31 01:17:59,true,35.7537095,138.9526464,755.5,25.328235199999998,336.0,,0.0,1.4918175222141176E7,,8361133,in_vehicle,,87.78695930872489,true,76
72176,1,osmand,2026-01-31 01:18:06,2026-01-31 01:18:05,2026-01-31 01:18:05,true,35.7544654,138.9527431,755.5,26.669484800000003,5.0,,0.0,1.4918259820791522E7,,8361216,in_vehicle,,84.59865034551206,true,76
72177,1,osmand,2026-01-31 01:18:12,2026-01-31 01:18:11,2026-01-31 01:18:11,true,35.7551512,138.95277,755.5,23.578779200000003,347.0,,0.0,1.491833620236545E7,,8361295,in_vehicle,,76.38157392823318,true,76
72178,1,osmand,2026-01-31 01:18:19,2026-01-31 01:18:18,2026-01-31 01:18:18,true,35.7556883,138.9521462,755.5,19.0107552,298.0,,0.0,1.491841836343022E7,,8361371,in_vehicle,,82.16106476979161,true,76
72179,1,osmand,2026-01-31 01:18:31,2026-01-31 01:18:30,2026-01-31 01:18:30,true,35.7558341,138.9512123,755.5,22.7040512,269.0,,0.0,1.4918504276604792E7,,8361470,in_vehicle,,85.91317457125447,true,76
72180,1,osmand,2026-01-31 01:18:39,2026-01-31 01:18:38,2026-01-31 01:18:38,true,35.7560852,138.950421,755.5,12.3628224,268.0,,0.0,1.4918581031240046E7,,8361558,in_vehicle,,76.75463525466594,true,76
72181,1,osmand,2026-01-31 01:18:52,2026-01-31 01:18:51,2026-01-31 01:18:51,true,35.7553979,138.9506811,755.5,16.5032016,148.0,,0.0,1.4918661067864891E7,,8361658,in_vehicle,,80.03662484549463,true,76
72182,1,osmand,2026-01-31 01:19:01,2026-01-31 01:19:00,2026-01-31 01:19:00,true,35.7546641,138.9507146,755.5,20.002113599999998,179.0,,0.0,1.4918742810148185E7,,8361749,in_vehicle,,81.74228329468382,true,76
72183,1,osmand,2026-01-31 01:19:14,2026-01-31 01:19:13,2026-01-31 01:19:13,true,35.7540179,138.9504763,764.78,4.8012848,265.0,,0.0,1.4918817897036646E7,,8361819,in_vehicle,,75.08688846037381,true,76
72184,1,osmand,2026-01-31 01:19:46,2026-01-31 01:19:45,2026-01-31 01:19:45,true,35.753477,138.9499409,776.7,8.3779504,185.0,,0.0,1.4918895130608546E7,,8361918,in_vehicle,,77.23357190092938,true,75
72185,1,osmand,2026-01-31 01:33:31,2026-01-31 01:33:30,2026-01-31 01:33:30,true,35.7533912,138.949861,776.6,1.2051808,61.0,,0.0,1.491890710256315E7,,8362018,still,,11.971954604314236,true,74
72186,1,osmand,2026-01-31 01:33:54,2026-01-31 01:33:53,2026-01-31 01:33:53,true,35.7540668,138.9498222,776.5,10.1662832,4.0,,0.0,1.491898239164961E7,,8362083,still,,75.28908645852563,true,74
72187,1,osmand,2026-01-31 01:34:12,2026-01-31 01:34:11,2026-01-31 01:34:11,true,35.7543298,138.9506335,775.8,18.272096,15.0,,0.0,1.4919061314993117E7,,8362193,still,,78.92334350694931,true,74
72188,1,osmand,2026-01-31 01:34:21,2026-01-31 01:34:20,2026-01-31 01:34:20,true,35.7550864,138.9506018,775.8,19.244016000000002,357.0,,0.0,1.4919145587991133E7,,8362277,still,,84.27299801611764,true,74
72189,1,osmand,2026-01-31 01:34:29,2026-01-31 01:34:28,2026-01-31 01:34:28,true,35.7557538,138.9501908,775.8,19.846606400000002,320.0,,0.0,1.4919228643657587E7,,8362373,still,,83.05566645493695,true,74
72190,1,osmand,2026-01-31 01:34:41,2026-01-31 01:34:40,2026-01-31 01:34:40,true,35.7559354,138.9510467,775.8,21.7904464,113.0,,0.0,1.4919308562462997E7,,8362492,still,,79.91880540901182,true,74
72191,1,osmand,2026-01-31 01:35:03,2026-01-31 01:35:02,2026-01-31 01:35:02,true,35.756211,138.9502727,775.8,27.252636799999998,272.0,,0.0,1.491938491805417E7,,8362694,still,,76.35559117508822,true,74
72192,1,osmand,2026-01-31 01:35:09,2026-01-31 01:35:08,2026-01-31 01:35:08,true,35.7564417,138.9494065,775.8,25.6198112,300.0,,0.0,1.491946727434503E7,,8362764,in_vehicle,,82.35629085772929,true,74
72193,1,osmand,2026-01-31 01:35:15,2026-01-31 01:35:14,2026-01-31 01:35:14,true,35.7567784,138.9485988,775.8,26.9416224,297.0,,0.0,1.4919549303037269E7,,8362845,in_vehicle,,82.02869223931661,true,74
72194,1,osmand,2026-01-31 01:35:28,2026-01-31 01:35:27,2026-01-31 01:35:27,true,35.7561749,138.948128,775.8,24.1424928,179.0,,0.0,1.4919628815122915E7,,8362991,in_vehicle,,79.51208564680928,true,73
72195,1,osmand,2026-01-31 01:35:34,2026-01-31 01:35:33,2026-01-31 01:35:33,true,35.7555925,138.9475673,775.8,19.2634544,235.0,,0.0,1.4919711088377042E7,,8363074,in_vehicle,,82.2732541258403,true,73
72196,1,osmand,2026-01-31 01:35:45,2026-01-31 01:35:44,2026-01-31 01:35:44,true,35.7563059,138.9473183,744.31,15.2397056,325.0,,0.0,1.4919793627899159E7,,8363187,in_vehicle,,82.53952211674559,true,73
72197,1,osmand,2026-01-31 01:35:53,2026-01-31 01:35:52,2026-01-31 01:35:52,true,35.7568301,138.9467565,739.63,17.300176,311.0,,0.0,1.4919870963679401E7,,8363246,in_vehicle,,77.33578024276852,true,73
72198,1,osmand,2026-01-31 01:36:02,2026-01-31 01:36:01,2026-01-31 01:36:01,true,35.7573698,138.946138,729.63,15.0841984,307.0,,0.0,1.49199530079927E7,,8363346,in_vehicle,,82.04431329940708,true,73
72199,1,osmand,2026-01-31 01:36:21,2026-01-31 01:36:20,2026-01-31 01:36:20,true,35.7578135,138.9468325,695.5,12.5960832,94.0,,0.0,1.4920032855735637E7,,8363489,in_vehicle,,79.84774293788406,true,73
72200,1,osmand,2026-01-31 01:36:32,2026-01-31 01:36:31,2026-01-31 01:36:31,true,35.7584423,138.9473954,695.5,23.2872032,12.0,,0.0,1.4920119373615144E7,,8363576,in_vehicle,,86.51787950740548,true,73
72201,1,osmand,2026-01-31 01:36:49,2026-01-31 01:36:48,2026-01-31 01:36:48,true,35.7587229,138.9481705,681.0,30.5960416,103.0,,0.0,1.492019604326603E7,,8363670,in_vehicle,,76.66965088649386,true,73
72202,1,osmand,2026-01-31 01:36:55,2026-01-31 01:36:54,2026-01-31 01:36:54,true,35.758468,138.9490922,681.0,28.0107344,121.0,,0.0,1.4920284006702226E7,,8363761,in_vehicle,,87.96343619563737,true,73
72203,1,osmand,2026-01-31 01:37:01,2026-01-31 01:37:00,2026-01-31 01:37:00,true,35.7580995,138.9498558,681.0,24.7256448,99.0,,0.0,1.4920364262000013E7,,8363843,in_vehicle,,80.25529778746242,true,73
72204,1,osmand,2026-01-31 01:37:06,2026-01-31 01:37:05,2026-01-31 01:37:05,true,35.7581787,138.9507478,681.0,31.5874,90.0,,0.0,1.492044532150182E7,,8363938,in_vehicle,,81.05950180690546,true,73
72205,1,osmand,2026-01-31 01:37:12,2026-01-31 01:37:11,2026-01-31 01:37:11,true,35.758417,138.9516275,681.0,26.9610608,71.0,,0.0,1.4920529099551762E7,,8364023,in_vehicle,,83.77804994171093,true,73
72206,1,osmand,2026-01-31 01:37:17,2026-01-31 01:37:16,2026-01-31 01:37:16,true,35.758048,138.9523893,681.0,29.740752,140.0,,0.0,1.4920609243687397E7,,8364088,in_vehicle,,80.14413563498589,true,73
72207,1,osmand,2026-01-31 01:37:22,2026-01-31 01:37:21,2026-01-31 01:37:21,true,35.7575374,138.9530038,681.0,29.6046832,111.0,,0.0,1.4920688693174902E7,,8364189,in_vehicle,,79.44948750481691,true,73
72208,1,osmand,2026-01-31 01:37:28,2026-01-31 01:37:27,2026-01-31 01:37:27,true,35.7574034,138.9539104,681.0,29.4880528,88.0,,0.0,1.4920771938738253E7,,8364273,in_vehicle,,83.24556335127618,true,73
72209,1,osmand,2026-01-31 01:37:33,2026-01-31 01:37:32,2026-01-31 01:37:32,true,35.7574134,138.9548963,681.0,38.0798256,91.0,,0.0,1.4920861007555243E7,,8364342,in_vehicle,,89.06881698947899,true,73
72210,1,osmand,2026-01-31 01:37:37,2026-01-31 01:37:36,2026-01-31 01:37:36,true,35.7575025,138.955791,681.0,42.2007664,76.0,,0.0,1.4920942437084656E7,,8364422,in_vehicle,,81.42952941415292,true,73
72211,1,osmand,2026-01-31 01:37:41,2026-01-31 01:37:40,2026-01-31 01:37:40,true,35.7576908,138.9566634,681.0,34.3865296,78.0,,0.0,1.492102398569434E7,,8364508,in_vehicle,,81.5486096824544,true,73
72212,1,osmand,2026-01-31 01:37:46,2026-01-31 01:37:45,2026-01-31 01:37:45,true,35.7578732,138.9574927,681.0,24.0841776,68.0,,0.0,1.4921101603542054E7,,8364604,in_vehicle,,77.61784771427641,true,73
72213,1,osmand,2026-01-31 01:37:52,2026-01-31 01:37:51,2026-01-31 01:37:51,true,35.7585716,138.9577427,681.0,27.6219664,13.0,,0.0,1.4921182562728181E7,,8364671,in_vehicle,,80.95918612706707,true,73
72214,1,osmand,2026-01-31 01:37:59,2026-01-31 01:37:58,2026-01-31 01:37:58,true,35.7587578,138.9585752,681.0,20.935156799999998,110.0,,0.0,1.4921260570146669E7,,8364753,in_vehicle,,78.00741848654435,true,73
72215,1,osmand,2026-01-31 01:38:09,2026-01-31 01:38:08,2026-01-31 01:38:08,true,35.759151,138.9593273,681.0,24.239684800000003,26.0,,0.0,1.4921341389323287E7,,8364871,in_vehicle,,80.81917661835708,true,73
72216,1,osmand,2026-01-31 01:38:15,2026-01-31 01:38:14,2026-01-31 01:38:14,true,35.7596516,138.9599441,655.6,25.9113872,68.0,,0.0,1.4921420192226911E7,,8364952,in_vehicle,,78.80290362507078,true,73
72217,1,osmand,2026-01-31 01:38:21,2026-01-31 01:38:20,2026-01-31 01:38:20,true,35.7594498,138.9607443,653.52,26.3584704,117.0,,0.0,1.4921495887049548E7,,8365031,in_vehicle,,75.69482263810545,true,73
72218,1,osmand,2026-01-31 01:38:26,2026-01-31 01:38:25,2026-01-31 01:38:25,true,35.7590852,138.9614603,656.01,26.5722928,119.0,,0.0,1.4921572245776696E7,,8365094,in_vehicle,,76.35872714803126,true,73
72219,1,osmand,2026-01-31 01:38:32,2026-01-31 01:38:31,2026-01-31 01:38:31,true,35.7587311,138.9623107,656.8,27.252636799999998,100.0,,0.0,1.4921658588698227E7,,8365181,in_vehicle,,86.34292153090348,true,73
72220,1,osmand,2026-01-31 01:38:37,2026-01-31 01:38:36,2026-01-31 01:38:36,true,35.758724,138.9631581,658.56,32.753704000000006,92.0,,0.0,1.4921735141890008E7,,8365272,in_vehicle,,76.55319178011287,true,73
72221,1,osmand,2026-01-31 01:38:42,2026-01-31 01:38:41,2026-01-31 01:38:41,true,35.7585266,138.9640048,657.14,29.9156976,110.0,,0.0,1.4921814721923642E7,,8365336,in_vehicle,,79.58003363391221,true,73
72222,1,osmand,2026-01-31 01:38:48,2026-01-31 01:38:47,2026-01-31 01:38:47,true,35.7581818,138.9647927,655.36,23.3843952,113.0,,0.0,1.4921895586443897E7,,8365420,in_vehicle,,80.86452025621887,true,73
72223,1,osmand,2026-01-31 01:38:55,2026-01-31 01:38:54,2026-01-31 01:38:54,true,35.7583105,138.965746,655.63,29.215915199999998,43.0,,0.0,1.4921982886074292E7,,8365525,in_vehicle,,87.2996303938463,true,73
72224,1,osmand,2026-01-31 01:39:00,2026-01-31 01:38:55,2026-01-31 01:38:55,true,35.7584273,138.9658535,655.57,31.120878400000002,30.0,,0.0,1.4921999114375416E7,,8365525,in_vehicle,,16.22830112456127,true,73
72225,1,osmand,2026-01-31 01:39:00,2026-01-31 01:38:59,2026-01-31 01:38:59,true,35.7589582,138.9660114,656.03,29.818505599999998,0.0,,0.0,1.4922059910821283E7,,8365588,in_vehicle,,60.79644586734052,true,73
72226,1,osmand,2026-01-31 01:39:06,2026-01-31 01:39:05,2026-01-31 01:39:05,true,35.7597308,138.9662284,654.38,29.8573824,39.0,,0.0,1.4922148121860582E7,,8365660,in_vehicle,,88.21103929935975,true,73
72227,1,osmand,2026-01-31 01:39:10,2026-01-31 01:39:09,2026-01-31 01:39:09,true,35.7603514,138.9666781,647.48,43.5225776,35.0,,0.0,1.4922228264941456E7,,8365750,in_vehicle,,80.1430808743302,true,73
72228,1,osmand,2026-01-31 01:39:14,2026-01-31 01:39:13,2026-01-31 01:39:13,true,35.7608945,138.9673191,645.1,39.3821984,46.0,,0.0,1.4922311977871323E7,,8365837,in_vehicle,,83.71292986730751,true,73
72229,1,osmand,2026-01-31 01:39:18,2026-01-31 01:39:17,2026-01-31 01:39:17,true,35.761057,138.96821,642.66,37.574427199999995,85.0,,0.0,1.4922394462253125E7,,8365920,in_vehicle,,82.48438180310596,true,73
72230,1,osmand,2026-01-31 01:39:22,2026-01-31 01:39:21,2026-01-31 01:39:21,true,35.7607169,138.9691336,641.57,43.075494400000004,127.0,,0.0,1.4922486080903811E7,,8366008,in_vehicle,,91.61865068544313,true,73
72231,1,osmand,2026-01-31 01:39:26,2026-01-31 01:39:25,2026-01-31 01:39:25,true,35.7602392,138.9699246,639.61,36.2914928,121.0,,0.0,1.492257515006396E7,,8366099,in_vehicle,,89.0691601481065,true,73
72232,1,osmand,2026-01-31 01:39:31,2026-01-31 01:39:30,2026-01-31 01:39:30,true,35.7600529,138.9707251,635.93,26.8833072,81.0,,0.0,1.492265037639977E7,,8366197,in_vehicle,,75.22633580986063,true,73
72233,1,osmand,2026-01-31 01:39:37,2026-01-31 01:39:36,2026-01-31 01:39:36,true,35.7603354,138.9716629,636.45,32.9286496,68.0,,0.0,1.4922740738898473E7,,8366287,in_vehicle,,90.36249870232417,true,73
72234,1,osmand,2026-01-31 01:39:42,2026-01-31 01:39:41,2026-01-31 01:39:41,true,35.7605896,138.9725245,634.6,31.3541392,69.0,,0.0,1.4922823553614842E7,,8366370,in_vehicle,,82.81471636810886,true,73
72235,1,osmand,2026-01-31 01:39:48,2026-01-31 01:39:47,2026-01-31 01:39:47,true,35.760651,138.9734333,631.11,26.7472384,92.0,,0.0,1.4922905931332903E7,,8366453,in_vehicle,,82.3777180619235,true,73
72236,1,osmand,2026-01-31 01:39:54,2026-01-31 01:39:53,2026-01-31 01:39:53,true,35.7606171,138.9743795,629.12,33.4729248,70.0,,0.0,1.4922991486672476E7,,8366539,in_vehicle,,85.55533957320348,true,73
72237,1,osmand,2026-01-31 01:39:59,2026-01-31 01:39:58,2026-01-31 01:39:58,true,35.7605018,138.9753359,626.27,34.8530512,107.0,,0.0,1.4923078828439524E7,,8366629,in_vehicle,,87.34176704908728,true,73
72238,1,osmand,2026-01-31 01:40:04,2026-01-31 01:40:03,2026-01-31 01:40:03,true,35.7603793,138.976346,621.78,37.807688,94.0,,0.0,1.4923171086325001E7,,8366722,in_vehicle,,92.25788547724419,true,73
72239,1,osmand,2026-01-31 01:40:08,2026-01-31 01:40:07,2026-01-31 01:40:07,true,35.7602395,138.9772595,619.18,42.414588800000004,103.0,,0.0,1.4923255059547892E7,,8366806,in_vehicle,,83.97322289097946,true,73
72240,1,osmand,2026-01-31 01:40:12,2026-01-31 01:40:11,2026-01-31 01:40:11,true,35.7601575,138.9781648,616.86,38.8573616,90.0,,0.0,1.4923337345367357E7,,8366888,in_vehicle,,82.28581946499703,true,73
72241,1,osmand,2026-01-31 01:40:17,2026-01-31 01:40:16,2026-01-31 01:40:16,true,35.760184,138.9790934,614.64,22.470790400000002,81.0,,0.0,1.4923421279941654E7,,8366960,in_vehicle,,83.93457429685193,true,73
72242,1,osmand,2026-01-31 01:40:23,2026-01-31 01:40:22,2026-01-31 01:40:22,true,35.760799,138.9797057,612.4,31.7623456,31.0,,0.0,1.4923509292491095E7,,8367047,in_vehicle,,88.01254944075598,true,73
72243,1,osmand,2026-01-31 01:40:29,2026-01-31 01:40:28,2026-01-31 01:40:28,true,35.7611281,138.9805265,609.7,21.479432000000003,68.0,,0.0,1.4923591993729064E7,,8367123,in_vehicle,,82.70123796880398,true,73
72244,1,osmand,2026-01-31 01:40:37,2026-01-31 01:40:36,2026-01-31 01:40:36,true,35.7618739,138.9808604,608.47,25.7170032,12.0,,0.0,1.4923680324818641E7,,8367239,in_vehicle,,88.33108957660833,true,73
72245,1,osmand,2026-01-31 01:40:44,2026-01-31 01:40:43,2026-01-31 01:40:43,true,35.7623228,138.9814877,602.09,25.5031808,75.0,,0.0,1.4923755875872057E7,,8367322,in_vehicle,,75.55105341599663,true,73
72246,1,osmand,2026-01-31 01:40:50,2026-01-31 01:40:49,2026-01-31 01:40:49,true,35.7627599,138.9821613,603.04,27.524774400000002,37.0,,0.0,1.4923833784972992E7,,8367403,in_vehicle,,77.90910093490068,true,73
72247,1,osmand,2026-01-31 01:40:55,2026-01-31 01:40:54,2026-01-31 01:40:54,true,35.7631272,138.9828796,603.06,26.8444304,71.0,,0.0,1.4923910477044294E7,,8367480,in_vehicle,,76.69207130249131,true,73
72248,1,osmand,2026-01-31 01:41:01,2026-01-31 01:41:00,2026-01-31 01:41:00,true,35.7630132,138.9838613,601.86,32.09279840000001,108.0,,0.0,1.4924000056643559E7,,8367555,in_vehicle,,89.57959926518507,true,73
72249,1,osmand,2026-01-31 01:41:07,2026-01-31 01:41:06,2026-01-31 01:41:06,true,35.7625671,138.9846526,598.09,27.7580352,137.0,,0.0,1.492408709193885E7,,8367647,in_vehicle,,87.03529529155394,true,73
72250,1,osmand,2026-01-31 01:41:15,2026-01-31 01:41:14,2026-01-31 01:41:14,true,35.7621503,138.9853654,595.6,20.5852656,108.0,,0.0,1.4924166454921674E7,,8367740,in_vehicle,,79.36298282418932,true,73
72251,1,osmand,2026-01-31 01:41:23,2026-01-31 01:41:22,2026-01-31 01:41:22,true,35.7619024,138.9862425,592.22,22.004268800000002,106.0,,0.0,1.4924250352117723E7,,8367824,in_vehicle,,83.89719604956454,true,73
72252,1,osmand,2026-01-31 01:41:30,2026-01-31 01:41:29,2026-01-31 01:41:29,true,35.7617969,138.9871723,587.89,24.7450832,97.0,,0.0,1.4924335158582386E7,,8367910,in_vehicle,,84.80646466321491,true,73
72253,1,osmand,2026-01-31 01:41:36,2026-01-31 01:41:35,2026-01-31 01:41:35,true,35.7618034,138.9880637,585.89,27.4275824,94.0,,0.0,1.4924415682535393E7,,8367977,in_vehicle,,80.52395300778366,true,73
72254,1,osmand,2026-01-31 01:41:41,2026-01-31 01:41:40,2026-01-31 01:41:40,true,35.7614668,138.9889599,585.75,34.0949536,111.0,,0.0,1.4924504888115468E7,,8368080,in_vehicle,,89.20558007509143,true,73
72255,1,osmand,2026-01-31 01:41:46,2026-01-31 01:41:45,2026-01-31 01:41:45,true,35.7612602,138.9898101,584.93,29.254792000000002,98.0,,0.0,1.4924585057308452E7,,8368146,in_vehicle,,80.169192984991,true,73
72256,1,osmand,2026-01-31 01:41:53,2026-01-31 01:41:52,2026-01-31 01:41:52,true,35.7613035,138.9906426,586.03,17.5334368,38.0,,0.0,1.492466041234718E7,,8368232,in_vehicle,,75.35503872886801,true,73
72257,1,osmand,2026-01-31 01:42:10,2026-01-31 01:42:09,2026-01-31 01:42:09,true,35.7619832,138.990709,581.99,14.714868800000001,28.0,,0.0,1.4924736313565642E7,,8368317,in_vehicle,,75.90121846130434,true,73
72258,1,osmand,2026-01-31 01:42:19,2026-01-31 01:42:18,2026-01-31 01:42:18,true,35.762415,138.9914494,585.15,20.4491968,82.0,,0.0,1.4924818675590357E7,,8368382,in_vehicle,,82.36202471573948,true,73
72259,1,osmand,2026-01-31 01:42:27,2026-01-31 01:42:21,2026-01-31 01:42:21,true,35.7624541,138.991811,584.46,19.671660799999998,84.0,,0.0,1.4924851627606185E7,,8368415,in_vehicle,,32.95201582832986,true,73
72260,1,osmand,2026-01-31 01:42:27,2026-01-31 01:42:26,2026-01-31 01:42:26,true,35.7625139,138.9922724,582.78,17.49456,61.0,,0.0,1.4924893834067158E7,,8368479,in_vehicle,,42.20646097276834,true,73
72261,1,osmand,2026-01-31 01:42:35,2026-01-31 01:42:34,2026-01-31 01:42:34,true,35.7627792,138.99308,582.87,11.002134400000001,44.0,,0.0,1.492497253563282E7,,8368544,in_vehicle,,78.70156566155855,true,73
72262,1,osmand,2026-01-31 01:42:42,2026-01-31 01:42:41,2026-01-31 01:42:41,true,35.7635118,138.9928649,583.12,35.4556416,342.0,,0.0,1.4925056370904136E7,,8368639,in_vehicle,,83.83527131509602,true,73
72263,1,osmand,2026-01-31 01:42:46,2026-01-31 01:42:45,2026-01-31 01:42:45,true,35.7641265,138.9924788,583.27,36.991275200000004,337.0,,0.0,1.492513317404465E7,,8368716,in_vehicle,,76.80314051344844,true,73
72264,1,osmand,2026-01-31 01:42:51,2026-01-31 01:42:50,2026-01-31 01:42:50,true,35.7648623,138.9922281,582.3,27.2720752,338.0,,0.0,1.4925218155608024E7,,8368787,in_vehicle,,84.98156337465086,true,73
72265,1,osmand,2026-01-31 01:42:59,2026-01-31 01:42:58,2026-01-31 01:42:58,true,35.7654597,138.9927742,583.12,24.103616000000002,26.0,,0.0,1.4925300955060769E7,,8368867,in_vehicle,,82.7994527450902,true,73
72266,1,osmand,2026-01-31 01:43:05,2026-01-31 01:43:04,2026-01-31 01:43:04,true,35.766163,138.9932655,584.49,29.7213136,36.0,,0.0,1.4925390948478516E7,,8368954,in_vehicle,,89.99341774724087,true,73
72267,1,osmand,2026-01-31 01:43:12,2026-01-31 01:43:11,2026-01-31 01:43:11,true,35.766883,138.9934354,587.58,23.32608,13.0,,0.0,1.492547255445567E7,,8369073,in_vehicle,,81.6059771543089,true,73
72268,1,osmand,2026-01-31 01:43:17,2026-01-31 01:43:16,2026-01-31 01:43:16,true,35.7674887,138.9939996,589.97,25.5420576,41.0,,0.0,1.4925557072654586E7,,8369143,in_vehicle,,84.51819891615283,true,73
72269,1,osmand,2026-01-31 01:43:24,2026-01-31 01:43:23,2026-01-31 01:43:23,true,35.7674777,138.9949391,590.37,27.0971296,58.0,,0.0,1.492564194103015E7,,8369220,in_vehicle,,84.86837556352829,true,73
72270,1,osmand,2026-01-31 01:43:30,2026-01-31 01:43:28,2026-01-31 01:43:28,true,35.7676767,138.9958401,589.21,33.04528,78.0,,0.0,1.4925726284144841E7,,8369310,in_vehicle,,84.34311469100508,true,73
72271,1,osmand,2026-01-31 01:43:31,2026-01-31 01:43:29,2026-01-31 01:43:29,true,35.7677012,138.9960366,588.38,31.179193599999998,82.0,,0.0,1.4925744241118241E7,,8369347,in_vehicle,,17.956973399107717,true,73
72272,1,osmand,2026-01-31 01:43:36,2026-01-31 01:43:33,2026-01-31 01:43:33,true,35.7677271,138.9967395,587.63,30.12952,95.0,,0.0,1.4925807795212915E7,,8369379,in_vehicle,,63.554094674709,true,73
72273,1,osmand,2026-01-31 01:43:42,2026-01-31 01:43:41,2026-01-31 01:43:41,true,35.7675355,138.9975771,587.66,13.568003200000001,117.0,,0.0,1.492588639962256E7,,8369466,in_vehicle,,78.60440964446445,true,73
72274,1,osmand,2026-01-31 01:44:42,2026-01-31 01:43:50,2026-01-31 01:43:50,true,35.7678151,138.9984164,588.77,28.127364800000002,25.0,,0.0,1.4925968349285368E7,,8369569,in_vehicle,,81.94966280910849,true,73
72275,1,osmand,2026-01-31 01:44:42,2026-01-31 01:43:57,2026-01-31 01:43:57,true,35.7685672,138.9983902,587.7,29.935136,337.0,,0.0,1.4926052106112303E7,,8369672,in_vehicle,,83.75682693596768,true,72
72276,1,osmand,2026-01-31 01:44:43,2026-01-31 01:44:02,2026-01-31 01:44:02,true,35.7693355,138.9980023,586.31,34.6781056,335.0,,0.0,1.4926144530974949E7,,8369725,in_vehicle,,92.42486264529212,true,72
72277,1,osmand,2026-01-31 01:44:43,2026-01-31 01:44:06,2026-01-31 01:44:06,true,35.7699663,138.9976202,585.07,34.1532688,332.0,,0.0,1.4926222773980409E7,,8369842,in_vehicle,,78.24300546066038,true,72
72278,1,osmand,2026-01-31 01:44:43,2026-01-31 01:44:11,2026-01-31 01:44:11,true,35.7707053,138.9974367,583.73,31.5485232,351.0,,0.0,1.4926306692041835E7,,8369894,in_vehicle,,83.91806142551656,true,72
72279,1,osmand,2026-01-31 01:44:44,2026-01-31 01:44:17,2026-01-31 01:44:17,true,35.7713748,138.9969732,584.05,22.606859200000002,326.0,,0.0,1.4926392173175536E7,,8369986,in_vehicle,,85.48113370074003,true,72
72280,1,osmand,2026-01-31 01:44:44,2026-01-31 01:44:23,2026-01-31 01:44:23,true,35.7720812,138.9970022,584.09,30.6932336,11.0,,0.0,1.4926470852873737E7,,8370076,in_vehicle,,78.67969819999207,true,72
72281,1,osmand,2026-01-31 01:44:44,2026-01-31 01:44:28,2026-01-31 01:44:28,true,35.7728326,138.9971915,582.85,31.2375088,11.0,,0.0,1.4926556227819122E7,,8370177,in_vehicle,,85.37494538570232,true,72
72282,1,osmand,2026-01-31 01:44:44,2026-01-31 01:44:34,2026-01-31 01:44:34,true,35.7735075,138.9975281,582.11,24.6478912,31.0,,0.0,1.492663727510361E7,,8370232,in_vehicle,,81.04728448797567,true,72
72283,1,osmand,2026-01-31 01:44:45,2026-01-31 01:44:41,2026-01-31 01:44:41,true,35.7740396,138.998127,581.5,20.313128,68.0,,0.0,1.4926717489697069E7,,8370318,in_vehicle,,80.21459345831275,true,72
72284,1,osmand,2026-01-31 01:44:51,2026-01-31 01:44:50,2026-01-31 01:44:50,true,35.774299,138.9989162,579.1,20.993472,42.0,,0.0,1.4926794394626202E7,,8370409,in_vehicle,,76.9049291329452,true,72
72285,1,osmand,2026-01-31 01:44:57,2026-01-31 01:44:56,2026-01-31 01:44:56,true,35.7748531,138.9995221,578.84,32.9286496,44.0,,0.0,1.4926876852128498E7,,8370501,in_vehicle,,82.45750229646906,true,72
72286,1,osmand,2026-01-31 01:45:02,2026-01-31 01:45:01,2026-01-31 01:45:01,true,35.7753366,139.0001159,578.86,23.831478399999998,44.0,,0.0,1.4926952832517602E7,,8370577,in_vehicle,,75.98038910325916,true,72
72287,1,osmand,2026-01-31 01:45:14,2026-01-31 01:45:13,2026-01-31 01:45:13,true,35.7751721,139.001046,578.23,26.786115199999998,132.0,,0.0,1.492703880760312E7,,8370687,in_vehicle,,85.97508551883827,true,72
72288,1,osmand,2026-01-31 01:45:21,2026-01-31 01:45:20,2026-01-31 01:45:20,true,35.7747284,139.0017743,576.67,20.507512000000002,116.0,,0.0,1.4927121064614981E7,,8370758,in_vehicle,,82.25701186066911,true,72
72289,1,osmand,2026-01-31 01:45:29,2026-01-31 01:45:28,2026-01-31 01:45:28,true,35.7751153,139.0025458,576.53,31.256947199999995,22.0,,0.0,1.4927202979725378E7,,8370845,in_vehicle,,81.91511039539196,true,72
72290,1,osmand,2026-01-31 01:45:35,2026-01-31 01:45:34,2026-01-31 01:45:34,true,35.7758128,139.0028037,577.53,21.012910400000003,9.0,,0.0,1.4927284043459622E7,,8370931,in_vehicle,,81.06373424382689,true,72
72291,1,osmand,2026-01-31 01:45:43,2026-01-31 01:45:42,2026-01-31 01:45:42,true,35.7765026,139.0025349,577.85,20.2548128,340.0,,0.0,1.492736457775661E7,,8371011,in_vehicle,,80.53429698800812,true,72
72292,1,osmand,2026-01-31 01:45:52,2026-01-31 01:45:51,2026-01-31 01:45:51,true,35.7772504,139.0025983,577.97,19.6522224,1.0,,0.0,1.4927448019162726E7,,8371084,in_vehicle,,83.44140611516272,true,72
72293,1,osmand,2026-01-31 01:46:01,2026-01-31 01:46:00,2026-01-31 01:46:00,true,35.7778611,139.0031068,578.35,17.747259200000002,37.0,,0.0,1.4927530059871873E7,,8371151,in_vehicle,,82.04070914774896,true,72
72294,1,osmand,2026-01-31 01:46:07,2026-01-31 01:46:06,2026-01-31 01:46:06,true,35.7780803,139.0040094,577.94,25.172728,41.0,,0.0,1.4927615149533398E7,,8371262,in_vehicle,,85.08966152489064,true,72
72295,1,osmand,2026-01-31 01:46:12,2026-01-31 01:46:11,2026-01-31 01:46:11,true,35.7784954,139.004696,582.28,21.148979200000003,67.0,,0.0,1.492769248164167E7,,8371326,in_vehicle,,77.33210827205079,true,72
72296,1,osmand,2026-01-31 01:46:21,2026-01-31 01:46:20,2026-01-31 01:46:20,true,35.7786149,139.0055674,582.63,24.6478912,51.0,,0.0,1.4927772295544641E7,,8371438,in_vehicle,,79.81390296979671,true,72
72297,1,osmand,2026-01-31 01:46:27,2026-01-31 01:46:26,2026-01-31 01:46:26,true,35.7788863,139.0064469,579.94,27.116567999999997,77.0,,0.0,1.4927857276199607E7,,8371525,in_vehicle,,84.98065496567366,true,72
72298,1,osmand,2026-01-31 01:46:32,2026-01-31 01:46:31,2026-01-31 01:46:31,true,35.7790924,139.0072857,579.18,35.0668736,81.0,,0.0,1.492793642723454E7,,8371604,in_vehicle,,79.15103493200388,true,72
72299,1,osmand,2026-01-31 01:46:37,2026-01-31 01:46:36,2026-01-31 01:46:36,true,35.779178,139.0082702,579.93,32.948088,81.0,,0.0,1.492802584750299E7,,8371693,in_vehicle,,89.42026844916218,true,72
72300,1,osmand,2026-01-31 01:46:43,2026-01-31 01:46:42,2026-01-31 01:46:42,true,35.7792376,139.0092197,578.78,29.682436799999998,97.0,,0.0,1.4928111853925755E7,,8371780,in_vehicle,,86.00642276592201,true,72
72301,1,osmand,2026-01-31 01:46:49,2026-01-31 01:46:48,2026-01-31 01:46:48,true,35.779141,139.010054,578.36,22.431913599999998,103.0,,0.0,1.4928187963774724E7,,8371846,in_vehicle,,76.10984896794075,true,72
72302,1,osmand,2026-01-31 01:46:56,2026-01-31 01:46:55,2026-01-31 01:46:55,true,35.7789694,139.0109589,578.3,25.658687999999998,108.0,,0.0,1.4928271889090117E7,,8371942,in_vehicle,,83.9253153927363,true,72
72303,1,osmand,2026-01-31 01:47:03,2026-01-31 01:47:02,2026-01-31 01:47:02,true,35.7786979,139.011851,578.67,25.8725104,116.0,,0.0,1.4928357938108722E7,,8372016,in_vehicle,,86.04901860533757,true,72
72304,1,osmand,2026-01-31 01:47:08,2026-01-31 01:47:07,2026-01-31 01:47:07,true,35.7783099,139.0125665,576.08,35.96104,118.0,,0.0,1.4928435662161218E7,,8372107,in_vehicle,,77.72405249712568,true,72
72305,1,osmand,2026-01-31 01:47:12,2026-01-31 01:47:11,2026-01-31 01:47:11,true,35.7780871,139.0133724,575.34,37.4772352,105.0,,0.0,1.4928512554423267E7,,8372184,in_vehicle,,76.89226204921353,true,72
72306,1,osmand,2026-01-31 01:47:17,2026-01-31 01:47:16,2026-01-31 01:47:16,true,35.7779257,139.0143366,575.96,30.285027200000002,101.0,,0.0,1.4928601467685785E7,,8372257,in_vehicle,,88.91326251737203,true,72
72307,1,osmand,2026-01-31 01:47:23,2026-01-31 01:47:22,2026-01-31 01:47:22,true,35.7776217,139.0151015,575.33,18.0971504,101.0,,0.0,1.4928678391471226E7,,8372341,in_vehicle,,76.92378544017242,true,72
72308,1,osmand,2026-01-31 01:47:31,2026-01-31 01:47:30,2026-01-31 01:47:30,true,35.7779412,139.0158881,575.77,22.062584,56.0,,0.0,1.49287578372482E7,,8372430,in_vehicle,,79.44577697447502,true,72
72309,1,osmand,2026-01-31 01:47:42,2026-01-31 01:47:41,2026-01-31 01:47:41,true,35.7786953,139.015939,575.34,14.714868800000001,357.0,,0.0,1.4928841909044063E7,,8372514,in_vehicle,,84.07179586169988,true,72
72310,1,osmand,2026-01-31 01:47:50,2026-01-31 01:47:49,2026-01-31 01:47:49,true,35.7793905,139.0160512,586.85,15.803419200000002,0.0,,0.0,1.4928919958905688E7,,8372576,in_vehicle,,78.04986162568997,true,72
72311,1,osmand,2026-01-31 01:47:58,2026-01-31 01:47:57,2026-01-31 01:47:57,true,35.7800364,139.0163256,588.36,11.8379856,54.0,,0.0,1.4928996010833673E7,,8372663,in_vehicle,,76.05192798558203,true,72
72312,1,osmand,2026-01-31 01:48:07,2026-01-31 01:48:06,2026-01-31 01:48:06,true,35.7804475,139.0170203,583.15,19.6910992,54.0,,0.0,1.4929073666255819E7,,8372738,in_vehicle,,77.65542214578223,true,72
72313,1,osmand,2026-01-31 01:48:14,2026-01-31 01:48:13,2026-01-31 01:48:13,true,35.7809173,139.017752,582.38,27.330390400000002,57.0,,0.0,1.4929157936846152E7,,8372833,in_vehicle,,84.27059033247102,true,72
72314,1,osmand,2026-01-31 01:48:20,2026-01-31 01:48:19,2026-01-31 01:48:19,true,35.7813384,139.0185536,582.84,28.0496112,57.0,,0.0,1.4929244180318402E7,,8372890,in_vehicle,,86.2434722498984,true,72
72315,1,osmand,2026-01-31 01:48:30,2026-01-31 01:48:28,2026-01-31 01:48:28,true,35.7804714,139.018757,582.84,0.0,0.0,,300.0,1.4929342426773276E7,,8372890,in_vehicle,,98.24645487417773,true,72
72316,1,osmand,2026-01-31 01:48:38,2026-01-31 01:48:35,2026-01-31 01:48:35,true,35.7813475,139.0210812,583.0,0.0,0.0,,26.4,1.4929573874019094E7,,8372890,in_vehicle,,231.44724581738905,true,72
72317,1,osmand,2026-01-31 01:48:41,2026-01-31 01:48:40,2026-01-31 01:48:40,true,35.7817019,139.0219322,583.0,21.7515696,55.0,,0.0,1.492966026096314E7,,8373225,in_vehicle,,86.38694404585003,true,72
72318,1,osmand,2026-01-31 01:48:50,2026-01-31 01:48:49,2026-01-31 01:48:49,true,35.7818757,139.0227712,583.0,23.4815872,62.0,,0.0,1.492973846044606E7,,8373307,in_vehicle,,78.19948291929826,true,72
72319,1,osmand,2026-01-31 01:48:57,2026-01-31 01:48:56,2026-01-31 01:48:56,true,35.7817555,139.0236537,583.0,21.5571856,107.0,,0.0,1.492981927260025E7,,8373404,in_vehicle,,80.81215418978212,true,72
72320,1,osmand,2026-01-31 01:49:04,2026-01-31 01:49:03,2026-01-31 01:49:03,true,35.7815305,139.02448,583.0,23.81204,108.0,,0.0,1.4929897985517707E7,,8373462,in_vehicle,,78.71291745628051,true,72
72321,1,osmand,2026-01-31 01:49:14,2026-01-31 01:49:13,2026-01-31 01:49:13,true,35.7819416,139.0252209,583.0,25.7170032,4.0,,0.0,1.4929979048023062E7,,8373583,in_vehicle,,81.06250535505006,true,72
72322,1,osmand,2026-01-31 01:49:21,2026-01-31 01:49:19,2026-01-31 01:49:19,true,35.7826534,139.0254098,583.0,26.4167856,11.0,,0.0,1.4930060100767188E7,,8373635,in_vehicle,,81.05274412662901,true,72
72323,1,osmand,2026-01-31 01:49:28,2026-01-31 01:49:27,2026-01-31 01:49:27,true,35.781422,139.0282166,583.0,21.0712256,16.0,,0.0,1.4930348268075157E7,,8373983,in_vehicle,,288.16730796983336,true,72
72324,1,osmand,2026-01-31 01:49:30,2026-01-31 01:49:29,2026-01-31 01:49:29,true,35.7821601,139.0280688,583.0,29.876820799999997,16.0,,0.0,1.4930431510068238E7,,8374052,in_vehicle,,83.2419930799581,true,72
72325,1,osmand,2026-01-31 01:49:34,2026-01-31 01:49:33,2026-01-31 01:49:33,true,35.7828892,139.0285054,583.0,37.1467824,44.0,,0.0,1.4930521743163954E7,,8374125,in_vehicle,,90.23309571584103,true,72
72326,1,osmand,2026-01-31 01:49:38,2026-01-31 01:49:37,2026-01-31 01:49:37,true,35.7834097,139.0290893,583.0,37.827126400000004,43.0,,0.0,1.4930600086588178E7,,8374202,in_vehicle,,78.34342422384526,true,72
72327,1,osmand,2026-01-31 01:49:44,2026-01-31 01:49:43,2026-01-31 01:49:43,true,35.7840802,139.0299598,583.0,36.0387936,45.0,,0.0,1.493070848765825E7,,8374349,in_vehicle,,108.40107007057549,true,72
72328,1,osmand,2026-01-31 01:49:51,2026-01-31 01:49:48,2026-01-31 01:49:48,true,35.7838183,139.0308783,583.0,30.6932336,101.0,,0.0,1.4930796407817457E7,,8374437,in_vehicle,,87.92015920703899,true,72
72329,1,osmand,2026-01-31 01:50:10,2026-01-31 01:49:54,2026-01-31 01:49:54,true,35.7836124,139.0317702,583.0,28.7105168,100.0,,0.0,1.4930880149325041E7,,8374507,in_vehicle,,83.74150758479887,true,72
72330,1,osmand,2026-01-31 01:50:12,2026-01-31 01:49:54,2026-01-31 01:49:54,true,35.7836124,139.0317702,583.0,28.7105168,100.0,,0.0,1.4930880149325041E7,,8374507,in_vehicle,,0.0,true,72
72331,1,osmand,2026-01-31 01:50:12,2026-01-31 01:50:11,2026-01-31 01:50:11,true,35.7851204,139.0335512,583.0,21.537747200000002,100.0,,0.0,1.49311126306641E7,,8374747,in_vehicle,,232.4813390598037,true,72
72332,1,osmand,2026-01-31 01:50:20,2026-01-31 01:50:18,2026-01-31 01:50:18,true,35.7857028,139.0339956,583.0,23.7537248,14.0,,0.0,1.4931188878593875E7,,8374839,in_vehicle,,76.2479297738159,true,72
72333,1,osmand,2026-01-31 01:50:29,2026-01-31 01:50:26,2026-01-31 01:50:26,true,35.7852403,139.0346166,583.0,30.032328,173.0,,0.0,1.493126500705756E7,,8374900,in_vehicle,,76.1284636848839,true,72
72334,1,osmand,2026-01-31 01:50:31,2026-01-31 01:50:30,2026-01-31 01:50:30,true,35.7845611,139.0344856,583.0,31.6262768,200.0,,0.0,1.493134153512761E7,,8374955,in_vehicle,,76.52807004994482,true,72
72335,1,osmand,2026-01-31 01:50:37,2026-01-31 01:50:36,2026-01-31 01:50:36,true,35.7838216,139.0343828,599.65,35.7860944,163.0,,0.0,1.4931424377683632E7,,8375060,in_vehicle,,82.84255602171753,true,72
72336,1,osmand,2026-01-31 01:50:42,2026-01-31 01:50:41,2026-01-31 01:50:41,true,35.7830279,139.0345048,626.74,29.9934512,184.0,,0.0,1.4931513416217387E7,,8375168,in_vehicle,,89.03853375489912,true,71
72337,1,osmand,2026-01-31 01:50:49,2026-01-31 01:50:48,2026-01-31 01:50:48,true,35.7823818,139.0348586,617.08,17.0669152,124.0,,0.0,1.4931592117119363E7,,8375215,in_vehicle,,78.70090197600982,true,71
72338,1,osmand,2026-01-31 01:50:55,2026-01-31 01:50:54,2026-01-31 01:50:54,true,35.7824448,139.0356876,596.52,22.8206816,77.0,,0.0,1.4931667309551949E7,,8375325,in_vehicle,,75.1924325852041,true,71
72339,1,osmand,2026-01-31 01:51:01,2026-01-31 01:51:00,2026-01-31 01:51:00,true,35.7829705,139.0362276,592.52,23.9286704,38.0,,0.0,1.4931743485408673E7,,8375404,in_vehicle,,76.1758567243121,true,71
72340,1,osmand,2026-01-31 01:51:06,2026-01-31 01:51:05,2026-01-31 01:51:05,true,35.7835263,139.0367426,594.4,30.3044656,40.0,,0.0,1.4931820887181895E7,,8375465,in_vehicle,,77.40177322259608,true,71
72341,1,osmand,2026-01-31 01:51:12,2026-01-31 01:51:11,2026-01-31 01:51:11,true,35.7838102,139.0375193,597.36,27.7580352,78.0,,0.0,1.4931897818815058E7,,8375562,in_vehicle,,76.93163316287288,true,71
72342,1,osmand,2026-01-31 01:51:17,2026-01-31 01:51:16,2026-01-31 01:51:16,true,35.7839813,139.0383621,590.29,32.2094288,85.0,,0.0,1.4931976275381586E7,,8375625,in_vehicle,,78.45656652720105,true,71
72343,1,osmand,2026-01-31 01:51:22,2026-01-31 01:51:21,2026-01-31 01:51:21,true,35.7841466,139.0391977,586.46,28.7105168,76.0,,0.0,1.4932053945713334E7,,8375719,in_vehicle,,77.67033174905421,true,71
72344,1,osmand,2026-01-31 01:51:28,2026-01-31 01:51:27,2026-01-31 01:51:27,true,35.7841937,139.0401388,584.68,26.6889232,100.0,,0.0,1.493213909351782E7,,8375806,in_vehicle,,85.14780448488484,true,71
72345,1,osmand,2026-01-31 01:51:34,2026-01-31 01:51:33,2026-01-31 01:51:33,true,35.7842677,139.0410268,580.95,28.963216,100.0,,0.0,1.4932219706470046E7,,8375888,in_vehicle,,80.61295222590346,true,71
72346,1,osmand,2026-01-31 01:51:40,2026-01-31 01:51:39,2026-01-31 01:51:39,true,35.7842456,139.0418978,579.18,22.0820224,85.0,,0.0,1.4932298400677007E7,,8375967,in_vehicle,,78.69420695983958,true,71
72347,1,osmand,2026-01-31 01:51:46,2026-01-31 01:51:42,2026-01-31 01:51:42,true,35.7841695,139.042319,579.43,29.64356,115.0,,0.0,1.4932337369159043E7,,8376006,in_vehicle,,38.96848203591202,true,71
72348,1,osmand,2026-01-31 01:51:46,2026-01-31 01:51:45,2026-01-31 01:51:45,true,35.7839929,139.0427982,578.92,29.293668800000003,111.0,,0.0,1.4932384899593048E7,,8376054,in_vehicle,,47.53043400424505,true,71
72349,1,osmand,2026-01-31 01:51:52,2026-01-31 01:51:51,2026-01-31 01:51:51,true,35.7836272,139.0435063,576.81,24.570137600000002,122.0,,0.0,1.4932460703819556E7,,8376118,in_vehicle,,75.80422650867703,true,71
72350,1,osmand,2026-01-31 01:52:01,2026-01-31 01:52:00,2026-01-31 01:52:00,true,35.7836802,139.0443914,575.86,17.2224224,61.0,,0.0,1.493254085092344E7,,8376215,in_vehicle,,80.1471038832621,true,71
72351,1,osmand,2026-01-31 01:52:10,2026-01-31 01:52:09,2026-01-31 01:52:09,true,35.7843771,139.0442565,573.35,28.7105168,327.0,,0.0,1.4932619380139228E7,,8376299,in_vehicle,,78.529215788035,true,71
72352,1,osmand,2026-01-31 01:52:15,2026-01-31 01:52:14,2026-01-31 01:52:14,true,35.7851169,139.0440364,572.74,31.995606400000003,348.0,,0.0,1.4932704098874582E7,,8376400,in_vehicle,,84.71873535354544,true,71
72353,1,osmand,2026-01-31 01:52:23,2026-01-31 01:52:22,2026-01-31 01:52:22,true,35.785678,139.0434161,577.68,28.749393599999998,294.0,,0.0,1.493278799853428E7,,8376479,in_vehicle,,83.899659698312,true,71
72354,1,osmand,2026-01-31 01:52:28,2026-01-31 01:52:27,2026-01-31 01:52:27,true,35.7860514,139.0427019,577.19,25.1921664,300.0,,0.0,1.4932864727560941E7,,8376556,in_vehicle,,76.72902666081936,true,71
72355,1,osmand,2026-01-31 01:52:36,2026-01-31 01:52:35,2026-01-31 01:52:35,true,35.7867052,139.0424687,575.61,18.6025488,47.0,,0.0,1.4932940493595079E7,,8376649,in_vehicle,,75.76603413663926,true,71
72356,1,osmand,2026-01-31 01:52:42,2026-01-31 01:52:41,2026-01-31 01:52:41,true,35.7866659,139.0433696,577.37,29.954574400000002,103.0,,0.0,1.4933021964520104E7,,8376745,in_vehicle,,81.47092502642644,true,71
72357,1,osmand,2026-01-31 01:52:48,2026-01-31 01:52:47,2026-01-31 01:52:47,true,35.7869317,139.0442993,574.17,26.4167856,47.0,,0.0,1.493311098002951E7,,8376839,in_vehicle,,89.01550940613151,true,71
72358,1,osmand,2026-01-31 01:52:54,2026-01-31 01:52:53,2026-01-31 01:52:53,true,35.7874916,139.0448566,576.55,26.786115199999998,56.0,,0.0,1.4933191088545892E7,,8376904,in_vehicle,,80.10851638235275,true,71
72359,1,osmand,2026-01-31 01:53:01,2026-01-31 01:53:00,2026-01-31 01:53:00,true,35.7878804,139.0456021,575.56,17.844451199999998,36.0,,0.0,1.493327112083956E7,,8376992,in_vehicle,,80.03229366709716,true,71
72360,1,osmand,2026-01-31 01:53:07,2026-01-31 01:53:06,2026-01-31 01:53:06,true,35.788461,139.0450272,576.68,24.4146304,298.0,,0.0,1.4933354020509373E7,,8377086,in_vehicle,,82.89966981362953,true,71
72361,1,osmand,2026-01-31 01:53:14,2026-01-31 01:53:13,2026-01-31 01:53:13,true,35.7890001,139.0443757,579.87,19.9049216,313.0,,0.0,1.493343805921375E7,,8377159,in_vehicle,,84.03870437582323,true,71
72362,1,osmand,2026-01-31 01:53:23,2026-01-31 01:53:22,2026-01-31 01:53:22,true,35.7890624,139.0434599,578.75,18.835809599999997,258.0,,0.0,1.4933521045952171E7,,8377248,in_vehicle,,82.98673842109363,true,71
72363,1,osmand,2026-01-31 01:53:31,2026-01-31 01:53:30,2026-01-31 01:53:30,true,35.7893756,139.0426882,578.22,14.967568,312.0,,0.0,1.4933598965524737E7,,8377340,in_vehicle,,77.91957256501966,true,71
72364,1,osmand,2026-01-31 01:53:47,2026-01-31 01:53:46,2026-01-31 01:53:46,true,35.790062,139.0427635,579.38,14.384416000000002,40.0,,0.0,1.4933675677162146E7,,8377423,in_vehicle,,76.71163740968207,true,71
72365,1,osmand,2026-01-31 01:54:12,2026-01-31 01:54:11,2026-01-31 01:54:11,true,35.7897212,139.0434913,589.52,10.2245984,176.0,,0.0,1.4933751560667003E7,,8377561,in_vehicle,,75.88350485579906,true,71
72366,1,osmand,2026-01-31 02:07:47,2026-01-31 02:07:46,2026-01-31 02:07:46,true,35.7895934,139.0431231,582.33,1.4967568,319.0,,0.0,1.4933787724623714E7,,8377673,still,,36.163956710916075,true,69
72367,1,osmand,2026-01-31 02:08:40,2026-01-31 02:08:26,2026-01-31 02:08:26,true,35.7891612,139.043052,583.72,19.4384,294.0,,0.0,1.4933836263390142E7,,8377704,in_vehicle,,48.53876642858021,true,69
72368,1,osmand,2026-01-31 02:08:40,2026-01-31 02:08:30,2026-01-31 02:08:30,true,35.7893805,139.0426857,585.26,19.0107552,311.0,,0.0,1.4933877373361323E7,,8377757,in_vehicle,,41.1099711809801,true,69
72369,1,osmand,2026-01-31 02:08:40,2026-01-31 02:08:39,2026-01-31 02:08:39,true,35.7901326,139.0425662,589.57,25.017220799999997,27.0,,0.0,1.4933961789268307E7,,8377837,in_vehicle,,84.41590698476806,true,69
72370,1,osmand,2026-01-31 02:09:00,2026-01-31 02:08:58,2026-01-31 02:08:58,true,35.789468,139.0433628,590.17,0.0,0.0,,100.0,1.4934064976916663E7,,8377921,in_vehicle,,103.18764835669164,true,69
72371,1,osmand,2026-01-31 02:09:19,2026-01-31 02:09:18,2026-01-31 02:09:18,true,35.7941084,139.0473361,590.84,13.5485648,38.0,,0.0,1.4934693913410163E7,,8378467,in_vehicle,,628.9364934985919,true,69
72372,1,osmand,2026-01-31 02:09:31,2026-01-31 02:09:30,2026-01-31 02:09:30,true,35.7939584,139.0482434,554.11,19.5161536,115.0,,0.0,1.4934777521541622E7,,8378602,in_vehicle,,83.60813145855883,true,69
72373,1,osmand,2026-01-31 02:09:37,2026-01-31 02:09:36,2026-01-31 02:09:36,true,35.7938809,139.0491034,563.35,29.4880528,99.0,,0.0,1.4934855652261393E7,,8378721,in_vehicle,,78.1307197719358,true,69
72374,1,osmand,2026-01-31 02:09:42,2026-01-31 02:09:41,2026-01-31 02:09:41,true,35.7937508,139.0499354,560.18,27.2915136,100.0,,0.0,1.493493216032783E7,,8378783,in_vehicle,,76.50806643676849,true,69
72375,1,osmand,2026-01-31 02:09:49,2026-01-31 02:09:48,2026-01-31 02:09:48,true,35.793684,139.0508383,555.43,28.0496112,66.0,,0.0,1.4935014025524091E7,,8378868,in_vehicle,,81.86519626063236,true,69
72376,1,osmand,2026-01-31 02:09:55,2026-01-31 02:09:54,2026-01-31 02:09:54,true,35.7940993,139.0515286,551.57,20.3714432,68.0,,0.0,1.4935091629258152E7,,8378948,in_vehicle,,77.60373406098233,true,69
72377,1,osmand,2026-01-31 02:10:02,2026-01-31 02:10:01,2026-01-31 02:10:01,true,35.7939119,139.0524587,549.18,26.2224016,98.0,,0.0,1.4935178163922744E7,,8379047,in_vehicle,,86.53466459138836,true,69
72378,1,osmand,2026-01-31 02:10:21,2026-01-31 02:10:19,2026-01-31 02:10:19,true,35.7939843,139.0515671,547.15,0.0,0.0,,100.0,1.493525907254918E7,,8379087,in_vehicle,,80.90862643530582,true,69
72379,1,osmand,2026-01-31 02:10:27,2026-01-31 02:10:27,2026-01-31 02:10:27,true,35.7943373,139.0571458,519.4,0.0,0.0,,98.4,1.4935764325257113E7,,8379087,in_vehicle,,505.2527079340858,true,69
72380,1,osmand,2026-01-31 02:10:38,2026-01-31 02:10:37,2026-01-31 02:10:37,true,35.7935596,139.0586038,519.4,23.034504,170.0,,0.0,1.4935921888942493E7,,8379617,in_vehicle,,157.56368538021147,true,69
72381,1,osmand,2026-01-31 02:10:56,2026-01-31 02:10:55,2026-01-31 02:10:55,true,35.7939316,139.0593903,519.4,30.5377264,35.0,,0.0,1.493600409720998E7,,8379833,in_vehicle,,82.20826748740798,true,69
72382,1,osmand,2026-01-31 02:11:02,2026-01-31 02:11:01,2026-01-31 02:11:01,true,35.7944556,139.0599575,519.4,22.8595584,42.0,,0.0,1.4936081721265739E7,,8379904,in_vehicle,,77.62405575873005,true,69
72383,1,osmand,2026-01-31 02:11:18,2026-01-31 02:11:16,2026-01-31 02:11:16,true,35.7943153,139.0648227,519.4,0.0,0.0,,400.0,1.493652129519366E7,,8379904,in_vehicle,,439.57392791946853,true,69
72384,1,osmand,2026-01-31 02:11:24,2026-01-31 02:11:23,2026-01-31 02:11:23,true,35.7945149,139.0637964,519.4,25.658687999999998,43.0,,0.0,1.493661659005349E7,,8380268,in_vehicle,,95.29485983072749,true,69
72385,1,osmand,2026-01-31 02:11:29,2026-01-31 02:11:28,2026-01-31 02:11:28,true,35.7947813,139.0646123,519.4,31.1403168,73.0,,0.0,1.4936696005179472E7,,8380340,in_vehicle,,79.41512598296987,true,69
72386,1,osmand,2026-01-31 02:11:34,2026-01-31 02:11:33,2026-01-31 02:11:33,true,35.7949208,139.0654905,519.4,26.3001552,83.0,,0.0,1.4936776806833722E7,,8380408,in_vehicle,,80.80165424888588,true,69
72387,1,osmand,2026-01-31 02:11:54,2026-01-31 02:11:38,2026-01-31 02:11:38,true,35.7948622,139.0663423,519.4,29.2742304,93.0,,0.0,1.4936853994570281E7,,8380515,in_vehicle,,77.18773655965506,true,69
72388,1,osmand,2026-01-31 02:11:58,2026-01-31 02:11:38,2026-01-31 02:11:38,true,35.7948622,139.0663423,519.4,29.2742304,93.0,,0.0,1.4936853994570281E7,,8380515,in_vehicle,,0.0,true,69
72389,1,osmand,2026-01-31 02:11:58,2026-01-31 02:11:43,2026-01-31 02:11:43,true,35.7948142,139.0672309,519.4,30.3822192,93.0,,0.0,1.4936934406725854E7,,8380596,in_vehicle,,80.41215557202678,true,69
72390,1,osmand,2026-01-31 02:11:59,2026-01-31 02:11:57,2026-01-31 02:11:57,true,35.7942912,139.0698653,519.4,22.801243200000002,92.0,,0.0,1.4937179296927506E7,,8380841,in_vehicle,,244.89020165307988,true,69
72391,1,osmand,2026-01-31 02:12:07,2026-01-31 02:12:06,2026-01-31 02:12:06,true,35.7943497,139.0707548,519.4,28.2245568,109.0,,0.0,1.4937259876721023E7,,8380886,in_vehicle,,80.57979351574045,true,69
72392,1,osmand,2026-01-31 02:12:12,2026-01-31 02:12:11,2026-01-31 02:12:11,true,35.7939893,139.0715733,519.4,29.760190400000003,119.0,,0.0,1.4937343969536643E7,,8380995,in_vehicle,,84.09281562158799,true,69
72393,1,osmand,2026-01-31 02:12:18,2026-01-31 02:12:17,2026-01-31 02:12:17,true,35.7936489,139.0723781,519.4,22.548544,114.0,,0.0,1.493742592468148E7,,8381081,in_vehicle,,81.95514483482661,true,69
72394,1,osmand,2026-01-31 02:12:25,2026-01-31 02:12:24,2026-01-31 02:12:24,true,35.7936822,139.0733165,519.4,26.455662399999998,75.0,,0.0,1.4937510738004154E7,,8381182,in_vehicle,,84.81332267414892,true,69
72395,1,osmand,2026-01-31 02:12:31,2026-01-31 02:12:30,2026-01-31 02:12:30,true,35.7944654,139.0736599,519.4,31.9372912,12.0,,0.0,1.493760327301785E7,,8381239,in_vehicle,,92.53501369573887,true,69
72396,1,osmand,2026-01-31 02:12:35,2026-01-31 02:12:34,2026-01-31 02:12:34,true,35.7951544,139.0738748,519.4,29.6046832,21.0,,0.0,1.4937682388573918E7,,8381355,in_vehicle,,79.11555606816505,true,69
72397,1,osmand,2026-01-31 02:12:41,2026-01-31 02:12:40,2026-01-31 02:12:40,true,35.795746,139.0743441,457.72,25.464304,47.0,,0.0,1.493776069992216E7,,8381407,in_vehicle,,78.31134824113231,true,69
72398,1,osmand,2026-01-31 02:13:08,2026-01-31 02:12:46,2026-01-31 02:12:46,true,35.7961776,139.0751125,458.99,27.019376,54.0,,0.0,1.493784509177122E7,,8381519,in_vehicle,,84.39184906057383,true,69
72399,1,osmand,2026-01-31 02:13:14,2026-01-31 02:12:46,2026-01-31 02:12:46,true,35.7961776,139.0751125,458.99,27.019376,54.0,,0.0,1.493784509177122E7,,8381519,in_vehicle,,0.0,true,69
72400,1,osmand,2026-01-31 02:13:14,2026-01-31 02:13:13,2026-01-31 02:13:13,true,35.7980434,139.0781095,389.87,29.7796288,54.0,,0.0,1.4938186213367125E7,,8381860,in_vehicle,,341.121595904653,true,69
72401,1,osmand,2026-01-31 02:13:19,2026-01-31 02:13:18,2026-01-31 02:13:18,true,35.7981127,139.0790288,423.81,21.129540799999997,66.0,,0.0,1.4938269574134108E7,,8381921,in_vehicle,,83.36076698274474,true,69
72402,1,osmand,2026-01-31 02:13:38,2026-01-31 02:13:35,2026-01-31 02:13:35,true,35.7997242,139.0828174,451.07,0.0,0.0,,100.0,1.4938655826571872E7,,8381965,in_vehicle,,386.2524377647022,true,69
72403,1,osmand,2026-01-31 02:13:52,2026-01-31 02:13:51,2026-01-31 02:13:51,true,35.7990491,139.0832254,392.97,19.9632368,138.0,,0.0,1.4938739521196684E7,,8382523,in_vehicle,,83.69462481197127,true,69
72404,1,osmand,2026-01-31 02:14:00,2026-01-31 02:13:59,2026-01-31 02:13:59,true,35.7988279,139.0841248,404.68,25.9697024,68.0,,0.0,1.4938824377855236E7,,8382613,in_vehicle,,84.85665855248226,true,69
72405,1,osmand,2026-01-31 02:14:06,2026-01-31 02:14:05,2026-01-31 02:14:05,true,35.7994786,139.0845958,411.49,30.323904,4.0,,0.0,1.4938908374002637E7,,8382702,in_vehicle,,83.99614740081952,true,69
72406,1,osmand,2026-01-31 02:14:12,2026-01-31 02:14:11,2026-01-31 02:14:11,true,35.8001958,139.0846024,405.96,16.3088176,357.0,,0.0,1.4938988214565229E7,,8382761,in_vehicle,,79.84056259079381,true,69
72407,1,osmand,2026-01-31 02:14:20,2026-01-31 02:14:19,2026-01-31 02:14:19,true,35.8008616,139.0844651,405.04,22.645736,11.0,,0.0,1.493906336060718E7,,8382846,in_vehicle,,75.1460419527982,true,69
72408,1,osmand,2026-01-31 02:14:26,2026-01-31 02:14:25,2026-01-31 02:14:25,true,35.801496,139.0850706,406.24,29.3908608,40.0,,0.0,1.4939152668715877E7,,8382930,in_vehicle,,89.30810869760272,true,69
72409,1,osmand,2026-01-31 02:14:32,2026-01-31 02:14:31,2026-01-31 02:14:31,true,35.8018592,139.0859238,406.33,28.088487999999998,89.0,,0.0,1.4939239665986296E7,,8383021,in_vehicle,,86.99727041742482,true,69
72410,1,osmand,2026-01-31 02:14:39,2026-01-31 02:14:38,2026-01-31 02:14:38,true,35.8017957,139.0868238,405.08,19.2828928,92.0,,0.0,1.4939321229496548E7,,8383118,in_vehicle,,81.56351025180676,true,69
72411,1,osmand,2026-01-31 02:14:47,2026-01-31 02:14:46,2026-01-31 02:14:46,true,35.8016227,139.0876375,404.03,20.818526400000003,129.0,,0.0,1.4939397176882042E7,,8383174,in_vehicle,,75.94738549341844,true,68
72412,1,osmand,2026-01-31 02:14:55,2026-01-31 02:14:54,2026-01-31 02:14:54,true,35.8010464,139.088229,397.83,18.5442336,138.0,,0.0,1.4939480649318181E7,,8383270,in_vehicle,,83.4724361401671,true,68
72413,1,osmand,2026-01-31 02:15:03,2026-01-31 02:15:02,2026-01-31 02:15:02,true,35.8007302,139.0890897,394.07,23.1122576,93.0,,0.0,1.4939565958906544E7,,8383356,in_vehicle,,85.30958836248108,true,68
72414,1,osmand,2026-01-31 02:15:09,2026-01-31 02:15:08,2026-01-31 02:15:08,true,35.8008755,139.0899084,391.36,24.9977824,65.0,,0.0,1.4939641625296732E7,,8383431,in_vehicle,,75.66639018749179,true,68
72415,1,osmand,2026-01-31 02:15:15,2026-01-31 02:15:14,2026-01-31 02:15:14,true,35.8012089,139.0907228,387.8,28.2439952,62.0,,0.0,1.4939723990022086E7,,8383513,in_vehicle,,82.36472535337825,true,68
72416,1,osmand,2026-01-31 02:15:21,2026-01-31 02:15:15,2026-01-31 02:15:15,true,35.8012667,139.0908639,387.48,27.2331984,63.0,,0.0,1.4939738262031024E7,,8383541,in_vehicle,,14.272008938846001,true,68
72417,1,osmand,2026-01-31 02:15:21,2026-01-31 02:15:20,2026-01-31 02:15:20,true,35.8015813,139.0914417,386.01,22.8206816,38.0,,0.0,1.493980109415487E7,,8383593,in_vehicle,,62.832123846521405,true,68
72418,1,osmand,2026-01-31 02:15:28,2026-01-31 02:15:27,2026-01-31 02:15:27,true,35.8021629,139.0919479,385.74,22.2958448,33.0,,0.0,1.4939880343198862E7,,8383683,in_vehicle,,79.24904399098293,true,68
72419,1,osmand,2026-01-31 02:15:36,2026-01-31 02:15:35,2026-01-31 02:15:35,true,35.8029356,139.0919612,383.87,22.159776,0.0,,0.0,1.4939966368150374E7,,8383773,in_vehicle,,86.02495151207333,true,68
72420,1,osmand,2026-01-31 02:15:44,2026-01-31 02:15:43,2026-01-31 02:15:43,true,35.803614,139.0920242,389.51,15.2202672,24.0,,0.0,1.4940042101185713E7,,8383836,in_vehicle,,75.73303533890859,true,68
72421,1,osmand,2026-01-31 02:15:52,2026-01-31 02:15:51,2026-01-31 02:15:51,true,35.8041068,139.0926707,389.23,21.6155008,48.0,,0.0,1.4940122202574251E7,,8383920,in_vehicle,,80.10138853807874,true,68
72422,1,osmand,2026-01-31 02:15:59,2026-01-31 02:15:58,2026-01-31 02:15:58,true,35.8045739,139.0932859,386.72,20.3908816,33.0,,0.0,1.4940198285413863E7,,8384008,in_vehicle,,76.0828396121406,true,68
72423,1,osmand,2026-01-31 02:16:06,2026-01-31 02:16:05,2026-01-31 02:16:05,true,35.8053046,139.093581,385.91,21.0712256,18.0,,0.0,1.49402838785471E7,,8384093,in_vehicle,,85.59313323788979,true,68
72424,1,osmand,2026-01-31 02:16:14,2026-01-31 02:16:13,2026-01-31 02:16:13,true,35.8057349,139.0943057,384.14,21.673816000000002,64.0,,0.0,1.4940364965684358E7,,8384177,in_vehicle,,81.08713725683191,true,68
72425,1,osmand,2026-01-31 02:16:22,2026-01-31 02:16:21,2026-01-31 02:16:21,true,35.806186,139.0949581,383.55,19.92436,47.0,,0.0,1.494044236565922E7,,8384245,in_vehicle,,77.39997486258008,true,68
72426,1,osmand,2026-01-31 02:16:29,2026-01-31 02:16:28,2026-01-31 02:16:28,true,35.8067494,139.0954536,385.56,20.4880736,23.0,,0.0,1.4940519401843557E7,,8384333,in_vehicle,,77.03618433712946,true,68
72427,1,osmand,2026-01-31 02:16:38,2026-01-31 02:16:37,2026-01-31 02:16:37,true,35.8074239,139.0957264,388.78,16.153310400000002,27.0,,0.0,1.4940598422743773E7,,8384412,in_vehicle,,79.02090021515818,true,68
72428,1,osmand,2026-01-31 02:16:46,2026-01-31 02:16:45,2026-01-31 02:16:45,true,35.8078416,139.0963815,388.14,19.4189616,53.0,,0.0,1.494067365432896E7,,8384488,in_vehicle,,75.23158518799889,true,68
72429,1,osmand,2026-01-31 02:16:55,2026-01-31 02:16:54,2026-01-31 02:16:54,true,35.8082332,139.0970733,384.77,10.2440368,64.0,,0.0,1.4940749817793189E7,,8384558,in_vehicle,,76.16346422806932,true,68
72430,1,osmand,2026-01-31 02:17:49,2026-01-31 02:17:48,2026-01-31 02:17:48,true,35.807799,139.0977394,383.3,14.3649776,146.0,,0.0,1.494082696953904E7,,8384641,in_vehicle,,77.15174585143139,true,68
72431,1,osmand,2026-01-31 02:17:59,2026-01-31 02:17:58,2026-01-31 02:17:58,true,35.8071659,139.0982296,383.3,17.0086,144.0,,0.0,1.4940910188468648E7,,8384722,in_vehicle,,83.21892960675235,true,68
72432,1,osmand,2026-01-31 02:18:13,2026-01-31 02:18:12,2026-01-31 02:18:12,true,35.8066394,139.0988132,376.8,8.1252512,116.0,,0.0,1.49409889985079E7,,8384802,in_vehicle,,78.81003925114794,true,68
72433,1,osmand,2026-01-31 02:18:41,2026-01-31 02:18:40,2026-01-31 02:18:40,true,35.8062891,139.0995789,377.2,20.7602112,135.0,,0.0,1.4941068366067307E7,,8384893,in_vehicle,,79.36755940752779,true,68
72434,1,osmand,2026-01-31 02:18:48,2026-01-31 02:18:47,2026-01-31 02:18:47,true,35.8056676,139.100081,377.2,21.7515696,149.0,,0.0,1.4941151078602739E7,,8384964,in_vehicle,,82.71253543106506,true,68
72435,1,osmand,2026-01-31 02:18:56,2026-01-31 02:18:55,2026-01-31 02:18:55,true,35.8050108,139.1005585,377.2,20.604703999999998,148.0,,0.0,1.494123595591347E7,,8385050,in_vehicle,,84.8773107305228,true,68
72436,1,osmand,2026-01-31 02:19:03,2026-01-31 02:19:02,2026-01-31 02:19:02,true,35.8044556,139.1010719,377.2,21.401678399999998,137.0,,0.0,1.4941313209993966E7,,8385138,in_vehicle,,77.2540804968497,true,68
72437,1,osmand,2026-01-31 02:19:10,2026-01-31 02:19:09,2026-01-31 02:19:09,true,35.8039409,139.1016257,377.2,19.8854832,139.0,,0.0,1.4941389253990397E7,,8385213,in_vehicle,,76.04399643018762,true,68
72438,1,osmand,2026-01-31 02:19:17,2026-01-31 02:19:16,2026-01-31 02:19:16,true,35.803383,139.1021611,377.2,29.4686144,157.0,,0.0,1.4941467953209696E7,,8385292,in_vehicle,,78.69921929876075,true,68
72439,1,osmand,2026-01-31 02:19:23,2026-01-31 02:19:22,2026-01-31 02:19:22,true,35.8026937,139.1024825,377.2,21.673816000000002,152.0,,0.0,1.494154998904504E7,,8385374,in_vehicle,,82.03583534432775,true,68
72440,1,osmand,2026-01-31 02:19:30,2026-01-31 02:19:29,2026-01-31 02:19:29,true,35.8023373,139.1032909,377.2,26.3779088,100.0,,0.0,1.4941633061210703E7,,8385447,in_vehicle,,83.07216566257539,true,68
72441,1,osmand,2026-01-31 02:19:40,2026-01-31 02:19:39,2026-01-31 02:19:39,true,35.8019142,139.10395,377.2,5.4038752,187.0,,0.0,1.4941708951857168E7,,8385550,in_vehicle,,75.89064646531311,true,68
72442,1,osmand,2026-01-31 02:19:49,2026-01-31 02:19:46,2026-01-31 02:19:46,true,35.8020186,139.1034726,377.2,33.7061856,301.0,,0.0,1.4941753593224823E7,,8385597,in_vehicle,,44.64136765556989,true,68
72443,1,osmand,2026-01-31 02:19:49,2026-01-31 02:19:48,2026-01-31 02:19:48,true,35.8021645,139.1030899,371.68,36.6608224,293.0,,0.0,1.4941791772118073E7,,8385635,in_vehicle,,38.178893248700156,true,68
72444,1,osmand,2026-01-31 02:19:53,2026-01-31 02:19:52,2026-01-31 02:19:52,true,35.8024193,139.1022962,371.47,37.438358400000006,291.0,,0.0,1.4941868840432078E7,,8385712,in_vehicle,,77.06831400450314,true,68
72445,1,osmand,2026-01-31 02:20:03,2026-01-31 02:20:01,2026-01-31 02:20:01,true,35.8027017,139.104608,371.4,0.0,0.0,,200.0,1.494207991384497E7,,8385712,in_vehicle,,211.07341289187815,true,68
72446,1,osmand,2026-01-31 02:20:35,2026-01-31 02:20:33,2026-01-31 02:20:33,true,35.7999444,139.087598,411.4,0.0,0.0,,92.9,1.4943646046452248E7,,8385712,in_vehicle,,1566.1326072798302,true,68
72447,1,osmand,2026-01-31 02:20:47,2026-01-31 02:20:46,2026-01-31 02:20:46,true,35.8008676,139.0902125,387.4,0.0,0.0,,104.1,1.494390350233103E7,,8385712,in_vehicle,,257.4558787819993,true,68
72448,1,osmand,2026-01-31 02:21:12,2026-01-31 02:21:11,2026-01-31 02:21:11,true,35.8012625,139.0909168,387.4,34.7752976,62.0,,0.0,1.4943980806767939E7,,8386962,in_vehicle,,77.30443690957408,true,68
72449,1,osmand,2026-01-31 02:21:17,2026-01-31 02:21:16,2026-01-31 02:21:16,true,35.8017575,139.0916322,387.4,31.567961599999997,33.0,,0.0,1.4944065708219254E7,,8387066,in_vehicle,,84.90145131516111,true,68
72450,1,osmand,2026-01-31 02:21:23,2026-01-31 02:21:22,2026-01-31 02:21:22,true,35.8024267,139.0920821,387.4,20.5463888,11.0,,0.0,1.4944150557618665E7,,8387151,in_vehicle,,84.84939941002533,true,68
72451,1,osmand,2026-01-31 02:21:30,2026-01-31 02:21:29,2026-01-31 02:21:29,true,35.8031744,139.0919062,387.4,26.533416000000003,5.0,,0.0,1.4944235292701675E7,,8387236,in_vehicle,,84.73508300963532,true,68
72452,1,osmand,2026-01-31 02:21:38,2026-01-31 02:21:34,2026-01-31 02:21:34,true,35.8037105,139.0920941,387.4,23.267764800000002,28.0,,0.0,1.4944297335381208E7,,8387299,in_vehicle,,62.04267953363527,true,68
72453,1,osmand,2026-01-31 02:21:38,2026-01-31 02:21:35,2026-01-31 02:21:35,true,35.8038103,139.0921848,387.4,25.0949744,36.0,,0.0,1.4944311136804944E7,,8387299,in_vehicle,,13.801423735392758,true,68
72454,1,osmand,2026-01-31 02:21:42,2026-01-31 02:21:41,2026-01-31 02:21:41,true,35.8042683,139.0928497,387.4,22.5096672,51.0,,0.0,1.4944389895119617E7,,8387379,in_vehicle,,78.75831467213814,true,68
72455,1,osmand,2026-01-31 02:21:50,2026-01-31 02:21:49,2026-01-31 02:21:49,true,35.8047746,139.0934219,387.4,21.6349392,16.0,,0.0,1.4944466349437194E7,,8387458,in_vehicle,,76.4543175777924,true,68
72456,1,osmand,2026-01-31 02:21:57,2026-01-31 02:21:56,2026-01-31 02:21:56,true,35.8055089,139.0936377,387.4,16.4060096,22.0,,0.0,1.4944550381067544E7,,8387553,in_vehicle,,84.0316303504117,true,68
72457,1,osmand,2026-01-31 02:22:05,2026-01-31 02:22:04,2026-01-31 02:22:04,true,35.8057883,139.094397,387.4,19.0107552,59.0,,0.0,1.494462565726822E7,,8387631,in_vehicle,,75.27620067621675,true,68
72458,1,osmand,2026-01-31 02:22:13,2026-01-31 02:22:12,2026-01-31 02:22:12,true,35.8062253,139.095079,387.4,17.572313599999998,42.0,,0.0,1.4944704127063435E7,,8387710,in_vehicle,,78.46979521417376,true,68
72459,1,osmand,2026-01-31 02:22:21,2026-01-31 02:22:20,2026-01-31 02:22:20,true,35.8068724,139.0955318,387.4,17.3196144,21.0,,0.0,1.4944786952693056E7,,8387792,in_vehicle,,82.82562962253795,true,68
72460,1,osmand,2026-01-31 02:22:31,2026-01-31 02:22:30,2026-01-31 02:22:30,true,35.8075169,139.0958126,377.57,17.3390528,47.0,,0.0,1.4944863045034975E7,,8387869,in_vehicle,,76.09234191827917,true,68
72461,1,osmand,2026-01-31 02:22:39,2026-01-31 02:22:38,2026-01-31 02:22:38,true,35.8079229,139.0964998,377.22,18.4081648,54.0,,0.0,1.4944939801353427E7,,8387945,in_vehicle,,76.75631845098457,true,68
72462,1,osmand,2026-01-31 02:22:49,2026-01-31 02:22:48,2026-01-31 02:22:48,true,35.8083164,139.0972228,373.44,14.190032,73.0,,0.0,1.4945018408672744E7,,8388024,in_vehicle,,78.60731931836283,true,68
72463,1,osmand,2026-01-31 02:22:58,2026-01-31 02:22:57,2026-01-31 02:22:57,true,35.8077361,139.0977393,374.32,22.567982399999998,145.0,,0.0,1.4945098078124214E7,,8388109,in_vehicle,,79.66945146943097,true,68
72464,1,osmand,2026-01-31 02:23:04,2026-01-31 02:23:03,2026-01-31 02:23:03,true,35.8071663,139.0982835,377.76,24.1424928,143.0,,0.0,1.4945178309489233E7,,8388189,in_vehicle,,80.23136501983257,true,68
72465,1,osmand,2026-01-31 02:23:17,2026-01-31 02:23:16,2026-01-31 02:23:16,true,35.8066709,139.0988833,376.8,6.9395088,120.0,,0.0,1.4945255597523218E7,,8388260,in_vehicle,,77.28803398435662,true,68
72466,1,osmand,2026-01-31 02:38:10,2026-01-31 02:38:08,2026-01-31 02:38:08,true,35.8067091,139.0991381,372.0,0.0,0.0,,0.0,1.4945278990517428E7,motionchange,8388322,still,,23.392994210717628,false,66
72467,1,osmand,2026-01-31 02:43:10,2026-01-31 02:43:09,2026-01-31 02:43:09,true,35.8067091,139.0991381,377.6,0.0,0.0,,0.0,1.4945278990517428E7,motionchange,8388322,still,,0.0,false,65
72468,1,osmand,2026-01-31 02:48:11,2026-01-31 02:48:09,2026-01-31 02:48:09,true,35.8067091,139.0991381,377.4,0.0,0.0,,0.0,1.4945278990517428E7,motionchange,8388322,still,,0.0,false,65
72469,1,osmand,2026-01-31 02:52:04,2026-01-31 02:52:03,2026-01-31 02:52:03,true,35.8070728,139.0984115,376.8,11.468656000000001,330.0,,0.0,1.4945356075891955E7,,8388385,still,,77.08537452698341,true,64
72470,1,osmand,2026-01-31 02:52:13,2026-01-31 02:52:12,2026-01-31 02:52:12,true,35.807689,139.0978988,376.8,22.159776,326.0,,0.0,1.4945438826559754E7,,8388480,still,,82.7506677996884,true,64
72471,1,osmand,2026-01-31 02:53:17,2026-01-31 02:53:16,2026-01-31 02:53:16,true,35.8082544,139.0974323,383.3,6.7645632,31.0,,0.0,1.4945514557012172E7,,8388554,still,,75.73045241800794,true,64
72472,1,osmand,2026-01-31 02:53:29,2026-01-31 02:53:20,2026-01-31 02:53:20,true,35.8082982,139.0976537,380.4,14.228908800000001,89.0,,0.0,1.4945535130630111E7,,8388571,in_vehicle,,20.573617938433177,true,64
72473,1,osmand,2026-01-31 02:53:29,2026-01-31 02:53:28,2026-01-31 02:53:28,true,35.8082844,139.0982858,380.4,14.714868800000001,91.0,,0.0,1.4945592215893466E7,,8388635,in_vehicle,,57.085263353940334,true,64
72474,1,osmand,2026-01-31 02:53:38,2026-01-31 02:53:37,2026-01-31 02:53:37,true,35.8083209,139.0991929,380.4,20.3325664,92.0,,0.0,1.4945674207600983E7,,8388707,in_vehicle,,81.99170751696488,true,64
72475,1,osmand,2026-01-31 02:53:45,2026-01-31 02:53:44,2026-01-31 02:53:44,true,35.8082085,139.1000934,380.4,21.576624,97.0,,0.0,1.494575646003767E7,,8388800,in_vehicle,,82.25243668645118,true,64
72476,1,osmand,2026-01-31 02:53:52,2026-01-31 02:53:51,2026-01-31 02:53:51,true,35.8081172,139.1009318,380.4,21.187856,97.0,,0.0,1.4945832828380238E7,,8388855,in_vehicle,,76.36834256992093,true,64
72477,1,osmand,2026-01-31 02:54:12,2026-01-31 02:54:09,2026-01-31 02:54:09,true,35.8027017,139.104608,380.4,0.0,0.0,,200.0,1.4946521000427734E7,,8388891,in_vehicle,,688.1720474951514,true,64
72478,1,osmand,2026-01-31 02:54:31,2026-01-31 02:54:29,2026-01-31 02:54:29,true,35.8025553,139.1026694,372.6,0.0,0.0,,98.4,1.494669678252938E7,,8388891,in_vehicle,,175.78210164679854,true,64
72479,1,osmand,2026-01-31 02:54:32,2026-01-31 02:54:31,2026-01-31 02:54:31,true,35.8035744,139.1043478,372.6,28.768832000000003,99.0,,0.0,1.4946886075782418E7,,8389471,in_vehicle,,189.29325303849797,true,64
72480,1,osmand,2026-01-31 02:54:35,2026-01-31 02:54:34,2026-01-31 02:54:34,true,35.8026988,139.1041057,372.6,27.3692672,99.0,,0.0,1.4946985967829604E7,,8389526,in_vehicle,,99.89204718503348,true,64
72481,1,osmand,2026-01-31 02:54:40,2026-01-31 02:54:39,2026-01-31 02:54:39,true,35.8022199,139.1047024,372.6,29.3908608,114.0,,0.0,1.4947061759131908E7,,8389649,in_vehicle,,75.79130230470604,true,64
72482,1,osmand,2026-01-31 02:54:46,2026-01-31 02:54:45,2026-01-31 02:54:45,true,35.8020876,139.1056648,372.6,26.2612784,79.0,,0.0,1.4947149888486719E7,,8389739,in_vehicle,,88.12935480943797,true,64
72483,1,osmand,2026-01-31 02:54:52,2026-01-31 02:54:51,2026-01-31 02:54:51,true,35.8023771,139.1065847,372.6,29.293668800000003,63.0,,0.0,1.4947238974728985E7,,8389828,in_vehicle,,89.08624226609192,true,64
72484,1,osmand,2026-01-31 02:54:57,2026-01-31 02:54:56,2026-01-31 02:54:56,true,35.8027768,139.1074395,372.6,33.1619104,55.0,,0.0,1.494732805746032E7,,8389917,in_vehicle,,89.08273133373052,true,64
72485,1,osmand,2026-01-31 02:55:02,2026-01-31 02:55:01,2026-01-31 02:55:01,true,35.8032737,139.1081135,372.6,29.5269296,41.0,,0.0,1.4947410292411905E7,,8390000,in_vehicle,,82.23495158568124,true,64
72486,1,osmand,2026-01-31 02:55:07,2026-01-31 02:55:06,2026-01-31 02:55:06,true,35.8037454,139.1087171,372.6,31.567961599999997,63.0,,0.0,1.4947485968943296E7,,8390077,in_vehicle,,75.67653139041795,true,64
72487,1,osmand,2026-01-31 02:55:12,2026-01-31 02:55:11,2026-01-31 02:55:11,true,35.8040972,139.1094722,372.6,32.151113599999995,41.0,,0.0,1.4947564589350965E7,,8390141,in_vehicle,,78.6204076684425,true,64
72488,1,osmand,2026-01-31 02:55:17,2026-01-31 02:55:16,2026-01-31 02:55:16,true,35.8047377,139.1100836,372.6,36.2137392,33.0,,0.0,1.4947654759118337E7,,8390248,in_vehicle,,90.16976737157566,true,64
72489,1,osmand,2026-01-31 02:55:21,2026-01-31 02:55:20,2026-01-31 02:55:20,true,35.8052915,139.110562,372.6,37.3411664,36.0,,0.0,1.4947730031960944E7,,8390323,in_vehicle,,75.27284260560855,true,64
72490,1,osmand,2026-01-31 02:55:26,2026-01-31 02:55:25,2026-01-31 02:55:25,true,35.805913,139.1111743,372.6,32.7342656,39.0,,0.0,1.4947818588928556E7,,8390394,in_vehicle,,88.55696761277639,true,64
72491,1,osmand,2026-01-31 02:55:32,2026-01-31 02:55:31,2026-01-31 02:55:31,true,35.806505,139.1117619,372.6,27.69972,24.0,,0.0,1.4947903188668504E7,,8390483,in_vehicle,,84.59973994859622,true,64
72492,1,osmand,2026-01-31 02:55:37,2026-01-31 02:55:36,2026-01-31 02:55:36,true,35.8071371,139.1121872,372.6,31.8012224,36.0,,0.0,1.4947983347771924E7,,8390577,in_vehicle,,80.15910342046662,true,64
72493,1,osmand,2026-01-31 02:55:42,2026-01-31 02:55:41,2026-01-31 02:55:41,true,35.8076862,139.1127913,372.6,31.334700800000004,40.0,,0.0,1.4948065266392402E7,,8390642,in_vehicle,,81.91862047804233,true,64
72494,1,osmand,2026-01-31 02:55:47,2026-01-31 02:55:46,2026-01-31 02:55:46,true,35.8083609,139.113193,372.6,32.850896,30.0,,0.0,1.4948148670407403E7,,8390742,in_vehicle,,83.40401500023859,true,64
72495,1,osmand,2026-01-31 02:55:52,2026-01-31 02:55:51,2026-01-31 02:55:51,true,35.8090249,139.1136497,372.6,32.7925808,29.0,,0.0,1.4948233307755206E7,,8390793,in_vehicle,,84.63734780288692,true,64
72496,1,osmand,2026-01-31 02:55:58,2026-01-31 02:55:57,2026-01-31 02:55:57,true,35.8096463,139.1141208,372.6,29.7990672,31.0,,0.0,1.4948314509816179E7,,8390858,in_vehicle,,81.20206097390627,true,64
72497,1,osmand,2026-01-31 02:56:04,2026-01-31 02:56:03,2026-01-31 02:56:03,true,35.8103676,139.1144164,353.82,28.963216,26.0,,0.0,1.494839912284459E7,,8390976,in_vehicle,,84.6130284116635,true,64
72498,1,osmand,2026-01-31 02:56:09,2026-01-31 02:56:08,2026-01-31 02:56:08,true,35.8108381,139.115042,354.09,29.215915199999998,44.0,,0.0,1.4948476147392185E7,,8391069,in_vehicle,,77.02454759542758,true,64
72499,1,osmand,2026-01-31 02:56:15,2026-01-31 02:56:14,2026-01-31 02:56:14,true,35.81154,139.1154723,354.88,29.760190400000003,12.0,,0.0,1.4948563405885585E7,,8391158,in_vehicle,,87.2584933993033,true,64
72500,1,osmand,2026-01-31 02:56:20,2026-01-31 02:56:19,2026-01-31 02:56:19,true,35.812123,139.1159561,356.58,31.0431248,49.0,,0.0,1.4948641632298177E7,,8391220,in_vehicle,,78.22641259215825,true,64
72501,1,osmand,2026-01-31 02:56:25,2026-01-31 02:56:24,2026-01-31 02:56:24,true,35.8124687,139.1166827,358.24,26.2029632,62.0,,0.0,1.494871768052626E7,,8391313,in_vehicle,,76.04822808377244,true,64
72502,1,osmand,2026-01-31 02:56:30,2026-01-31 02:56:29,2026-01-31 02:56:29,true,35.8127638,139.1175188,358.94,33.3562944,73.0,,0.0,1.4948799996668799E7,,8391395,in_vehicle,,82.31614253876553,true,64
72503,1,osmand,2026-01-31 02:56:35,2026-01-31 02:56:34,2026-01-31 02:56:34,true,35.812702,139.1184157,358.76,29.3908608,95.0,,0.0,1.4948881254034942E7,,8391462,in_vehicle,,81.25736614331508,true,64
72504,1,osmand,2026-01-31 02:56:41,2026-01-31 02:56:40,2026-01-31 02:56:40,true,35.8129239,139.119326,358.48,26.339032000000003,81.0,,0.0,1.4948967061614012E7,,8391550,in_vehicle,,85.80757906999469,true,64
72505,1,osmand,2026-01-31 02:56:47,2026-01-31 02:56:46,2026-01-31 02:56:46,true,35.8127425,139.1202574,357.31,31.120878400000002,82.0,,0.0,1.4949053532446647E7,,8391636,in_vehicle,,86.47083263379213,true,64
72506,1,osmand,2026-01-31 02:56:52,2026-01-31 02:56:51,2026-01-31 02:56:51,true,35.8127971,139.1210871,356.34,28.380064,96.0,,0.0,1.4949128677913327E7,,8391728,in_vehicle,,75.1454666800363,true,64
72507,1,osmand,2026-01-31 02:56:56,2026-01-31 02:56:55,2026-01-31 02:56:55,true,35.8124888,139.1218696,355.35,35.280696,114.0,,0.0,1.4949207212274838E7,,8391806,in_vehicle,,78.53436151197855,true,64
72508,1,osmand,2026-01-31 02:57:01,2026-01-31 02:57:00,2026-01-31 02:57:00,true,35.8120138,139.1225376,355.51,18.7969328,124.0,,0.0,1.4949287414205356E7,,8391875,in_vehicle,,80.20193051783427,true,64
72509,1,osmand,2026-01-31 02:57:10,2026-01-31 02:57:09,2026-01-31 02:57:09,true,35.8117953,139.1235006,355.81,20.7796496,101.0,,0.0,1.4949377686383182E7,,8391977,in_vehicle,,90.27217782568977,true,64
72510,1,osmand,2026-01-31 02:57:16,2026-01-31 02:57:15,2026-01-31 02:57:15,true,35.8124805,139.124133,354.43,22.742928,46.0,,0.0,1.4949472960666548E7,,8392049,in_vehicle,,95.27428336716183,true,63
72511,1,osmand,2026-01-31 02:57:19,2026-01-31 02:57:18,2026-01-31 02:57:18,true,35.8131155,139.1246466,353.43,33.1813488,47.0,,0.0,1.494955749705004E7,,8392135,in_vehicle,,84.53638349150474,true,63
72512,1,osmand,2026-01-31 02:57:23,2026-01-31 02:57:22,2026-01-31 02:57:22,true,35.8135124,139.12539,355.1,36.1165472,55.0,,0.0,1.4949637843987634E7,,8392196,in_vehicle,,80.3469375946992,true,63
72513,1,osmand,2026-01-31 02:57:27,2026-01-31 02:57:26,2026-01-31 02:57:26,true,35.8136132,139.1263049,358.05,37.2828512,85.0,,0.0,1.4949721192435032E7,,8392299,in_vehicle,,83.34844739654008,true,63
72514,1,osmand,2026-01-31 02:57:32,2026-01-31 02:57:31,2026-01-31 02:57:31,true,35.8136834,139.127231,358.63,29.351983999999998,71.0,,0.0,1.4949805157498585E7,,8392404,in_vehicle,,83.96506355240427,true,63
72515,1,osmand,2026-01-31 02:57:39,2026-01-31 02:57:38,2026-01-31 02:57:38,true,35.8139832,139.1282801,358.77,27.7191584,70.0,,0.0,1.4949905569694191E7,,8392477,in_vehicle,,100.41219560645507,true,63
72516,1,osmand,2026-01-31 02:57:47,2026-01-31 02:57:46,2026-01-31 02:57:46,true,35.8146096,139.1287217,354.2,21.771008,74.0,,0.0,1.494998589066133E7,,8392578,in_vehicle,,80.32096713905875,true,63
72517,1,osmand,2026-01-31 02:57:57,2026-01-31 02:57:56,2026-01-31 02:57:56,true,35.8149546,139.1294995,351.72,18.758056,36.0,,0.0,1.4950065920228621E7,,8392666,in_vehicle,,80.029567290457,true,63
72518,1,osmand,2026-01-31 02:58:06,2026-01-31 02:58:05,2026-01-31 02:58:05,true,35.8155237,139.1300656,354.03,17.241860799999998,56.0,,0.0,1.49501473134616E7,,8392758,in_vehicle,,81.39323297962095,true,63
72519,1,osmand,2026-01-31 02:58:14,2026-01-31 02:58:13,2026-01-31 02:58:13,true,35.8157316,139.1309652,356.89,25.5809344,93.0,,0.0,1.4950231753332933E7,,8392843,in_vehicle,,84.43987133319818,true,63
72520,1,osmand,2026-01-31 02:58:21,2026-01-31 02:58:20,2026-01-31 02:58:20,true,35.8153825,139.1317422,357.35,22.2375296,133.0,,0.0,1.4950311939149825E7,,8392915,in_vehicle,,80.18581689114478,true,63
72521,1,osmand,2026-01-31 02:58:28,2026-01-31 02:58:27,2026-01-31 02:58:27,true,35.8148932,139.132345,358.88,23.714848,138.0,,0.0,1.4950388931339266E7,,8393002,in_vehicle,,76.9921894401115,true,63
72522,1,osmand,2026-01-31 02:58:35,2026-01-31 02:58:34,2026-01-31 02:58:34,true,35.8143178,139.1328416,359.35,20.41032,144.0,,0.0,1.4950467113184791E7,,8393070,in_vehicle,,78.18184552606569,true,63
72523,1,osmand,2026-01-31 02:58:43,2026-01-31 02:58:41,2026-01-31 02:58:41,true,35.8137516,139.133258,359.58,22.7040512,149.0,,0.0,1.4950540499806218E7,,8393154,in_vehicle,,73.38662142742874,true,63
72524,1,osmand,2026-01-31 02:58:43,2026-01-31 02:58:42,2026-01-31 02:58:42,true,35.8136587,139.1333197,359.91,22.0820224,151.0,,0.0,1.4950552245891301E7,,8393154,in_vehicle,,11.746085083908632,true,63
72525,1,osmand,2026-01-31 02:58:53,2026-01-31 02:58:52,2026-01-31 02:58:52,true,35.8135976,139.134174,360.53,20.352004800000003,56.0,,0.0,1.495062966437975E7,,8393254,in_vehicle,,77.41848844885422,true,63
72526,1,osmand,2026-01-31 02:59:01,2026-01-31 02:59:00,2026-01-31 02:59:00,true,35.8140995,139.1348845,358.72,24.589576,16.0,,0.0,1.495071472473713E7,,8393340,in_vehicle,,85.06035738047744,true,63
72527,1,osmand,2026-01-31 02:59:08,2026-01-31 02:59:07,2026-01-31 02:59:07,true,35.8147958,139.1352378,358.3,25.7947568,58.0,,0.0,1.495079854129597E7,,8393425,in_vehicle,,83.81655883995091,true,63
72528,1,osmand,2026-01-31 02:59:13,2026-01-31 02:59:12,2026-01-31 02:59:12,true,35.8149461,139.1361705,358.0,30.5766032,84.0,,0.0,1.4950884382746024E7,,8393524,in_vehicle,,85.84145005437071,true,63
72529,1,osmand,2026-01-31 02:59:19,2026-01-31 02:59:18,2026-01-31 02:59:18,true,35.8150632,139.1370408,356.72,23.831478399999998,60.0,,0.0,1.495096401898576E7,,8393605,in_vehicle,,79.6362397357049,true,63
72530,1,osmand,2026-01-31 02:59:25,2026-01-31 02:59:24,2026-01-31 02:59:24,true,35.8154539,139.1377573,354.82,24.395192,59.0,,0.0,1.4951041960565913E7,,8393683,in_vehicle,,77.94158015327248,true,63
72531,1,osmand,2026-01-31 03:00:00,2026-01-31 02:59:59,2026-01-31 02:59:59,true,35.8156633,139.1385582,348.48,3.0712672000000003,85.0,,0.0,1.4951117922441525E7,,8393756,in_vehicle,,75.96187561267892,true,63
72532,1,osmand,2026-01-31 03:02:38,2026-01-31 03:02:37,2026-01-31 03:02:37,true,35.8158792,139.1394107,302.0,28.2051184,85.0,,0.0,1.495119854273844E7,,8393880,in_vehicle,,80.62029691448845,true,63
72533,1,osmand,2026-01-31 03:02:44,2026-01-31 03:02:43,2026-01-31 03:02:43,true,35.8159093,139.140402,334.41,32.151113599999995,88.0,,0.0,1.4951288089252517E7,,8393969,in_vehicle,,89.5465140764927,true,63
72534,1,osmand,2026-01-31 03:02:49,2026-01-31 03:02:48,2026-01-31 03:02:48,true,35.8159222,139.1412583,334.19,28.380064,89.0,,0.0,1.4951365400037456E7,,8394047,in_vehicle,,77.31078493877372,true,63
72535,1,osmand,2026-01-31 03:02:57,2026-01-31 03:02:56,2026-01-31 03:02:56,true,35.8158853,139.1420896,332.35,12.4211376,92.0,,0.0,1.495144055311005E7,,8394123,in_vehicle,,75.15307259384146,true,63
72536,1,osmand,2026-01-31 03:03:06,2026-01-31 03:03:05,2026-01-31 03:03:05,true,35.815806,139.1430688,331.64,29.1770384,105.0,,0.0,1.4951529384422475E7,,8394213,in_vehicle,,88.831312424877,true,63
72537,1,osmand,2026-01-31 03:03:12,2026-01-31 03:03:11,2026-01-31 03:03:11,true,35.8155462,139.1439787,333.19,25.5031808,116.0,,0.0,1.4951616463438587E7,,8394301,in_vehicle,,87.07901611203984,true,63
72538,1,osmand,2026-01-31 03:03:18,2026-01-31 03:03:17,2026-01-31 03:03:17,true,35.8151812,139.1446797,333.29,24.0647392,119.0,,0.0,1.4951691664313866E7,,8394376,in_vehicle,,75.20087527766431,true,63
72539,1,osmand,2026-01-31 03:03:25,2026-01-31 03:03:21,2026-01-31 03:03:21,true,35.8149602,139.145138,334.59,23.967547200000002,120.0,,0.0,1.4951739797258327E7,,8394424,in_vehicle,,48.13294446103214,true,63
72540,1,osmand,2026-01-31 03:03:25,2026-01-31 03:03:24,2026-01-31 03:03:24,true,35.8147855,139.1455039,335.42,24.356315199999997,119.0,,0.0,1.4951778127148006E7,,8394463,in_vehicle,,38.32988967974516,true,63
72541,1,osmand,2026-01-31 03:03:32,2026-01-31 03:03:31,2026-01-31 03:03:31,true,35.8144876,139.1462875,337.42,18.95244,101.0,,0.0,1.4951856250819592E7,,8394532,in_vehicle,,78.1236715853718,true,63
72542,1,osmand,2026-01-31 03:03:39,2026-01-31 03:03:38,2026-01-31 03:03:38,true,35.8145412,139.1471175,336.18,21.3628016,73.0,,0.0,1.4951931412719542E7,,8394617,in_vehicle,,75.16189995004335,true,63
72543,1,osmand,2026-01-31 03:03:47,2026-01-31 03:03:46,2026-01-31 03:03:46,true,35.8150558,139.147686,336.47,18.1943424,33.0,,0.0,1.4952008322946645E7,,8394697,in_vehicle,,76.91022710366782,true,63
72544,1,osmand,2026-01-31 03:03:55,2026-01-31 03:03:54,2026-01-31 03:03:54,true,35.8155704,139.148258,338.04,20.0993056,64.0,,0.0,1.4952085444125446E7,,8394775,in_vehicle,,77.12117880097202,true,63
72545,1,osmand,2026-01-31 03:04:03,2026-01-31 03:04:02,2026-01-31 03:04:02,true,35.8157417,139.1491251,335.44,18.8163712,79.0,,0.0,1.4952166006084556E7,,8394856,in_vehicle,,80.56195911049888,true,63
72546,1,osmand,2026-01-31 03:04:11,2026-01-31 03:04:10,2026-01-31 03:04:10,true,35.8156951,139.149967,333.24,17.572313599999998,92.0,,0.0,1.4952242180684296E7,,8394934,in_vehicle,,76.1745997409939,true,63
72547,1,osmand,2026-01-31 03:04:21,2026-01-31 03:04:20,2026-01-31 03:04:20,true,35.8157512,139.1508514,331.25,17.0086,86.0,,0.0,1.4952322258772876E7,,8395015,in_vehicle,,80.07808857932872,true,63
72548,1,osmand,2026-01-31 03:04:30,2026-01-31 03:04:29,2026-01-31 03:04:29,true,35.8157113,139.1517294,330.32,12.4211376,93.0,,0.0,1.4952401639604552E7,,8395094,in_vehicle,,79.380831675459,true,63
72549,1,osmand,2026-01-31 03:19:05,2026-01-31 03:19:03,2026-01-31 03:19:03,true,35.8153548,139.1520616,332.8,0.0,0.0,,0.0,1.495245138077229E7,motionchange,8395144,still,,49.74116773886004,false,61
72550,1,osmand,2026-01-31 03:24:05,2026-01-31 03:24:04,2026-01-31 03:24:04,true,35.8153548,139.1520616,332.0,0.0,0.0,,0.0,1.495245138077229E7,motionchange,8395144,still,,0.0,false,60
72551,1,osmand,2026-01-31 03:29:06,2026-01-31 03:29:04,2026-01-31 03:29:04,true,35.8153548,139.1520616,331.9,0.0,0.0,,0.0,1.495245138077229E7,motionchange,8395144,still,,0.0,false,60
72552,1,osmand,2026-01-31 03:34:06,2026-01-31 03:34:05,2026-01-31 03:34:05,true,35.8153548,139.1520616,332.8,0.0,0.0,,0.0,1.495245138077229E7,motionchange,8395144,still,,0.0,false,59
72553,1,osmand,2026-01-31 03:37:33,2026-01-31 03:37:32,2026-01-31 03:37:32,true,35.8157047,139.1529694,331.9,16.1921872,72.0,,0.0,1.4952542113449445E7,,8395281,still,,90.73267715375697,true,59
72554,1,osmand,2026-01-31 03:37:42,2026-01-31 03:37:41,2026-01-31 03:37:41,true,35.8157747,139.1538737,331.9,19.166262399999997,104.0,,0.0,1.4952624115077093E7,,8395364,still,,82.0016276482494,true,59
72555,1,osmand,2026-01-31 03:37:50,2026-01-31 03:37:45,2026-01-31 03:37:45,true,35.8156784,139.1542888,331.9,19.030193599999997,107.0,,0.0,1.495266308918063E7,,8395403,still,,38.97410353562165,true,59
72556,1,osmand,2026-01-31 03:37:50,2026-01-31 03:37:49,2026-01-31 03:37:49,true,35.8154966,139.1546328,331.9,20.8574032,150.0,,0.0,1.495270015456128E7,,8395441,still,,37.06538065019503,true,59
72557,1,osmand,2026-01-31 03:37:59,2026-01-31 03:37:58,2026-01-31 03:37:58,true,35.8146808,139.1549789,331.9,26.863868800000002,158.0,,0.0,1.4952796192857841E7,,8395536,still,,96.03829656089354,true,59
72558,1,osmand,2026-01-31 03:38:06,2026-01-31 03:38:05,2026-01-31 03:38:05,true,35.8138084,139.1553238,331.9,30.6349184,164.0,,0.0,1.4952898176693682E7,,8395639,still,,101.98383584082944,true,57
72559,1,osmand,2026-01-31 03:38:12,2026-01-31 03:38:11,2026-01-31 03:38:11,true,35.8130147,139.1554925,331.9,31.820660800000002,178.0,,0.0,1.4952987833804809E7,,8395729,still,,89.65711112610637,true,57
72560,1,osmand,2026-01-31 03:38:18,2026-01-31 03:38:17,2026-01-31 03:38:17,true,35.8121833,139.1555371,331.9,26.9027456,168.0,,0.0,1.4953080472361658E7,,8395821,still,,92.63855684867735,true,57
72561,1,osmand,2026-01-31 03:38:24,2026-01-31 03:38:23,2026-01-31 03:38:23,true,35.8116378,139.156106,331.9,25.7170032,131.0,,0.0,1.495316000228712E7,,8395902,in_vehicle,,79.5299254619512,true,57
72562,1,osmand,2026-01-31 03:38:30,2026-01-31 03:38:29,2026-01-31 03:38:29,true,35.8111775,139.1568222,331.9,28.1079264,134.0,,0.0,1.4953242499365306E7,,8395985,in_vehicle,,82.49707818584581,true,57
72563,1,osmand,2026-01-31 03:38:36,2026-01-31 03:38:31,2026-01-31 03:38:31,true,35.8109989,139.1570646,331.9,27.9718576,133.0,,0.0,1.495327206500574E7,,8396015,in_vehicle,,29.56564043466845,true,57
72564,1,osmand,2026-01-31 03:38:36,2026-01-31 03:38:35,2026-01-31 03:38:35,true,35.8106274,139.1575394,331.9,29.7796288,133.0,,0.0,1.4953331625466438E7,,8396075,in_vehicle,,59.560460698272124,true,57
72565,1,osmand,2026-01-31 03:38:41,2026-01-31 03:38:40,2026-01-31 03:38:40,true,35.8101347,139.1581242,331.9,28.3606256,135.0,,0.0,1.4953407752420146E7,,8396151,in_vehicle,,76.12695370846666,true,57
72566,1,osmand,2026-01-31 03:38:47,2026-01-31 03:38:46,2026-01-31 03:38:46,true,35.8096829,139.1588804,331.9,26.591731199999998,119.0,,0.0,1.4953492545342376E7,,8396235,in_vehicle,,84.79292222957768,true,57
72567,1,osmand,2026-01-31 03:38:53,2026-01-31 03:38:52,2026-01-31 03:38:52,true,35.809414,139.1597121,331.9,24.706206400000003,106.0,,0.0,1.4953573375206742E7,,8396317,in_vehicle,,80.82986436528496,true,57
72568,1,osmand,2026-01-31 03:39:00,2026-01-31 03:38:59,2026-01-31 03:38:59,true,35.8093547,139.1606258,331.9,23.1511344,80.0,,0.0,1.4953656124609586E7,,8396401,in_vehicle,,82.7494028432936,true,57
72569,1,osmand,2026-01-31 03:39:07,2026-01-31 03:39:06,2026-01-31 03:39:06,true,35.8097282,139.1613629,305.99,28.3606256,41.0,,0.0,1.4953734588920685E7,,8396481,in_vehicle,,78.46431109891877,true,57
72570,1,osmand,2026-01-31 03:39:12,2026-01-31 03:39:11,2026-01-31 03:39:11,true,35.8102976,139.1618888,305.43,28.1079264,25.0,,0.0,1.4953813782826593E7,,8396560,in_vehicle,,79.19390590840791,true,57
72571,1,osmand,2026-01-31 03:39:17,2026-01-31 03:39:16,2026-01-31 03:39:16,true,35.8109793,139.1619808,304.26,31.10144,357.0,,0.0,1.4953890122453248E7,,8396636,in_vehicle,,76.33962665512774,true,57
72572,1,osmand,2026-01-31 03:39:22,2026-01-31 03:39:21,2026-01-31 03:39:21,true,35.8116544,139.1619422,301.81,28.9049008,357.0,,0.0,1.4953965354983719E7,,8396712,in_vehicle,,75.23253047159336,true,57
72573,1,osmand,2026-01-31 03:39:28,2026-01-31 03:39:27,2026-01-31 03:39:27,true,35.8123693,139.1621004,300.24,25.8725104,31.0,,0.0,1.4954046208542533E7,,8396795,in_vehicle,,80.85355881481487,true,57
72574,1,osmand,2026-01-31 03:39:34,2026-01-31 03:39:33,2026-01-31 03:39:33,true,35.8129206,139.1626977,300.99,24.5118224,42.0,,0.0,1.4954127901217086E7,,8396876,in_vehicle,,81.69267455247011,true,57
72575,1,osmand,2026-01-31 03:39:41,2026-01-31 03:39:40,2026-01-31 03:39:40,true,35.8134521,139.1633984,302.17,23.578779200000003,57.0,,0.0,1.4954214513505979E7,,8396962,in_vehicle,,86.61228889273117,true,57
72576,1,osmand,2026-01-31 03:39:48,2026-01-31 03:39:47,2026-01-31 03:39:47,true,35.8134553,139.1643425,302.0,25.6003728,104.0,,0.0,1.4954299739968773E7,,8397051,in_vehicle,,85.22646279356032,true,57
72577,1,osmand,2026-01-31 03:39:55,2026-01-31 03:39:54,2026-01-31 03:39:54,true,35.8132006,139.1652099,300.12,20.4880736,113.0,,0.0,1.4954383017203737E7,,8397135,in_vehicle,,83.27723496446411,true,57
72578,1,osmand,2026-01-31 03:40:02,2026-01-31 03:40:01,2026-01-31 03:40:01,true,35.8127092,139.1658571,299.7,23.423272,135.0,,0.0,1.4954463053178854E7,,8397215,in_vehicle,,80.03597511670306,true,57
72579,1,osmand,2026-01-31 03:40:08,2026-01-31 03:40:07,2026-01-31 03:40:07,true,35.8122115,139.166475,300.1,25.5031808,135.0,,0.0,1.4954541672183517E7,,8397293,in_vehicle,,78.61900466226922,true,57
72580,1,osmand,2026-01-31 03:40:14,2026-01-31 03:40:13,2026-01-31 03:40:13,true,35.8116818,139.1670972,300.02,25.9113872,136.0,,0.0,1.4954623108380232E7,,8397375,in_vehicle,,81.43619671388277,true,57
72581,1,osmand,2026-01-31 03:40:20,2026-01-31 03:40:19,2026-01-31 03:40:19,true,35.8111394,139.1677661,300.45,27.4275824,135.0,,0.0,1.4954708501516819E7,,8397460,in_vehicle,,85.39313658702142,true,57
72582,1,osmand,2026-01-31 03:40:26,2026-01-31 03:40:25,2026-01-31 03:40:25,true,35.8106832,139.1684099,299.32,22.606859200000002,134.0,,0.0,1.4954785681947248E7,,8397537,in_vehicle,,77.18043042854396,true,57
72583,1,osmand,2026-01-31 03:40:32,2026-01-31 03:40:31,2026-01-31 03:40:31,true,35.8099596,139.16885,298.91,29.1576,155.0,,0.0,1.495487549798469E7,,8397629,in_vehicle,,89.81603744264842,true,57
72584,1,osmand,2026-01-31 03:40:37,2026-01-31 03:40:36,2026-01-31 03:40:36,true,35.8093134,139.1691697,299.14,29.876820799999997,159.0,,0.0,1.4954953006502662E7,,8397706,in_vehicle,,77.50851797167712,true,57
72585,1,osmand,2026-01-31 03:40:42,2026-01-31 03:40:41,2026-01-31 03:40:41,true,35.8085937,139.1694046,298.77,37.2050976,169.0,,0.0,1.495503588215193E7,,8397788,in_vehicle,,82.87564926751129,true,57
72586,1,osmand,2026-01-31 03:40:47,2026-01-31 03:40:46,2026-01-31 03:40:46,true,35.8078546,139.169613,297.8,28.6327632,161.0,,0.0,1.495512028204553E7,,8397871,in_vehicle,,84.39989360138281,true,57
72587,1,osmand,2026-01-31 03:40:52,2026-01-31 03:40:51,2026-01-31 03:40:51,true,35.8072267,139.1700443,298.56,34.0366384,144.0,,0.0,1.4955200293078933E7,,8397951,in_vehicle,,80.01103340366835,true,57
72588,1,osmand,2026-01-31 03:40:57,2026-01-31 03:40:56,2026-01-31 03:40:56,true,35.8066377,139.170597,297.2,30.343342399999997,143.0,,0.0,1.4955282687279705E7,,8398034,in_vehicle,,82.39420077272246,true,57
72589,1,osmand,2026-01-31 03:41:03,2026-01-31 03:41:02,2026-01-31 03:41:02,true,35.8061121,139.1711402,296.26,22.9956272,126.0,,0.0,1.495535903054153E7,,8398111,in_vehicle,,76.34326182458959,true,57
72590,1,osmand,2026-01-31 03:41:10,2026-01-31 03:41:09,2026-01-31 03:41:09,true,35.8062303,139.1720924,294.73,26.125209599999998,49.0,,0.0,1.495544599650899E7,,8398201,in_vehicle,,86.96596746018815,true,57
72591,1,osmand,2026-01-31 03:41:15,2026-01-31 03:41:14,2026-01-31 03:41:14,true,35.8068513,139.1726374,294.83,35.6111488,31.0,,0.0,1.495553084789883E7,,8398286,in_vehicle,,84.85138983994185,true,57
72592,1,osmand,2026-01-31 03:41:20,2026-01-31 03:41:19,2026-01-31 03:41:19,true,35.8073778,139.1732073,295.43,27.1554448,47.0,,0.0,1.4955608836413167E7,,8398364,in_vehicle,,77.98851433799798,true,57
72593,1,osmand,2026-01-31 03:41:27,2026-01-31 03:41:25,2026-01-31 03:41:25,true,35.8077122,139.1739693,295.51,28.0690496,61.0,,0.0,1.4955687054708073E7,,8398442,in_vehicle,,78.21829490503711,true,57
72594,1,osmand,2026-01-31 03:41:33,2026-01-31 03:41:31,2026-01-31 03:41:31,true,35.8079119,139.174741,295.04,24.78396,93.0,,0.0,1.49557601833347E7,,8398516,in_vehicle,,73.12862662755448,true,57
72595,1,osmand,2026-01-31 03:41:33,2026-01-31 03:41:32,2026-01-31 03:41:32,true,35.807893,139.1748915,294.91,26.5722928,101.0,,0.0,1.4955773932141496E7,,8398516,in_vehicle,,13.748806794861347,true,57
72596,1,osmand,2026-01-31 03:41:38,2026-01-31 03:41:35,2026-01-31 03:41:35,true,35.8078074,139.1753839,294.18,28.8465856,102.0,,0.0,1.4955819395012885E7,,8398575,in_vehicle,,45.46287138956709,true,57
72597,1,osmand,2026-01-31 03:41:39,2026-01-31 03:41:37,2026-01-31 03:41:37,true,35.8077483,139.1757125,293.48,29.3325456,105.0,,0.0,1.4955849781247796E7,,8398605,in_vehicle,,30.386234910601733,true,57
72598,1,osmand,2026-01-31 03:41:43,2026-01-31 03:41:42,2026-01-31 03:41:42,true,35.8074382,139.1764921,291.64,29.1381616,117.0,,0.0,1.4955928172274929E7,,8398683,in_vehicle,,78.3910271317753,true,57
72599,1,osmand,2026-01-31 03:41:50,2026-01-31 03:41:48,2026-01-31 03:41:48,true,35.8069804,139.1771888,290.49,27.21376,146.0,,0.0,1.4956009124196969E7,,8398765,in_vehicle,,80.95192204056407,true,57
72600,1,osmand,2026-01-31 03:41:56,2026-01-31 03:41:54,2026-01-31 03:41:54,true,35.8062735,139.1774075,291.86,24.8033984,182.0,,0.0,1.4956090255099183E7,,8398847,in_vehicle,,81.13090221321725,true,57
72601,1,osmand,2026-01-31 03:42:01,2026-01-31 03:42:00,2026-01-31 03:42:00,true,35.8055853,139.177255,293.12,22.2375296,190.0,,0.0,1.4956168092461143E7,,8398925,in_vehicle,,77.83736196033598,true,57
72602,1,osmand,2026-01-31 03:42:08,2026-01-31 03:42:07,2026-01-31 03:42:07,true,35.8048294,139.1770566,294.05,24.861713599999998,189.0,,0.0,1.4956254124141565E7,,8399012,in_vehicle,,86.03168042151457,true,57
72603,1,osmand,2026-01-31 03:42:14,2026-01-31 03:42:13,2026-01-31 03:42:13,true,35.8041525,139.1768939,292.87,25.5420576,189.0,,0.0,1.4956330894658465E7,,8399075,in_vehicle,,76.77051690005037,true,57
72604,1,osmand,2026-01-31 03:42:20,2026-01-31 03:42:19,2026-01-31 03:42:19,true,35.8034631,139.1767429,292.4,23.9286704,190.0,,0.0,1.495640883976615E7,,8399167,in_vehicle,,77.94510768517686,true,57
72605,1,osmand,2026-01-31 03:42:27,2026-01-31 03:42:26,2026-01-31 03:42:26,true,35.8027504,139.176587,291.28,21.304486400000002,188.0,,0.0,1.4956489416035559E7,,8399236,in_vehicle,,80.5762694085019,true,57
72606,1,osmand,2026-01-31 03:42:35,2026-01-31 03:42:34,2026-01-31 03:42:34,true,35.8020581,139.1765355,290.72,17.8055744,174.0,,0.0,1.4956566622655267E7,,8399313,in_vehicle,,77.20661970704937,true,57
72607,1,osmand,2026-01-31 03:42:44,2026-01-31 03:42:43,2026-01-31 03:42:43,true,35.8013877,139.1766923,292.24,13.995648000000001,162.0,,0.0,1.4956642582110777E7,,8399398,in_vehicle,,75.9594555099952,true,57
72608,1,osmand,2026-01-31 03:42:54,2026-01-31 03:42:53,2026-01-31 03:42:53,true,35.8009252,139.1773422,291.14,20.3325664,106.0,,0.0,1.4956720644264482E7,,8399479,in_vehicle,,78.06215370411581,true,57
72609,1,osmand,2026-01-31 03:43:01,2026-01-31 03:43:00,2026-01-31 03:43:00,true,35.800948,139.178194,287.1,18.855248,80.0,,0.0,1.4956797591874592E7,,8399557,in_vehicle,,76.9476101097419,true,57
72610,1,osmand,2026-01-31 03:43:09,2026-01-31 03:43:08,2026-01-31 03:43:08,true,35.8010323,139.1790547,283.38,21.9070768,76.0,,0.0,1.4956875865681922E7,,8399635,in_vehicle,,78.2738073293609,true,57
72611,1,osmand,2026-01-31 03:43:16,2026-01-31 03:43:15,2026-01-31 03:43:15,true,35.8011744,139.1799508,280.69,23.5982176,90.0,,0.0,1.4956958302832663E7,,8399719,in_vehicle,,82.43715074185603,true,57
72612,1,osmand,2026-01-31 03:43:23,2026-01-31 03:43:22,2026-01-31 03:43:22,true,35.8011142,139.1808841,279.27,23.714848,87.0,,0.0,1.4957042832732897E7,,8399804,in_vehicle,,84.5299002340801,true,57
72613,1,osmand,2026-01-31 03:43:30,2026-01-31 03:43:29,2026-01-31 03:43:29,true,35.8011959,139.181771,278.95,20.799087999999998,82.0,,0.0,1.4957123422131354E7,,8399885,in_vehicle,,80.58939845672865,true,57
72614,1,osmand,2026-01-31 03:43:42,2026-01-31 03:43:41,2026-01-31 03:43:41,true,35.8012826,139.182619,277.59,5.7148896,80.0,,0.0,1.4957200590418998E7,,8399956,in_vehicle,,77.16828764465872,true,57
72615,1,osmand,2026-01-31 03:44:10,2026-01-31 03:44:09,2026-01-31 03:44:09,true,35.8013004,139.1835377,276.0,19.671660799999998,83.0,,0.0,1.4957283559596071E7,,8400046,in_vehicle,,82.96917707248137,true,57
72616,1,osmand,2026-01-31 03:44:17,2026-01-31 03:44:16,2026-01-31 03:44:16,true,35.8014778,139.1843863,276.0,22.470790400000002,58.0,,0.0,1.4957362680120919E7,,8400127,in_vehicle,,79.12052484763605,true,57
72617,1,osmand,2026-01-31 03:44:24,2026-01-31 03:44:23,2026-01-31 03:44:23,true,35.802026,139.1848741,276.0,19.1273856,17.0,,0.0,1.4957437937770922E7,,8400203,in_vehicle,,75.25765000366674,true,57
72618,1,osmand,2026-01-31 03:44:33,2026-01-31 03:44:32,2026-01-31 03:44:32,true,35.8027109,139.1851214,276.0,18.95244,17.0,,0.0,1.4957517382489543E7,,8400281,in_vehicle,,79.44471862225232,true,57
72619,1,osmand,2026-01-31 03:44:41,2026-01-31 03:44:40,2026-01-31 03:44:40,true,35.8034508,139.1853936,276.0,21.5571856,18.0,,0.0,1.4957603335865999E7,,8400368,in_vehicle,,85.95337645432105,true,57
72620,1,osmand,2026-01-31 03:44:48,2026-01-31 03:44:47,2026-01-31 03:44:47,true,35.8041867,139.185704,276.0,25.3476736,22.0,,0.0,1.4957689916592028E7,,8400453,in_vehicle,,86.58072602974228,true,57
72621,1,osmand,2026-01-31 03:44:54,2026-01-31 03:44:53,2026-01-31 03:44:53,true,35.8047975,139.1862251,276.0,25.328235199999998,40.0,,0.0,1.4957772599741269E7,,8400537,in_vehicle,,82.68314924007578,true,57
72622,1,osmand,2026-01-31 03:45:00,2026-01-31 03:44:59,2026-01-31 03:44:59,true,35.8053681,139.1867886,276.0,25.5031808,40.0,,0.0,1.4957853980161652E7,,8400619,in_vehicle,,81.38042038244464,true,57
72623,1,osmand,2026-01-31 03:45:07,2026-01-31 03:45:06,2026-01-31 03:45:06,true,35.8057226,139.1876309,276.0,23.9286704,71.0,,0.0,1.4957939653610859E7,,8400707,in_vehicle,,85.67344920734598,true,57
72624,1,osmand,2026-01-31 03:45:13,2026-01-31 03:45:12,2026-01-31 03:45:12,true,35.8058823,139.1884529,276.0,26.7083616,89.0,,0.0,1.4958015963967064E7,,8400784,in_vehicle,,76.3103562051471,true,57
72625,1,osmand,2026-01-31 03:45:19,2026-01-31 03:45:18,2026-01-31 03:45:18,true,35.8056957,139.1893569,276.0,27.6219664,111.0,,0.0,1.4958100179639919E7,,8400868,in_vehicle,,84.21567285405669,true,57
72626,1,osmand,2026-01-31 03:45:25,2026-01-31 03:45:24,2026-01-31 03:45:24,true,35.8054382,139.1902412,276.0,28.1468032,109.0,,0.0,1.4958185005094765E7,,8400953,in_vehicle,,84.825454846881,true,57
72627,1,osmand,2026-01-31 03:45:30,2026-01-31 03:45:29,2026-01-31 03:45:29,true,35.8052225,139.1910304,269.37,29.9740128,110.0,,0.0,1.4958260192220366E7,,8401028,in_vehicle,,75.18712560104233,true,57
72628,1,osmand,2026-01-31 03:45:35,2026-01-31 03:45:34,2026-01-31 03:45:34,true,35.8050109,139.1918402,266.38,29.624121600000002,108.0,,0.0,1.4958337003035812E7,,8401103,in_vehicle,,76.81081544670428,true,57
72629,1,osmand,2026-01-31 03:45:41,2026-01-31 03:45:40,2026-01-31 03:45:40,true,35.8047646,139.1927786,262.74,26.8833072,107.0,,0.0,1.4958426049520634E7,,8401192,in_vehicle,,89.04648482152147,true,57
72630,1,osmand,2026-01-31 03:45:48,2026-01-31 03:45:47,2026-01-31 03:45:47,true,35.8045132,139.1936978,258.88,24.9589056,112.0,,0.0,1.4958513628450477E7,,8401279,in_vehicle,,87.57892984266056,true,57
72631,1,osmand,2026-01-31 03:45:54,2026-01-31 03:45:53,2026-01-31 03:45:53,true,35.8043587,139.1946139,257.53,28.477256,96.0,,0.0,1.4958598105255866E7,,8401364,in_vehicle,,84.47680538934227,true,56
72632,1,osmand,2026-01-31 03:46:00,2026-01-31 03:45:59,2026-01-31 03:45:59,true,35.804335,139.1956247,257.18,32.131675200000004,82.0,,0.0,1.495868940070381E7,,8401456,in_vehicle,,91.2954479441867,true,56
72633,1,osmand,2026-01-31 03:46:05,2026-01-31 03:46:04,2026-01-31 03:46:04,true,35.8045114,139.1965117,256.65,29.837944,74.0,,0.0,1.4958771853455614E7,,8401540,in_vehicle,,82.45275180492526,true,56
72634,1,osmand,2026-01-31 03:46:10,2026-01-31 03:46:09,2026-01-31 03:46:09,true,35.8046483,139.1973807,256.27,32.228867199999996,87.0,,0.0,1.4958851774939077E7,,8401619,in_vehicle,,79.92148346310432,true,56
72635,1,osmand,2026-01-31 03:46:15,2026-01-31 03:46:14,2026-01-31 03:46:14,true,35.8046682,139.1982942,256.32,31.490208,79.0,,0.0,1.4958934277216315E7,,8401703,in_vehicle,,82.50227723837358,true,56
72636,1,osmand,2026-01-31 03:46:20,2026-01-31 03:46:19,2026-01-31 03:46:19,true,35.8048365,139.1991119,256.5,30.7904256,80.0,,0.0,1.4959010440872733E7,,8401780,in_vehicle,,76.16365641788856,true,56
72637,1,osmand,2026-01-31 03:46:25,2026-01-31 03:46:24,2026-01-31 03:46:24,true,35.8048492,139.1999847,256.45,28.3606256,94.0,,0.0,1.4959089251428152E7,,8401858,in_vehicle,,78.81055541875867,true,56
72638,1,osmand,2026-01-31 03:46:30,2026-01-31 03:46:29,2026-01-31 03:46:29,true,35.8047938,139.2008247,256.47,31.295824000000003,88.0,,0.0,1.4959165338426108E7,,8401935,in_vehicle,,76.08699795695217,true,56
72639,1,osmand,2026-01-31 03:46:35,2026-01-31 03:46:34,2026-01-31 03:46:34,true,35.8048488,139.2017241,256.65,31.431892800000004,84.0,,0.0,1.4959246768314483E7,,8402016,in_vehicle,,81.42988837603383,true,56
72640,1,osmand,2026-01-31 03:46:40,2026-01-31 03:46:39,2026-01-31 03:46:39,true,35.8049519,139.2025704,255.86,30.12952,79.0,,0.0,1.4959324030856896E7,,8402094,in_vehicle,,77.26254241432535,true,56
72641,1,osmand,2026-01-31 03:46:45,2026-01-31 03:46:44,2026-01-31 03:46:44,true,35.8050549,139.2034332,255.79,32.2094288,81.0,,0.0,1.4959402765108585E7,,8402173,in_vehicle,,78.73425168862622,true,56
72642,1,osmand,2026-01-31 03:46:50,2026-01-31 03:46:49,2026-01-31 03:46:49,true,35.805172,139.204285,256.17,28.9437776,75.0,,0.0,1.4959480763797313E7,,8402252,in_vehicle,,77.99868872698897,true,56
72643,1,osmand,2026-01-31 03:46:55,2026-01-31 03:46:54,2026-01-31 03:46:54,true,35.8053071,139.2051102,256.08,30.4405344,81.0,,0.0,1.4959556766713258E7,,8402329,in_vehicle,,76.00291594553647,true,56
72644,1,osmand,2026-01-31 03:47:00,2026-01-31 03:46:59,2026-01-31 03:46:59,true,35.8053839,139.2059495,255.43,28.7105168,82.0,,0.0,1.4959633020448945E7,,8402406,in_vehicle,,76.25373568826582,true,56
72645,1,osmand,2026-01-31 03:47:06,2026-01-31 03:47:05,2026-01-31 03:47:05,true,35.8056347,139.2068397,252.98,22.801243200000002,63.0,,0.0,1.4959718099813426E7,,8402493,in_vehicle,,85.07936448036143,true,56
72646,1,osmand,2026-01-31 03:47:18,2026-01-31 03:47:17,2026-01-31 03:47:17,true,35.8060323,139.2075298,252.9,15.4340896,49.0,,0.0,1.4959794523768468E7,,8402570,in_vehicle,,76.42395504164188,true,56
72647,1,osmand,2026-01-31 03:47:27,2026-01-31 03:47:26,2026-01-31 03:47:26,true,35.806378,139.2082912,252.9,15.997803200000002,38.0,,0.0,1.4959873302228687E7,,8402641,in_vehicle,,78.77846022042814,true,56
72648,1,osmand,2026-01-31 03:47:36,2026-01-31 03:47:35,2026-01-31 03:47:35,true,35.8070081,139.2087452,252.9,19.535592,5.0,,0.0,1.495995454191794E7,,8402732,in_vehicle,,81.23968925399475,true,56
72649,1,osmand,2026-01-31 03:47:44,2026-01-31 03:47:43,2026-01-31 03:47:43,true,35.8076466,139.2091959,252.9,19.729976,23.0,,0.0,1.4960036441734666E7,,8402815,in_vehicle,,81.89981672529485,true,56
72650,1,osmand,2026-01-31 03:47:50,2026-01-31 03:47:49,2026-01-31 03:47:49,true,35.8083254,139.209335,252.9,29.215915199999998,14.0,,0.0,1.496011304175958E7,,8402891,in_vehicle,,76.60002491423182,true,56
72651,1,osmand,2026-01-31 03:47:56,2026-01-31 03:47:55,2026-01-31 03:47:55,true,35.8090191,139.2096346,252.9,21.9070768,13.0,,0.0,1.4960194863723218E7,,8402973,in_vehicle,,81.8219636379931,true,56
72652,1,osmand,2026-01-31 03:48:02,2026-01-31 03:48:01,2026-01-31 03:48:01,true,35.8097145,139.2096971,252.9,29.215915199999998,359.0,,0.0,1.4960272480648927E7,,8403050,in_vehicle,,77.61692570953628,true,56
72653,1,osmand,2026-01-31 03:48:09,2026-01-31 03:48:08,2026-01-31 03:48:08,true,35.8104462,139.2094492,252.9,24.356315199999997,312.0,,0.0,1.4960356951595543E7,,8403127,in_vehicle,,84.47094661477864,true,56
72654,1,osmand,2026-01-31 03:48:15,2026-01-31 03:48:14,2026-01-31 03:48:14,true,35.8111439,139.2092729,252.9,28.9049008,359.0,,0.0,1.4960436233117335E7,,8403206,in_vehicle,,79.28152179167093,true,56
72655,1,osmand,2026-01-31 03:48:22,2026-01-31 03:48:21,2026-01-31 03:48:21,true,35.8118831,139.2091089,252.9,22.256968,327.0,,0.0,1.4960519841714974E7,,8403305,in_vehicle,,83.6085976400645,true,56
72656,1,osmand,2026-01-31 03:48:28,2026-01-31 03:48:27,2026-01-31 03:48:27,true,35.8124061,139.2083399,252.9,30.1683968,311.0,,0.0,1.4960610443869475E7,,8403396,in_vehicle,,90.60215450063727,true,56
72657,1,osmand,2026-01-31 03:48:35,2026-01-31 03:48:34,2026-01-31 03:48:34,true,35.8130701,139.2080557,252.9,19.8077296,30.0,,0.0,1.4960688685809948E7,,8403470,in_vehicle,,78.24194047307468,true,56
72658,1,osmand,2026-01-31 03:48:42,2026-01-31 03:48:41,2026-01-31 03:48:41,true,35.8135574,139.2086966,252.9,17.3584912,20.0,,0.0,1.4960767994520495E7,,8403560,in_vehicle,,79.30871054679956,true,56
72659,1,osmand,2026-01-31 03:48:50,2026-01-31 03:48:49,2026-01-31 03:48:49,true,35.8141636,139.208321,284.75,15.161952,334.0,,0.0,1.4960843515494708E7,,8403639,in_vehicle,,75.52097421334773,true,56
72660,1,osmand,2026-01-31 03:48:58,2026-01-31 03:48:57,2026-01-31 03:48:57,true,35.8149217,139.2082853,295.05,27.6414048,339.0,,0.0,1.4960927968310423E7,,8403724,in_vehicle,,84.45281571439905,true,56
72661,1,osmand,2026-01-31 03:49:04,2026-01-31 03:49:03,2026-01-31 03:49:03,true,35.8156264,139.2078267,300.31,28.1468032,340.0,,0.0,1.4961016668262225E7,,8403812,in_vehicle,,88.69995180111785,true,56
72662,1,osmand,2026-01-31 03:49:10,2026-01-31 03:49:09,2026-01-31 03:49:09,true,35.8163588,139.2081524,307.94,27.8357888,33.0,,0.0,1.4961103337760866E7,,8403902,in_vehicle,,86.66949864181781,true,56
72663,1,osmand,2026-01-31 03:49:16,2026-01-31 03:49:15,2026-01-31 03:49:15,true,35.8169873,139.2084949,313.42,28.555009599999998,7.0,,0.0,1.4961179828653438E7,,8403979,in_vehicle,,76.49089257145518,true,56
72664,1,osmand,2026-01-31 03:49:21,2026-01-31 03:49:20,2026-01-31 03:49:20,true,35.817765,139.2086243,320.22,31.023686400000003,24.0,,0.0,1.4961267186252117E7,,8404044,in_vehicle,,87.35759867933807,true,56
72665,1,osmand,2026-01-31 03:49:40,2026-01-31 03:49:26,2026-01-31 03:49:26,true,35.8184394,139.2089211,327.24,17.6306288,340.0,,0.0,1.4961346897293743E7,,8404146,in_vehicle,,79.71104162513096,true,56
72666,1,osmand,2026-01-31 03:50:00,2026-01-31 03:49:26,2026-01-31 03:49:26,true,35.8184394,139.2089211,327.24,17.6306288,340.0,,0.0,1.4961346897293743E7,,8404146,in_vehicle,,0.0,true,56
72667,1,osmand,2026-01-31 03:50:00,2026-01-31 03:49:34,2026-01-31 03:49:34,true,35.8191367,139.2087747,337.95,19.030193599999997,31.0,,0.0,1.496142563722535E7,,8404211,in_vehicle,,78.73993160752538,true,56
72668,1,osmand,2026-01-31 03:50:01,2026-01-31 03:49:46,2026-01-31 03:49:46,true,35.819843,139.2088604,358.01,20.5852656,27.0,,0.0,1.496150464181415E7,,8404324,in_vehicle,,79.00458879945595,true,56
72669,1,osmand,2026-01-31 03:50:01,2026-01-31 03:49:57,2026-01-31 03:49:57,true,35.820493,139.2088647,366.36,20.6241424,311.0,,0.0,1.4961577000524167E7,,8404435,in_vehicle,,72.35871001657583,true,56
72670,1,osmand,2026-01-31 03:50:02,2026-01-31 03:49:58,2026-01-31 03:49:58,true,35.8205415,139.2087886,366.68,19.1079472,313.0,,0.0,1.4961585737424968E7,,8404468,in_vehicle,,8.736900800000269,true,56
72671,1,osmand,2026-01-31 03:50:06,2026-01-31 03:50:05,2026-01-31 03:50:05,true,35.8208878,139.2095237,373.44,20.0993056,48.0,,0.0,1.4961662475905519E7,,8404534,in_vehicle,,76.73848055094575,true,56
72672,1,osmand,2026-01-31 03:50:13,2026-01-31 03:50:12,2026-01-31 03:50:12,true,35.821566,139.2096177,379.92,22.7818048,13.0,,0.0,1.4961738448067017E7,,8404623,in_vehicle,,75.97216149774253,true,56
72673,1,osmand,2026-01-31 03:50:19,2026-01-31 03:50:18,2026-01-31 03:50:18,true,35.8221622,139.2101335,379.65,26.008579200000003,41.0,,0.0,1.496181951832103E7,,8404705,in_vehicle,,81.07025401239082,true,56
72674,1,osmand,2026-01-31 03:50:26,2026-01-31 03:50:25,2026-01-31 03:50:25,true,35.8228571,139.2104628,382.09,26.0863328,9.0,,0.0,1.496190238811785E7,,8404791,in_vehicle,,82.86979682077036,true,56
72675,1,osmand,2026-01-31 03:50:32,2026-01-31 03:50:31,2026-01-31 03:50:31,true,35.8235255,139.210743,382.84,25.9308256,24.0,,0.0,1.4961980974912172E7,,8404870,in_vehicle,,78.58679432291642,true,56
72676,1,osmand,2026-01-31 03:50:39,2026-01-31 03:50:38,2026-01-31 03:50:38,true,35.8242313,139.2110942,380.15,22.451352,29.0,,0.0,1.4962065697885487E7,,8404943,in_vehicle,,84.7229733145545,true,56
72677,1,osmand,2026-01-31 03:50:46,2026-01-31 03:50:45,2026-01-31 03:50:45,true,35.8249152,139.211459,378.02,22.8206816,11.0,,0.0,1.4962148644554727E7,,8405039,in_vehicle,,82.94666923902531,true,56
72678,1,osmand,2026-01-31 03:50:52,2026-01-31 03:50:51,2026-01-31 03:50:51,true,35.8255504,139.2120098,375.6,26.24184,21.0,,0.0,1.4962235082076197E7,,8405126,in_vehicle,,86.43752147154609,true,56
72679,1,osmand,2026-01-31 03:50:58,2026-01-31 03:50:57,2026-01-31 03:50:57,true,35.8261909,139.2125121,372.31,27.194321600000002,50.0,,0.0,1.4962319575310687E7,,8405213,in_vehicle,,84.49323448994149,true,56
72680,1,osmand,2026-01-31 03:51:04,2026-01-31 03:51:03,2026-01-31 03:51:03,true,35.8266888,139.2131935,371.3,27.2720752,71.0,,0.0,1.4962402366851138E7,,8405297,in_vehicle,,82.79154045176404,true,56
72681,1,osmand,2026-01-31 03:51:11,2026-01-31 03:51:10,2026-01-31 03:51:10,true,35.8266855,139.2141559,365.63,25.6003728,114.0,,0.0,1.4962489230840907E7,,8405392,in_vehicle,,86.86398976875317,true,56
72682,1,osmand,2026-01-31 03:51:19,2026-01-31 03:51:18,2026-01-31 03:51:18,true,35.8270242,139.2150122,359.88,23.248326400000003,42.0,,0.0,1.496257522405995E7,,8405464,in_vehicle,,85.99321904407869,true,56
72683,1,osmand,2026-01-31 03:51:27,2026-01-31 03:51:26,2026-01-31 03:51:26,true,35.8269168,139.2159549,347.21,22.7040512,123.0,,0.0,1.4962661144782614E7,,8405583,in_vehicle,,85.92072266386765,true,56
72684,1,osmand,2026-01-31 03:51:34,2026-01-31 03:51:33,2026-01-31 03:51:33,true,35.8274008,139.2165785,343.11,26.863868800000002,37.0,,0.0,1.4962739059986375E7,,8405668,in_vehicle,,77.91520376130049,true,56
72685,1,osmand,2026-01-31 03:51:40,2026-01-31 03:51:39,2026-01-31 03:51:39,true,35.8273219,139.2174687,333.07,31.5290848,123.0,,0.0,1.4962819884612447E7,,8405760,in_vehicle,,80.82462607164241,true,56
72686,1,osmand,2026-01-31 03:51:45,2026-01-31 03:51:44,2026-01-31 03:51:44,true,35.8270175,139.2182111,325.01,29.1964768,101.0,,0.0,1.4962894971767787E7,,8405836,in_vehicle,,75.08715533949727,true,56
72687,1,osmand,2026-01-31 03:51:51,2026-01-31 03:51:48,2026-01-31 03:51:48,true,35.8269553,139.2188557,317.96,27.116567999999997,112.0,,0.0,1.4962953561704598E7,,8405895,in_vehicle,,58.589936811908316,true,56
72688,1,osmand,2026-01-31 03:51:51,2026-01-31 03:51:50,2026-01-31 03:51:50,true,35.8268034,139.2190784,315.78,26.3973472,140.0,,0.0,1.496297982851139E7,,8405921,in_vehicle,,26.26680679272195,true,56
72689,1,osmand,2026-01-31 03:51:58,2026-01-31 03:51:57,2026-01-31 03:51:57,true,35.8265574,139.2199223,307.9,20.7407728,119.0,,0.0,1.4963060769519353E7,,8405993,in_vehicle,,80.94100796251419,true,56
72690,1,osmand,2026-01-31 03:52:05,2026-01-31 03:52:04,2026-01-31 03:52:04,true,35.8259386,139.220412,303.0,22.159776,121.0,,0.0,1.4963142614672612E7,,8406062,in_vehicle,,81.84515325819123,true,56
72691,1,osmand,2026-01-31 03:52:11,2026-01-31 03:52:10,2026-01-31 03:52:10,true,35.8257279,139.221269,302.85,22.062584,120.0,,0.0,1.4963223443569157E7,,8406154,in_vehicle,,80.82889654574697,true,56
72692,1,osmand,2026-01-31 03:52:17,2026-01-31 03:52:16,2026-01-31 03:52:16,true,35.8253353,139.2220124,299.23,27.116567999999997,119.0,,0.0,1.49633035196287E7,,8406246,in_vehicle,,80.07605954194466,true,56
72693,1,osmand,2026-01-31 03:52:23,2026-01-31 03:52:22,2026-01-31 03:52:22,true,35.8251114,139.2228636,292.95,24.2202464,97.0,,0.0,1.4963384289543346E7,,8406315,in_vehicle,,80.76991464637236,true,56
72694,1,osmand,2026-01-31 03:52:29,2026-01-31 03:52:28,2026-01-31 03:52:28,true,35.8251444,139.2237242,285.17,23.6565328,88.0,,0.0,1.4963462052950397E7,,8406405,in_vehicle,,77.76340705164681,true,56
72695,1,osmand,2026-01-31 03:52:38,2026-01-31 03:52:37,2026-01-31 03:52:37,true,35.824926,139.2245814,275.07,22.742928,72.0,,0.0,1.4963543152691249E7,,8406489,in_vehicle,,81.0997408517576,true,56
72696,1,osmand,2026-01-31 03:52:44,2026-01-31 03:52:43,2026-01-31 03:52:43,true,35.8248222,139.2254148,262.0,26.630608,107.0,,0.0,1.4963619256801536E7,,8406564,in_vehicle,,76.10411028671462,true,56
72697,1,osmand,2026-01-31 03:52:52,2026-01-31 03:52:51,2026-01-31 03:52:51,true,35.8244232,139.2262074,255.03,18.583110400000002,132.0,,0.0,1.4963703463198714E7,,8406653,in_vehicle,,84.20639717782731,true,56
72698,1,osmand,2026-01-31 03:53:00,2026-01-31 03:52:59,2026-01-31 03:52:59,true,35.8237405,139.2265423,249.71,21.012910400000003,162.0,,0.0,1.4963785251958279E7,,8406736,in_vehicle,,81.78875956501487,true,56
72699,1,osmand,2026-01-31 03:53:09,2026-01-31 03:53:08,2026-01-31 03:53:08,true,35.8236632,139.2274283,243.1,20.6241424,71.0,,0.0,1.4963865684179265E7,,8406836,in_vehicle,,80.43222098637652,true,56
72700,1,osmand,2026-01-31 03:53:18,2026-01-31 03:53:17,2026-01-31 03:53:17,true,35.8236874,139.2283477,236.79,21.7126928,59.0,,0.0,1.4963948713210497E7,,8406913,in_vehicle,,83.02903123274017,true,56
72701,1,osmand,2026-01-31 03:53:26,2026-01-31 03:53:25,2026-01-31 03:53:25,true,35.823568,139.2292207,232.11,32.9286496,166.0,,0.0,1.4964028623644816E7,,8407013,in_vehicle,,79.9104343192556,true,56
72702,1,osmand,2026-01-31 03:53:31,2026-01-31 03:53:30,2026-01-31 03:53:30,true,35.8227502,139.2292118,230.32,32.462128,184.0,,0.0,1.496411966426862E7,,8407120,in_vehicle,,91.04062380491074,true,56
72703,1,osmand,2026-01-31 03:53:37,2026-01-31 03:53:36,2026-01-31 03:53:36,true,35.822094,139.2295248,229.41,29.7018752,132.0,,0.0,1.4964197985142507E7,,8407203,in_vehicle,,78.32087388670952,true,56
72704,1,osmand,2026-01-31 03:53:42,2026-01-31 03:53:41,2026-01-31 03:53:41,true,35.821692,139.2301979,227.27,26.9610608,127.0,,0.0,1.4964273442684937E7,,8407264,in_vehicle,,75.45754243071099,true,56
72705,1,osmand,2026-01-31 03:53:47,2026-01-31 03:53:46,2026-01-31 03:53:46,true,35.8213137,139.2309384,227.76,35.416764799999996,117.0,,0.0,1.4964352442454545E7,,8407357,in_vehicle,,78.99976960699372,true,56
72706,1,osmand,2026-01-31 03:53:52,2026-01-31 03:53:51,2026-01-31 03:53:51,true,35.8208663,139.2318131,228.64,35.6500256,122.0,,0.0,1.4964445791736372E7,,8407449,in_vehicle,,93.3492818272909,true,56
72707,1,osmand,2026-01-31 03:53:57,2026-01-31 03:53:56,2026-01-31 03:53:56,true,35.820396,139.2326383,231.12,37.010713599999995,121.0,,0.0,1.496453683572242E7,,8407539,in_vehicle,,91.04398604911295,true,56
72708,1,osmand,2026-01-31 03:54:01,2026-01-31 03:54:00,2026-01-31 03:54:00,true,35.820096,139.2334408,230.32,38.4491552,107.0,,0.0,1.4964616600401811E7,,8407619,in_vehicle,,79.76467939005752,true,56
72709,1,osmand,2026-01-31 03:54:06,2026-01-31 03:54:05,2026-01-31 03:54:05,true,35.8198702,139.2344229,228.39,32.9092112,102.0,,0.0,1.4964708743867405E7,,8407711,in_vehicle,,92.1434655927799,true,56
72710,1,osmand,2026-01-31 03:54:11,2026-01-31 03:54:10,2026-01-31 03:54:10,true,35.8195579,139.235363,227.05,37.2050976,120.0,,0.0,1.4964800447086679E7,,8407803,in_vehicle,,91.7032192741564,true,56
72711,1,osmand,2026-01-31 03:54:15,2026-01-31 03:54:14,2026-01-31 03:54:14,true,35.8191175,139.2360484,226.06,37.0495904,129.0,,0.0,1.4964879384301977E7,,8407882,in_vehicle,,78.93721529900228,true,56
72712,1,osmand,2026-01-31 03:54:20,2026-01-31 03:54:19,2026-01-31 03:54:19,true,35.8186685,139.2368065,223.62,29.5269296,118.0,,0.0,1.4964964124920167E7,,8407951,in_vehicle,,84.74061819064777,true,56
72713,1,osmand,2026-01-31 03:54:26,2026-01-31 03:54:25,2026-01-31 03:54:25,true,35.8184725,139.237695,222.32,23.9869856,89.0,,0.0,1.4965047241234364E7,,8408037,in_vehicle,,83.11631419652849,true,56
72714,1,osmand,2026-01-31 03:54:32,2026-01-31 03:54:31,2026-01-31 03:54:31,true,35.8186188,139.2386283,221.16,31.0431248,94.0,,0.0,1.4965133046356248E7,,8408134,in_vehicle,,85.80512188386798,true,56
72715,1,osmand,2026-01-31 03:54:37,2026-01-31 03:54:36,2026-01-31 03:54:36,true,35.8184912,139.2395755,220.08,35.125188800000004,90.0,,0.0,1.4965219718298664E7,,8408221,in_vehicle,,86.67194241673452,true,56
72716,1,osmand,2026-01-31 03:54:42,2026-01-31 03:54:41,2026-01-31 03:54:41,true,35.8185871,139.2405418,218.97,33.064718400000004,82.0,,0.0,1.4965307593338344E7,,8408292,in_vehicle,,87.87503967975906,true,56
72717,1,osmand,2026-01-31 03:54:48,2026-01-31 03:54:47,2026-01-31 03:54:47,true,35.8186138,139.2415273,218.62,26.824992,93.0,,0.0,1.4965396600187462E7,,8408384,in_vehicle,,89.00684911670903,true,56
72718,1,osmand,2026-01-31 03:54:54,2026-01-31 03:54:53,2026-01-31 03:54:53,true,35.818524,139.2423861,216.21,23.7537248,101.0,,0.0,1.496547476259694E7,,8408465,in_vehicle,,78.16240947814292,true,56
72719,1,osmand,2026-01-31 03:55:01,2026-01-31 03:55:00,2026-01-31 03:55:00,true,35.8183839,139.2432759,212.93,23.9869856,102.0,,0.0,1.4965556581639362E7,,8408560,in_vehicle,,81.81904242151641,true,56
72720,1,osmand,2026-01-31 03:55:09,2026-01-31 03:55:08,2026-01-31 03:55:08,true,35.8183615,139.24419,209.62,16.7364624,81.0,,0.0,1.496563913175741E7,,8408634,in_vehicle,,82.5501180469114,true,56
72721,1,osmand,2026-01-31 03:55:54,2026-01-31 03:55:53,2026-01-31 03:55:53,true,35.8188992,139.2447878,219.3,13.626318399999999,40.0,,0.0,1.4965719720793052E7,,8408727,in_vehicle,,80.58903564151585,true,56
72722,1,osmand,2026-01-31 03:56:04,2026-01-31 03:56:03,2026-01-31 03:56:03,true,35.8192145,139.2455704,219.3,17.105792,62.0,,0.0,1.4965798601771276E7,,8408806,in_vehicle,,78.88097822432783,true,56
72723,1,osmand,2026-01-31 03:56:14,2026-01-31 03:56:13,2026-01-31 03:56:13,true,35.8196868,139.2462225,219.3,16.7364624,45.0,,0.0,1.4965877525635198E7,,8408886,in_vehicle,,78.92386392088322,true,56
72724,1,osmand,2026-01-31 03:56:21,2026-01-31 03:56:20,2026-01-31 03:56:20,true,35.8202929,139.2465895,219.3,22.8789968,25.0,,0.0,1.4965952690146541E7,,8408970,in_vehicle,,75.16451134308299,true,56
72725,1,osmand,2026-01-31 03:56:27,2026-01-31 03:56:26,2026-01-31 03:56:26,true,35.8209576,139.2467747,219.3,23.32608,358.0,,0.0,1.4966028549060201E7,,8409046,in_vehicle,,75.85891365952064,true,56
72726,1,osmand,2026-01-31 03:56:34,2026-01-31 03:56:33,2026-01-31 03:56:33,true,35.8217328,139.2468258,219.3,25.3476736,9.0,,0.0,1.496611496710827E7,,8409133,in_vehicle,,86.41804806850298,true,56
72727,1,osmand,2026-01-31 03:56:41,2026-01-31 03:56:40,2026-01-31 03:56:40,true,35.8223735,139.2473413,219.3,23.3843952,37.0,,0.0,1.4966200125418276E7,,8409207,in_vehicle,,85.15831000564933,true,56
72728,1,osmand,2026-01-31 03:56:50,2026-01-31 03:56:49,2026-01-31 03:56:49,true,35.8229491,139.2479126,219.3,16.9308464,42.0,,0.0,1.4966282373577353E7,,8409302,in_vehicle,,82.24815907738866,true,56
72729,1,osmand,2026-01-31 03:57:31,2026-01-31 03:57:30,2026-01-31 03:57:30,true,35.8233118,139.2486399,209.4,19.9437984,97.0,,0.0,1.4966359442929598E7,,8409376,in_vehicle,,77.06935224476254,true,56
72730,1,osmand,2026-01-31 03:57:38,2026-01-31 03:57:37,2026-01-31 03:57:37,true,35.8231155,139.2495065,209.4,19.92436,113.0,,0.0,1.4966440657973504E7,,8409468,in_vehicle,,81.21504390605968,true,56
72731,1,osmand,2026-01-31 03:57:45,2026-01-31 03:57:44,2026-01-31 03:57:44,true,35.8228724,139.2503003,209.4,21.5183088,110.0,,0.0,1.4966517247480962E7,,8409545,in_vehicle,,76.5895074580764,true,56
72732,1,osmand,2026-01-31 03:57:52,2026-01-31 03:57:51,2026-01-31 03:57:51,true,35.8228206,139.2512669,209.4,30.8681792,76.0,,0.0,1.4966604684343372E7,,8409634,in_vehicle,,87.43686240996472,true,56
72733,1,osmand,2026-01-31 03:57:57,2026-01-31 03:57:56,2026-01-31 03:57:56,true,35.82304,139.2521868,209.4,31.2763856,72.0,,0.0,1.4966691233125346E7,,8409721,in_vehicle,,86.54878197490551,true,56
72734,1,osmand,2026-01-31 03:58:02,2026-01-31 03:58:01,2026-01-31 03:58:01,true,35.8232645,139.2530058,209.4,29.0215312,69.0,,0.0,1.4966769266902218E7,,8409798,in_vehicle,,78.03377687233342,true,56
72735,1,osmand,2026-01-31 03:58:08,2026-01-31 03:58:07,2026-01-31 03:58:07,true,35.8235895,139.2538866,209.4,29.3131072,67.0,,0.0,1.496685661333544E7,,8409885,in_vehicle,,87.34643322194835,true,56
72736,1,osmand,2026-01-31 03:58:13,2026-01-31 03:58:12,2026-01-31 03:58:12,true,35.8238738,139.2546451,209.4,27.777473599999997,62.0,,0.0,1.4966932036823422E7,,8409960,in_vehicle,,75.42348798235825,true,56
72737,1,osmand,2026-01-31 03:58:19,2026-01-31 03:58:18,2026-01-31 03:58:18,true,35.8245011,139.255214,209.4,29.6629984,31.0,,0.0,1.4967018714520888E7,,8410048,in_vehicle,,86.6776974658149,true,56
72738,1,osmand,2026-01-31 03:58:25,2026-01-31 03:58:24,2026-01-31 03:58:24,true,35.8252241,139.2555282,209.4,26.164086400000002,6.0,,0.0,1.4967104048724432E7,,8410133,in_vehicle,,85.33420354341527,true,56
72739,1,osmand,2026-01-31 03:58:31,2026-01-31 03:58:30,2026-01-31 03:58:30,true,35.825953,139.2556941,209.4,24.434068800000002,28.0,,0.0,1.4967186559578372E7,,8410216,in_vehicle,,82.51085394102287,true,56
72740,1,osmand,2026-01-31 03:58:38,2026-01-31 03:58:37,2026-01-31 03:58:37,true,35.8263734,139.2563582,209.4,22.567982399999998,57.0,,0.0,1.4967262605099628E7,,8410296,in_vehicle,,76.04552125620596,true,56
72741,1,osmand,2026-01-31 03:58:45,2026-01-31 03:58:44,2026-01-31 03:58:44,true,35.826792,139.2571401,209.4,24.103616000000002,56.0,,0.0,1.496734717343874E7,,8410380,in_vehicle,,84.56833911241938,true,56
72742,1,osmand,2026-01-31 03:58:51,2026-01-31 03:58:50,2026-01-31 03:58:50,true,35.8268669,139.2579708,209.12,25.1921664,104.0,,0.0,1.4967422611872314E7,,8410458,in_vehicle,,75.43843357272758,true,56
72743,1,osmand,2026-01-31 03:58:58,2026-01-31 03:58:57,2026-01-31 03:58:57,true,35.826871,139.2588263,209.81,26.1057712,54.0,,0.0,1.4967499827797761E7,,8410540,in_vehicle,,77.21592544856546,true,56
72744,1,osmand,2026-01-31 03:59:04,2026-01-31 03:59:03,2026-01-31 03:59:03,true,35.8273302,139.2594638,208.7,22.8595584,51.0,,0.0,1.4967576793469511E7,,8410617,in_vehicle,,76.9656717506753,true,56
72745,1,osmand,2026-01-31 03:59:11,2026-01-31 03:59:10,2026-01-31 03:59:10,true,35.8277863,139.2601837,207.88,22.2958448,48.0,,0.0,1.4967659253501922E7,,8410701,in_vehicle,,82.46003241068266,true,56
72746,1,osmand,2026-01-31 03:59:18,2026-01-31 03:59:17,2026-01-31 03:59:17,true,35.8282845,139.2608114,206.64,20.5463888,42.0,,0.0,1.4967738533609143E7,,8410781,in_vehicle,,79.28010721990633,true,56
72747,1,osmand,2026-01-31 03:59:25,2026-01-31 03:59:24,2026-01-31 03:59:24,true,35.8287242,139.2615513,203.01,25.075536,58.0,,0.0,1.4967821330541855E7,,8410864,in_vehicle,,82.79693271196594,true,56
72748,1,osmand,2026-01-31 03:59:31,2026-01-31 03:59:30,2026-01-31 03:59:30,true,35.8291166,139.2623264,200.92,27.777473599999997,57.0,,0.0,1.4967903804521553E7,,8410946,in_vehicle,,82.47397969833328,true,56
72749,1,osmand,2026-01-31 03:59:37,2026-01-31 03:59:36,2026-01-31 03:59:36,true,35.8295034,139.2630689,198.65,24.025862399999998,60.0,,0.0,1.4967983458992973E7,,8411026,in_vehicle,,79.65447142010886,true,56
72750,1,osmand,2026-01-31 03:59:44,2026-01-31 03:59:43,2026-01-31 03:59:43,true,35.8296871,139.2639845,198.35,26.2612784,87.0,,0.0,1.4968068587795615E7,,8411112,in_vehicle,,85.12880264214965,true,56
72751,1,osmand,2026-01-31 03:59:49,2026-01-31 03:59:48,2026-01-31 03:59:48,true,35.829678,139.2648681,197.48,29.4880528,90.0,,0.0,1.4968148342190702E7,,8411192,in_vehicle,,79.75439508714587,true,56
72752,1,osmand,2026-01-31 03:59:56,2026-01-31 03:59:55,2026-01-31 03:59:55,true,35.8296919,139.2657684,196.05,21.965392,82.0,,0.0,1.4968229612114187E7,,8411274,in_vehicle,,81.26992348586218,true,56
72753,1,osmand,2026-01-31 04:00:03,2026-01-31 04:00:02,2026-01-31 04:00:02,true,35.8300869,139.2665611,195.31,26.028017600000002,36.0,,0.0,1.4968313588136636E7,,8411361,in_vehicle,,83.97602244828946,true,56
72754,1,osmand,2026-01-31 04:00:09,2026-01-31 04:00:08,2026-01-31 04:00:08,true,35.8307449,139.2671152,194.35,28.0107344,38.0,,0.0,1.4968402279741663E7,,8411450,in_vehicle,,88.69160502845864,true,56
72755,1,osmand,2026-01-31 04:00:15,2026-01-31 04:00:14,2026-01-31 04:00:14,true,35.8313214,139.2676592,193.3,24.5118224,39.0,,0.0,1.4968483082210485E7,,8411531,in_vehicle,,80.80246882066221,true,56
72756,1,osmand,2026-01-31 04:00:22,2026-01-31 04:00:21,2026-01-31 04:00:21,true,35.8317845,139.2684055,189.68,20.8379648,71.0,,0.0,1.4968567901153041E7,,8411616,in_vehicle,,84.81894255706355,true,56
72757,1,osmand,2026-01-31 04:00:48,2026-01-31 04:00:47,2026-01-31 04:00:47,true,35.8320091,139.2692275,182.4,20.0798672,58.0,,0.0,1.4968646187305797E7,,8411696,in_vehicle,,78.28615275537811,true,56
72758,1,osmand,2026-01-31 04:00:57,2026-01-31 04:00:55,2026-01-31 04:00:55,true,35.8323663,139.269937,182.4,12.6543984,50.0,,0.0,1.4968721561855584E7,,8411771,in_vehicle,,75.37454978770138,true,56
72759,1,osmand,2026-01-31 04:01:06,2026-01-31 04:01:05,2026-01-31 04:01:05,true,35.8327976,139.2706227,182.4,20.7602112,50.0,,0.0,1.4968799887187583E7,,8411851,in_vehicle,,78.32533199937264,true,56
72760,1,osmand,2026-01-31 04:01:13,2026-01-31 04:01:12,2026-01-31 04:01:12,true,35.8332172,139.271303,182.4,19.1273856,49.0,,0.0,1.4968877032288078E7,,8411928,in_vehicle,,77.14510049419728,true,56
72761,1,osmand,2026-01-31 04:01:20,2026-01-31 04:01:19,2026-01-31 04:01:19,true,35.8336449,139.2720016,182.4,23.2094496,52.0,,0.0,1.4968956037997957E7,,8412007,in_vehicle,,79.00570987846069,true,56
72762,1,osmand,2026-01-31 04:01:27,2026-01-31 04:01:26,2026-01-31 04:01:26,true,35.8341561,139.2727325,182.4,24.9200288,46.0,,0.0,1.4969043155372504E7,,8412094,in_vehicle,,87.1173745474988,true,56
72763,1,osmand,2026-01-31 04:01:33,2026-01-31 04:01:32,2026-01-31 04:01:32,true,35.8346893,139.2733224,182.4,27.2720752,40.0,,0.0,1.4969122888024641E7,,8412174,in_vehicle,,79.73265213756984,true,56
72764,1,osmand,2026-01-31 04:01:39,2026-01-31 04:01:38,2026-01-31 04:01:38,true,35.8352648,139.273947,182.4,27.3498288,42.0,,0.0,1.4969208220649421E7,,8412258,in_vehicle,,85.33262477962333,true,55
72765,1,osmand,2026-01-31 04:01:45,2026-01-31 04:01:44,2026-01-31 04:01:44,true,35.8358155,139.2745476,182.4,24.8422752,43.0,,0.0,1.4969290049851982E7,,8412339,in_vehicle,,81.82920256014341,true,55
72766,1,osmand,2026-01-31 04:01:51,2026-01-31 04:01:50,2026-01-31 04:01:50,true,35.8363853,139.275134,182.4,27.8163504,43.0,,0.0,1.4969372656806348E7,,8412421,in_vehicle,,82.60695436574221,true,55
72767,1,osmand,2026-01-31 04:01:57,2026-01-31 04:01:56,2026-01-31 04:01:56,true,35.8368768,139.2759054,182.4,28.7105168,59.0,,0.0,1.49694611998912E7,,8412511,in_vehicle,,88.54308485329277,true,55
72768,1,osmand,2026-01-31 04:02:03,2026-01-31 04:02:02,2026-01-31 04:02:02,true,35.8371904,139.2767591,182.4,26.2612784,69.0,,0.0,1.4969545782401709E7,,8412596,in_vehicle,,84.5825105090126,true,55
72769,1,osmand,2026-01-31 04:02:09,2026-01-31 04:02:08,2026-01-31 04:02:08,true,35.837419,139.2776364,182.4,25.853072,72.0,,0.0,1.4969628943387354E7,,8412680,in_vehicle,,83.16098564524661,true,55
72770,1,osmand,2026-01-31 04:02:15,2026-01-31 04:02:14,2026-01-31 04:02:14,true,35.8375979,139.2784697,185.28,23.967547200000002,77.0,,0.0,1.4969706736503998E7,,8412757,in_vehicle,,77.79311664317535,true,55
72771,1,osmand,2026-01-31 04:02:21,2026-01-31 04:02:20,2026-01-31 04:02:20,true,35.8376735,139.2793508,183.54,27.524774400000002,85.0,,0.0,1.4969786694980115E7,,8412837,in_vehicle,,79.9584761161404,true,55
72772,1,osmand,2026-01-31 04:02:27,2026-01-31 04:02:26,2026-01-31 04:02:26,true,35.837727,139.2802136,182.12,22.7623664,84.0,,0.0,1.4969864785235409E7,,8412915,in_vehicle,,78.09025529317411,true,55
72773,1,osmand,2026-01-31 04:02:45,2026-01-31 04:02:44,2026-01-31 04:02:44,true,35.8377638,139.2810854,169.5,18.3109728,91.0,,0.0,1.49699435667911E7,,8412993,in_vehicle,,78.7815556914342,true,55
72774,1,osmand,2026-01-31 04:02:52,2026-01-31 04:02:51,2026-01-31 04:02:51,true,35.8377377,139.2820033,169.5,23.5399024,91.0,,0.0,1.4970026452961087E7,,8413075,in_vehicle,,82.88616998593443,true,55
72775,1,osmand,2026-01-31 04:02:59,2026-01-31 04:02:58,2026-01-31 04:02:58,true,35.8377501,139.2829182,169.5,24.395192,87.0,,0.0,1.4970109029005032E7,,8413157,in_vehicle,,82.57604394487113,true,55
72776,1,osmand,2026-01-31 04:03:05,2026-01-31 04:03:04,2026-01-31 04:03:04,true,35.8377894,139.2837504,169.5,24.0841776,88.0,,0.0,1.4970184257599011E7,,8413234,in_vehicle,,75.22859397864227,true,55
72777,1,osmand,2026-01-31 04:03:12,2026-01-31 04:03:11,2026-01-31 04:03:11,true,35.8377529,139.284672,169.5,22.5874208,95.0,,0.0,1.4970267525905248E7,,8413318,in_vehicle,,83.26830623638483,true,55
72778,1,osmand,2026-01-31 04:03:19,2026-01-31 04:03:18,2026-01-31 04:03:18,true,35.8378247,139.2856223,169.5,25.2116048,78.0,,0.0,1.4970353656666577E7,,8413404,in_vehicle,,86.13076132922603,true,55
72779,1,osmand,2026-01-31 04:03:25,2026-01-31 04:03:24,2026-01-31 04:03:24,true,35.837963,139.2865088,169.5,27.194321600000002,80.0,,0.0,1.4970435125971533E7,,8413485,in_vehicle,,81.46930495600898,true,55
72780,1,osmand,2026-01-31 04:03:31,2026-01-31 04:03:30,2026-01-31 04:03:30,true,35.838109,139.2874097,169.5,24.9200288,79.0,,0.0,1.4970518035357993E7,,8413568,in_vehicle,,82.9093864595606,true,55
72781,1,osmand,2026-01-31 04:03:37,2026-01-31 04:03:36,2026-01-31 04:03:36,true,35.8382313,139.2882673,169.5,26.4167856,79.0,,0.0,1.4970596616792517E7,,8413647,in_vehicle,,78.5814345238799,true,55
72782,1,osmand,2026-01-31 04:03:43,2026-01-31 04:03:42,2026-01-31 04:03:42,true,35.8383689,139.2891541,169.5,26.7472384,79.0,,0.0,1.4970678097595843E7,,8413730,in_vehicle,,81.4808033257663,true,55
72783,1,osmand,2026-01-31 04:03:49,2026-01-31 04:03:48,2026-01-31 04:03:48,true,35.8385139,139.2900541,169.5,26.2807168,79.0,,0.0,1.4970760905162102E7,,8413814,in_vehicle,,82.80756625849048,true,55
72784,1,osmand,2026-01-31 04:03:55,2026-01-31 04:03:54,2026-01-31 04:03:54,true,35.838474,139.2909628,169.5,27.4275824,102.0,,0.0,1.4970843029577881E7,,8413897,in_vehicle,,82.12441577981689,true,55
72785,1,osmand,2026-01-31 04:04:01,2026-01-31 04:04:00,2026-01-31 04:04:00,true,35.8383461,139.2917805,169.5,23.5982176,96.0,,0.0,1.4970918182714393E7,,8413972,in_vehicle,,75.15313651274633,true,55
72786,1,osmand,2026-01-31 04:04:07,2026-01-31 04:04:06,2026-01-31 04:04:06,true,35.8382176,139.2925982,169.5,25.8141952,102.0,,0.0,1.4970993348650275E7,,8414048,in_vehicle,,75.16593588113163,true,55
72787,1,osmand,2026-01-31 04:04:13,2026-01-31 04:04:08,2026-01-31 04:04:08,true,35.8381589,139.2928897,169.5,26.436224,105.0,,0.0,1.4971020454150354E7,,8414075,in_vehicle,,27.10550008050627,true,55
72788,1,osmand,2026-01-31 04:04:13,2026-01-31 04:04:12,2026-01-31 04:04:12,true,35.8379885,139.2934648,170.79,25.8725104,112.0,,0.0,1.4971075711295163E7,,8414131,in_vehicle,,55.25714480790251,true,55
72789,1,osmand,2026-01-31 04:04:20,2026-01-31 04:04:19,2026-01-31 04:04:19,true,35.8377173,139.2943314,169.67,21.0517872,113.0,,0.0,1.4971159541734193E7,,8414214,in_vehicle,,83.83043902849164,true,55
72790,1,osmand,2026-01-31 04:04:38,2026-01-31 04:04:37,2026-01-31 04:04:37,true,35.8374914,139.2951275,170.16,8.8055952,100.0,,0.0,1.497123565927208E7,,8414287,in_vehicle,,76.11753788856714,true,55
72791,1,osmand,2026-01-31 04:04:50,2026-01-31 04:04:49,2026-01-31 04:04:49,true,35.8379444,139.2958412,170.48,26.455662399999998,19.0,,0.0,1.4971317459429843E7,,8414396,in_vehicle,,81.80015776252336,true,55
72792,1,osmand,2026-01-31 04:04:56,2026-01-31 04:04:55,2026-01-31 04:04:55,true,35.8385976,139.2961512,173.44,24.239684800000003,20.0,,0.0,1.497139536925694E7,,8414473,in_vehicle,,77.90982709702406,true,55
72793,1,osmand,2026-01-31 04:05:03,2026-01-31 04:05:02,2026-01-31 04:05:02,true,35.8393587,139.2963376,176.99,25.172728,353.0,,0.0,1.4971481748222701E7,,8414560,in_vehicle,,86.37896576165829,true,55
72794,1,osmand,2026-01-31 04:05:09,2026-01-31 04:05:08,2026-01-31 04:05:08,true,35.8400248,139.2961981,179.9,24.8033984,349.0,,0.0,1.4971556959170733E7,,8414635,in_vehicle,,75.2109480307116,true,55
72795,1,osmand,2026-01-31 04:05:16,2026-01-31 04:05:15,2026-01-31 04:05:15,true,35.840758,139.2963137,185.46,23.5399024,17.0,,0.0,1.497163924257795E7,,8414706,in_vehicle,,82.28340721736292,true,55
72796,1,osmand,2026-01-31 04:05:23,2026-01-31 04:05:22,2026-01-31 04:05:22,true,35.8414835,139.2965659,193.19,25.950264,3.0,,0.0,1.49717231502855E7,,8414802,in_vehicle,,83.9077075487678,true,55
72797,1,osmand,2026-01-31 04:05:29,2026-01-31 04:05:23,2026-01-31 04:05:23,true,35.841598,139.2965658,194.19,25.26992,359.0,,0.0,1.4971735896370389E7,,8414815,in_vehicle,,12.746084889701553,true,55
72798,1,osmand,2026-01-31 04:05:29,2026-01-31 04:05:28,2026-01-31 04:05:28,true,35.8421772,139.2965302,198.69,26.5722928,358.0,,0.0,1.4971800452601979E7,,8414880,in_vehicle,,64.55623159002084,true,55
72799,1,osmand,2026-01-31 04:05:36,2026-01-31 04:05:32,2026-01-31 04:05:32,true,35.8426229,139.2965169,202.54,23.9869856,357.0,,0.0,1.4971850082212936E7,,8414929,in_vehicle,,49.62961095766717,true,55
72800,1,osmand,2026-01-31 04:05:36,2026-01-31 04:05:35,2026-01-31 04:05:35,true,35.8429468,139.2965025,204.92,23.32608,0.0,,0.0,1.4971886162003567E7,,8414965,in_vehicle,,36.079790630760264,true,55
72801,1,osmand,2026-01-31 04:05:43,2026-01-31 04:05:42,2026-01-31 04:05:42,true,35.8436647,139.2965188,207.23,22.2958448,359.0,,0.0,1.4971966091800809E7,,8415044,in_vehicle,,79.92979724172154,true,55
72802,1,osmand,2026-01-31 04:05:50,2026-01-31 04:05:49,2026-01-31 04:05:49,true,35.8444211,139.2965105,210.34,23.967547200000002,359.0,,0.0,1.4972050297194574E7,,8415128,in_vehicle,,84.2053937653201,true,55
72803,1,osmand,2026-01-31 04:05:57,2026-01-31 04:05:56,2026-01-31 04:05:56,true,35.8452046,139.2965186,215.58,24.1424928,0.0,,0.0,1.4972137519078169E7,,8415215,in_vehicle,,87.22188359496695,true,55
72804,1,osmand,2026-01-31 04:06:04,2026-01-31 04:06:01,2026-01-31 04:06:01,true,35.845718,139.2965286,221.13,21.7515696,0.0,,0.0,1.4972194677627873E7,,8415272,in_vehicle,,57.15854970280983,true,55
72805,1,osmand,2026-01-31 04:06:04,2026-01-31 04:06:03,2026-01-31 04:06:03,true,35.8459226,139.296534,221.92,22.140337600000002,0.0,,0.0,1.4972217458807422E7,,8415294,in_vehicle,,22.78117954874061,true,55
72806,1,osmand,2026-01-31 04:06:11,2026-01-31 04:06:10,2026-01-31 04:06:10,true,35.8466665,139.2965936,225.45,22.35416,8.0,,0.0,1.49723004438244E7,,8415376,in_vehicle,,82.98501697728142,true,55
72807,1,osmand,2026-01-31 04:06:17,2026-01-31 04:06:16,2026-01-31 04:06:16,true,35.8473381,139.2967453,226.93,26.3001552,12.0,,0.0,1.4972376448798256E7,,8415452,in_vehicle,,76.00497385659182,true,55
72808,1,osmand,2026-01-31 04:06:23,2026-01-31 04:06:22,2026-01-31 04:06:22,true,35.8480674,139.2969038,226.74,26.630608,11.0,,0.0,1.4972458884219939E7,,8415533,in_vehicle,,82.4354216823258,true,55
72809,1,osmand,2026-01-31 04:06:29,2026-01-31 04:06:28,2026-01-31 04:06:28,true,35.848816,139.2970679,228.23,30.4016576,7.0,,0.0,1.4972543523261286E7,,8415618,in_vehicle,,84.63904134756267,true,55
72810,1,osmand,2026-01-31 04:06:34,2026-01-31 04:06:33,2026-01-31 04:06:33,true,35.8495384,139.2969724,228.71,31.120878400000002,343.0,,0.0,1.4972624400824832E7,,8415699,in_vehicle,,80.87756354562357,true,55
72811,1,osmand,2026-01-31 04:06:40,2026-01-31 04:06:39,2026-01-31 04:06:39,true,35.8502616,139.2966455,230.19,26.824992,352.0,,0.0,1.4972710140496127E7,,8415785,in_vehicle,,85.73967129469985,true,55
72812,1,osmand,2026-01-31 04:06:46,2026-01-31 04:06:45,2026-01-31 04:06:45,true,35.8509801,139.2968571,228.74,29.1381616,39.0,,0.0,1.4972792370758513E7,,8415869,in_vehicle,,82.2302623849949,true,55
72813,1,osmand,2026-01-31 04:06:51,2026-01-31 04:06:50,2026-01-31 04:06:50,true,35.8515055,139.297482,228.27,30.557164800000002,45.0,,0.0,1.4972873610663658E7,,8415951,in_vehicle,,81.23990514522018,true,55
72814,1,osmand,2026-01-31 04:06:57,2026-01-31 04:06:56,2026-01-31 04:06:56,true,35.8520513,139.2980956,226.22,26.125209599999998,40.0,,0.0,1.4972955810055314E7,,8416020,in_vehicle,,82.19939165640635,true,55
72815,1,osmand,2026-01-31 04:07:04,2026-01-31 04:07:03,2026-01-31 04:07:03,true,35.8526711,139.2986359,224.06,22.5291056,33.0,,0.0,1.4973040290742066E7,,8416117,in_vehicle,,84.48068675269693,true,55
72816,1,osmand,2026-01-31 04:07:12,2026-01-31 04:07:11,2026-01-31 04:07:11,true,35.8533177,139.2991953,221.72,23.0150656,38.0,,0.0,1.4973128202753106E7,,8416191,in_vehicle,,87.9120110407388,true,55
72817,1,osmand,2026-01-31 04:07:18,2026-01-31 04:07:17,2026-01-31 04:07:17,true,35.8537726,139.2998964,218.9,23.520464,54.0,,0.0,1.4973209232779708E7,,8416273,in_vehicle,,81.03002660224492,true,55
72818,1,osmand,2026-01-31 04:07:25,2026-01-31 04:07:24,2026-01-31 04:07:24,true,35.854215,139.3006884,213.85,23.831478399999998,56.0,,0.0,1.4973296018180737E7,,8416372,in_vehicle,,86.78540102976456,true,55
72819,1,osmand,2026-01-31 04:07:31,2026-01-31 04:07:30,2026-01-31 04:07:30,true,35.8546476,139.3013675,202.23,25.2116048,42.0,,0.0,1.4973373949800707E7,,8416450,in_vehicle,,77.93161996976488,true,55
72820,1,osmand,2026-01-31 04:07:37,2026-01-31 04:07:36,2026-01-31 04:07:36,true,35.8553144,139.3018267,191.93,25.2893584,29.0,,0.0,1.4973458957529379E7,,8416536,in_vehicle,,85.00772867075527,true,55
72821,1,osmand,2026-01-31 04:07:43,2026-01-31 04:07:42,2026-01-31 04:07:42,true,35.8559716,139.3022742,177.62,23.81204,26.0,,0.0,1.4973542518414574E7,,8416619,in_vehicle,,83.5608851942304,true,55
72822,1,osmand,2026-01-31 04:07:51,2026-01-31 04:07:50,2026-01-31 04:07:50,true,35.8566349,139.3026344,168.7,19.4189616,22.0,,0.0,1.4973623192002296E7,,8416700,in_vehicle,,80.67358772202509,true,55
72823,1,osmand,2026-01-31 04:08:04,2026-01-31 04:08:03,2026-01-31 04:08:03,true,35.8572337,139.3030232,156.4,21.304486400000002,42.0,,0.0,1.4973698516662383E7,,8416777,in_vehicle,,75.32466008638289,true,55
72824,1,osmand,2026-01-31 04:08:10,2026-01-31 04:08:09,2026-01-31 04:08:09,true,35.8576456,139.3037395,156.4,28.2634336,64.0,,0.0,1.4973777756571863E7,,8416857,in_vehicle,,79.23990947970789,true,55
72825,1,osmand,2026-01-31 04:08:16,2026-01-31 04:08:15,2026-01-31 04:08:15,true,35.8580725,139.304423,156.4,21.38224,40.0,,0.0,1.497385560966846E7,,8416935,in_vehicle,,77.8530965960137,true,55
72826,1,osmand,2026-01-31 04:08:47,2026-01-31 04:08:46,2026-01-31 04:08:46,true,35.8585817,139.3050089,162.9,12.9070976,53.0,,0.0,1.4973933116350865E7,,8417016,in_vehicle,,77.50668240535235,true,55
72827,1,osmand,2026-01-31 04:08:55,2026-01-31 04:08:54,2026-01-31 04:08:54,true,35.8588261,139.3058612,162.9,24.2785616,84.0,,0.0,1.4974014682375131E7,,8417099,in_vehicle,,81.56602426688363,true,55
72828,1,osmand,2026-01-31 04:09:02,2026-01-31 04:09:01,2026-01-31 04:09:01,true,35.8589045,139.3067621,162.9,23.1705728,80.0,,0.0,1.497409642902554E7,,8417181,in_vehicle,,81.74665040928706,true,54
72829,1,osmand,2026-01-31 04:09:09,2026-01-31 04:09:08,2026-01-31 04:09:08,true,35.8590431,139.3076904,162.9,24.006424,77.0,,0.0,1.4974181589696566E7,,8417265,in_vehicle,,85.16067102573217,true,54
72830,1,osmand,2026-01-31 04:09:16,2026-01-31 04:09:15,2026-01-31 04:09:15,true,35.8592141,139.3085753,162.9,22.7818048,77.0,,0.0,1.4974263663356058E7,,8417347,in_vehicle,,82.07365949269756,true,54
72831,1,osmand,2026-01-31 04:09:24,2026-01-31 04:09:23,2026-01-31 04:09:23,true,35.8593562,139.3094593,162.9,16.52264,82.0,,0.0,1.4974344971238073E7,,8417429,in_vehicle,,81.30788201469332,true,54
72832,1,osmand,2026-01-31 04:09:38,2026-01-31 04:09:37,2026-01-31 04:09:37,true,35.859367,139.3103325,159.1,16.425448,91.0,,0.0,1.4974423760251425E7,,8417508,in_vehicle,,78.78901335262906,true,54
72833,1,osmand,2026-01-31 04:09:55,2026-01-31 04:09:45,2026-01-31 04:09:45,true,35.8593458,139.3108731,159.1,5.6954512,93.0,,0.0,1.4974472590086048E7,,8417557,in_vehicle,,48.82983462410593,true,54
72834,1,osmand,2026-01-31 04:09:55,2026-01-31 04:09:54,2026-01-31 04:09:54,true,35.8593411,139.3112212,160.1,13.218112,88.0,,0.0,1.497450399992792E7,,8417581,in_vehicle,,31.409841871558104,true,54
72835,1,osmand,2026-01-31 04:10:05,2026-01-31 04:10:04,2026-01-31 04:10:04,true,35.8593509,139.3120605,160.1,12.343383999999999,103.0,,0.0,1.4974579729193449E7,,8417663,in_vehicle,,75.72926552891992,true,54
72836,1,osmand,2026-01-31 04:11:07,2026-01-31 04:11:06,2026-01-31 04:11:06,true,35.8593922,139.3128964,158.8,12.1101232,356.0,,0.0,1.4974655283837784E7,,8417750,in_vehicle,,75.55464433431929,true,54
72837,1,osmand,2026-01-31 04:11:15,2026-01-31 04:11:14,2026-01-31 04:11:14,true,35.8601063,139.3128006,158.8,22.801243200000002,350.0,,0.0,1.4974735245566562E7,,8417829,in_vehicle,,79.9617287768885,true,54
72838,1,osmand,2026-01-31 04:11:21,2026-01-31 04:11:20,2026-01-31 04:11:20,true,35.8607837,139.3125788,158.8,25.7947568,340.0,,0.0,1.4974813263244739E7,,8417906,in_vehicle,,78.01767817664499,true,54
72839,1,osmand,2026-01-31 04:11:27,2026-01-31 04:11:26,2026-01-31 04:11:26,true,35.8615073,139.3122944,158.8,27.9718576,343.0,,0.0,1.497489780173774E7,,8417989,in_vehicle,,84.538493000956,true,54
72840,1,osmand,2026-01-31 04:11:33,2026-01-31 04:11:32,2026-01-31 04:11:32,true,35.8622483,139.3121659,158.8,26.0863328,1.0,,0.0,1.4974981100130092E7,,8418072,in_vehicle,,83.29839235245657,true,54
72841,1,osmand,2026-01-31 04:11:39,2026-01-31 04:11:38,2026-01-31 04:11:38,true,35.8629207,139.3123422,158.8,23.9481088,20.0,,0.0,1.4975057622530319E7,,8418147,in_vehicle,,76.52240022703442,true,54
72842,1,osmand,2026-01-31 04:11:46,2026-01-31 04:11:45,2026-01-31 04:11:45,true,35.8636112,139.3128361,158.8,28.963216,31.0,,0.0,1.4975146469324544E7,,8418237,in_vehicle,,88.84679422579343,true,54
72843,1,osmand,2026-01-31 04:11:52,2026-01-31 04:11:51,2026-01-31 04:11:51,true,35.8642123,139.3133256,158.8,20.7796496,40.0,,0.0,1.4975226641695974E7,,8418317,in_vehicle,,80.1723714307429,true,54
72844,1,osmand,2026-01-31 04:12:07,2026-01-31 04:12:06,2026-01-31 04:12:06,true,35.8642857,139.3141847,158.8,20.8768416,145.0,,0.0,1.4975304574180413E7,,8418437,in_vehicle,,77.93248443869075,true,54
72845,1,osmand,2026-01-31 04:12:14,2026-01-31 04:12:10,2026-01-31 04:12:10,true,35.8639651,139.3144646,158.8,20.2353744,140.0,,0.0,1.4975348292809738E7,,8418490,in_vehicle,,43.718629324763135,true,54
72846,1,osmand,2026-01-31 04:12:14,2026-01-31 04:12:13,2026-01-31 04:12:13,true,35.8637505,139.3146967,158.8,21.6155008,137.0,,0.0,1.497538005954725E7,,8418522,in_vehicle,,31.76673751140755,true,54
72847,1,osmand,2026-01-31 04:12:22,2026-01-31 04:12:21,2026-01-31 04:12:21,true,35.8631988,139.3153041,158.8,19.9437984,138.0,,0.0,1.4975462366686465E7,,8418605,in_vehicle,,82.30713921648649,true,54
72848,1,osmand,2026-01-31 04:12:31,2026-01-31 04:12:30,2026-01-31 04:12:30,true,35.8626461,139.3159029,158.8,14.8898144,136.0,,0.0,1.4975544243213853E7,,8418686,in_vehicle,,81.87652738785467,true,54
72849,1,osmand,2026-01-31 04:12:57,2026-01-31 04:12:56,2026-01-31 04:12:56,true,35.8621196,139.3164665,162.6,19.0885088,137.0,,0.0,1.4975621834464733E7,,8418762,in_vehicle,,77.5912508804308,true,54
72850,1,osmand,2026-01-31 04:13:06,2026-01-31 04:13:05,2026-01-31 04:13:05,true,35.8616365,139.3171139,162.6,13.004289600000002,124.0,,0.0,1.4975701228584554E7,,8418841,in_vehicle,,79.3941198213362,true,54
72851,1,osmand,2026-01-31 04:13:20,2026-01-31 04:13:19,2026-01-31 04:13:19,true,35.8613232,139.3178737,161.3,14.8509376,111.0,,0.0,1.4975778138058683E7,,8418917,in_vehicle,,76.90947412934348,true,54
72852,1,osmand,2026-01-31 04:13:28,2026-01-31 04:13:27,2026-01-31 04:13:27,true,35.8611797,139.3187068,161.3,22.3735984,96.0,,0.0,1.4975854977118965E7,,8418995,in_vehicle,,76.83906028156296,true,54
72853,1,osmand,2026-01-31 04:13:35,2026-01-31 04:13:34,2026-01-31 04:13:34,true,35.8611675,139.3195514,161.3,21.38224,88.0,,0.0,1.497593118703586E7,,8419072,in_vehicle,,76.20991689592152,true,54
72854,1,osmand,2026-01-31 04:13:42,2026-01-31 04:13:38,2026-01-31 04:13:38,true,35.8612005,139.3200504,161.3,21.129540799999997,88.0,,0.0,1.497597635526302E7,,8419116,in_vehicle,,45.1682271601645,true,54
72855,1,osmand,2026-01-31 04:13:42,2026-01-31 04:13:41,2026-01-31 04:13:41,true,35.86122,139.3204305,161.3,21.537747200000002,87.0,,0.0,1.4976010715607394E7,,8419151,in_vehicle,,34.36034437344932,true,54
72856,1,osmand,2026-01-31 04:13:50,2026-01-31 04:13:49,2026-01-31 04:13:49,true,35.8612379,139.3213524,161.3,19.729976,90.0,,0.0,1.4976093911053583E7,,8419235,in_vehicle,,83.19544618878614,true,54
72857,1,osmand,2026-01-31 04:14:00,2026-01-31 04:13:59,2026-01-31 04:13:59,true,35.8611994,139.322193,161.3,22.0237072,93.0,,0.0,1.497616986896091E7,,8419311,in_vehicle,,75.95790732603719,true,54
72858,1,osmand,2026-01-31 04:14:07,2026-01-31 04:14:06,2026-01-31 04:14:06,true,35.8611221,139.3231164,161.3,24.7256448,99.0,,0.0,1.4976253619176274E7,,8419396,in_vehicle,,83.75021536485777,true,54
72859,1,osmand,2026-01-31 04:14:13,2026-01-31 04:14:12,2026-01-31 04:14:12,true,35.8609576,139.324007,161.3,27.777473599999997,104.0,,0.0,1.4976336027466897E7,,8419478,in_vehicle,,82.4082906231114,true,54
72860,1,osmand,2026-01-31 04:14:19,2026-01-31 04:14:18,2026-01-31 04:14:18,true,35.8607501,139.3249435,161.3,29.060408,104.0,,0.0,1.497642361726004E7,,8419565,in_vehicle,,87.58979314423638,true,54
72861,1,osmand,2026-01-31 04:14:24,2026-01-31 04:14:23,2026-01-31 04:14:23,true,35.8605666,139.3257988,161.3,31.6457152,104.0,,0.0,1.4976503438909028E7,,8419644,in_vehicle,,79.82164898720265,true,54
72862,1,osmand,2026-01-31 04:14:29,2026-01-31 04:14:28,2026-01-31 04:14:28,true,35.8603929,139.3266229,161.3,27.6802816,103.0,,0.0,1.4976580261190234E7,,8419720,in_vehicle,,76.82228120626264,true,54
72863,1,osmand,2026-01-31 04:14:35,2026-01-31 04:14:34,2026-01-31 04:14:34,true,35.8601863,139.327551,161.3,28.3217488,105.0,,0.0,1.497666709419412E7,,8419807,in_vehicle,,86.83300388644011,true,54
72864,1,osmand,2026-01-31 04:14:41,2026-01-31 04:14:40,2026-01-31 04:14:40,true,35.8599874,139.3284714,156.46,28.2439952,105.0,,0.0,1.4976753032903649E7,,8419892,in_vehicle,,85.93870952879533,true,54
72865,1,osmand,2026-01-31 04:14:46,2026-01-31 04:14:45,2026-01-31 04:14:45,true,35.8598103,139.3293362,156.16,34.8141744,104.0,,0.0,1.4976833506612543E7,,8419973,in_vehicle,,80.47370889379067,true,54
72866,1,osmand,2026-01-31 04:14:51,2026-01-31 04:14:50,2026-01-31 04:14:50,true,35.859612,139.3302392,156.22,30.207273599999997,104.0,,0.0,1.4976917912358608E7,,8420058,in_vehicle,,84.40574606515729,true,54
72867,1,osmand,2026-01-31 04:14:57,2026-01-31 04:14:56,2026-01-31 04:14:56,true,35.8593961,139.3311528,156.03,25.26992,104.0,,0.0,1.4977003769429842E7,,8420143,in_vehicle,,85.85707123346029,true,54
72868,1,osmand,2026-01-31 04:15:04,2026-01-31 04:15:01,2026-01-31 04:15:01,true,35.8592605,139.3318386,154.31,22.3152832,105.0,,0.0,1.4977067456846649E7,,8420207,in_vehicle,,63.68741680639896,true,54
72869,1,osmand,2026-01-31 04:15:04,2026-01-31 04:15:03,2026-01-31 04:15:03,true,35.859212,139.3320446,153.84,16.7947776,105.0,,0.0,1.4977086810452223E7,,8420226,in_vehicle,,19.353605574171638,true,54
72870,1,osmand,2026-01-31 04:15:16,2026-01-31 04:15:15,2026-01-31 04:15:15,true,35.8590265,139.3328828,152.92,6.4729872,103.0,,0.0,1.4977165201507002E7,,8420301,in_vehicle,,78.39105477866207,true,54
72871,1,osmand,2026-01-31 04:15:42,2026-01-31 04:15:41,2026-01-31 04:15:41,true,35.8588828,139.3337223,153.7,9.4081856,98.0,,0.0,1.4977242612182477E7,,8420382,in_vehicle,,77.41067547604749,true,54
72872,1,osmand,2026-01-31 04:15:55,2026-01-31 04:15:54,2026-01-31 04:15:54,true,35.8588499,139.3345702,153.7,7.6976064,91.0,,0.0,1.4977319197562957E7,,8420460,in_vehicle,,76.58538047966906,true,53
72873,1,osmand,2026-01-31 04:17:20,2026-01-31 04:17:19,2026-01-31 04:17:19,true,35.8588093,139.3354519,150.5,11.138203200000001,91.0,,0.0,1.4977398873093395E7,,8420539,in_vehicle,,79.67553043817138,true,53
72874,1,osmand,2026-01-31 04:17:33,2026-01-31 04:17:32,2026-01-31 04:17:32,true,35.8587729,139.3363405,150.5,14.675991999999999,93.0,,0.0,1.4977479145229625E7,,8420618,in_vehicle,,80.2721362299379,true,53
72875,1,osmand,2026-01-31 04:17:40,2026-01-31 04:17:39,2026-01-31 04:17:39,true,35.8587409,139.3372016,150.5,26.5722928,94.0,,0.0,1.4977556915629623E7,,8420697,in_vehicle,,77.77039999954421,true,53
72876,1,osmand,2026-01-31 04:17:46,2026-01-31 04:17:45,2026-01-31 04:17:45,true,35.8586698,139.3381924,150.5,30.809864,97.0,,0.0,1.497764665575946E7,,8420787,in_vehicle,,89.74012983616598,true,53
72877,1,osmand,2026-01-31 04:17:51,2026-01-31 04:17:50,2026-01-31 04:17:50,true,35.8585444,139.3390748,150.5,31.567961599999997,102.0,,0.0,1.497772748098645E7,,8420867,in_vehicle,,80.82522699129383,true,53
72878,1,osmand,2026-01-31 04:17:56,2026-01-31 04:17:55,2026-01-31 04:17:55,true,35.858365,139.3399597,150.5,33.2979792,103.0,,0.0,1.497780977720845E7,,8420949,in_vehicle,,82.29622199936232,true,53
72879,1,osmand,2026-01-31 04:18:01,2026-01-31 04:18:00,2026-01-31 04:18:00,true,35.8582044,139.3408544,150.5,31.976167999999998,103.0,,0.0,1.4977892453956503E7,,8421032,in_vehicle,,82.67674805336858,true,53
72880,1,osmand,2026-01-31 04:18:07,2026-01-31 04:18:06,2026-01-31 04:18:06,true,35.8580272,139.3417942,150.5,22.431913599999998,103.0,,0.0,1.497797950807007E7,,8421119,in_vehicle,,87.05411356750868,true,53
72881,1,osmand,2026-01-31 04:30:04,2026-01-31 04:30:03,2026-01-31 04:30:03,true,35.8582763,139.3422978,145.9,2.3714848,155.0,,0.0,1.4978032736868193E7,,8421206,still,,53.22879812246426,true,52
72882,1,osmand,2026-01-31 04:30:41,2026-01-31 04:30:40,2026-01-31 04:30:40,true,35.8578656,139.3430335,143.4,25.5420576,97.0,,0.0,1.4978113334351864E7,,8421296,still,,80.59748367065099,true,52
72883,1,osmand,2026-01-31 04:30:47,2026-01-31 04:30:46,2026-01-31 04:30:46,true,35.8577836,139.3439422,143.4,31.004248,97.0,,0.0,1.4978195825186588E7,,8421378,still,,82.49083472494651,true,52
72884,1,osmand,2026-01-31 04:30:52,2026-01-31 04:30:51,2026-01-31 04:30:51,true,35.8577069,139.3447976,143.4,27.796912000000003,93.0,,0.0,1.4978273471559525E7,,8421455,still,,77.64637293750391,true,52
72885,1,osmand,2026-01-31 04:30:58,2026-01-31 04:30:57,2026-01-31 04:30:57,true,35.8576827,139.3457533,143.4,25.2504816,90.0,,0.0,1.4978359738410918E7,,8421543,in_vehicle,,86.26685139391174,true,52
72886,1,osmand,2026-01-31 04:31:06,2026-01-31 04:31:05,2026-01-31 04:31:05,true,35.8576694,139.3466015,143.4,14.5204848,103.0,,0.0,1.4978436278706564E7,,8421621,in_vehicle,,76.54029564482258,true,52
72887,1,osmand,2026-01-31 04:32:14,2026-01-31 04:32:13,2026-01-31 04:32:13,true,35.8579547,139.3473739,144.6,16.114433599999998,58.0,,0.0,1.4978512861658966E7,,8421709,in_vehicle,,76.58295240191134,true,52
72888,1,osmand,2026-01-31 04:32:21,2026-01-31 04:32:20,2026-01-31 04:32:20,true,35.8581324,139.3482818,144.6,24.2785616,74.0,,0.0,1.4978597128223354E7,,8421794,in_vehicle,,84.26656438868163,true,52
72889,1,osmand,2026-01-31 04:32:27,2026-01-31 04:32:26,2026-01-31 04:32:26,true,35.8583283,139.3490982,144.6,24.78396,73.0,,0.0,1.4978673945107175E7,,8421872,in_vehicle,,76.81688382083513,true,52
72890,1,osmand,2026-01-31 04:32:33,2026-01-31 04:32:32,2026-01-31 04:32:32,true,35.8585322,139.349925,144.6,25.172728,73.0,,0.0,1.4978751916537918E7,,8421950,in_vehicle,,77.9714307429632,true,52
72891,1,osmand,2026-01-31 04:32:39,2026-01-31 04:32:38,2026-01-31 04:32:38,true,35.8587605,139.3507247,144.6,25.6003728,69.0,,0.0,1.4978828411056234E7,,8422028,in_vehicle,,76.49451831454559,true,52
72892,1,osmand,2026-01-31 04:32:45,2026-01-31 04:32:44,2026-01-31 04:32:44,true,35.8590113,139.3516376,144.6,28.6327632,70.0,,0.0,1.4978915376422316E7,,8422115,in_vehicle,,86.96536608233329,true,52
72893,1,osmand,2026-01-31 04:32:51,2026-01-31 04:32:50,2026-01-31 04:32:50,true,35.8592689,139.3525212,144.6,27.3887056,70.0,,0.0,1.4979000095500823E7,,8422200,in_vehicle,,84.71907850652353,true,51
72894,1,osmand,2026-01-31 04:32:57,2026-01-31 04:32:56,2026-01-31 04:32:56,true,35.8595066,139.353317,144.6,22.0820224,70.0,,0.0,1.4979076613131614E7,,8422277,in_vehicle,,76.51763079183267,true,51
72895,1,osmand,2026-01-31 04:33:31,2026-01-31 04:33:30,2026-01-31 04:33:30,true,35.859793,139.3541401,140.9,14.5982384,70.0,,0.0,1.4979157427353328E7,,8422364,in_vehicle,,80.81422171375003,true,51
72896,1,osmand,2026-01-31 04:33:39,2026-01-31 04:33:38,2026-01-31 04:33:38,true,35.8599979,139.3549597,140.9,19.380084800000002,70.0,,0.0,1.4979234808992496E7,,8422440,in_vehicle,,77.38163916857958,true,51
72897,1,osmand,2026-01-31 04:33:46,2026-01-31 04:33:45,2026-01-31 04:33:45,true,35.860216,139.3557519,140.9,22.3152832,71.0,,0.0,1.4979310291548807E7,,8422515,in_vehicle,,75.48255631074252,true,51
72898,1,osmand,2026-01-31 04:33:53,2026-01-31 04:33:52,2026-01-31 04:33:52,true,35.8604538,139.3566489,140.9,23.81204,71.0,,0.0,1.497939543721537E7,,8422600,in_vehicle,,85.14566656182791,true,51
72899,1,osmand,2026-01-31 04:34:00,2026-01-31 04:33:59,2026-01-31 04:33:59,true,35.8607085,139.3575381,140.9,23.5399024,71.0,,0.0,1.497948052238174E7,,8422684,in_vehicle,,85.0851663697277,true,51
72900,1,osmand,2026-01-31 04:34:07,2026-01-31 04:34:06,2026-01-31 04:34:06,true,35.8609455,139.3584306,140.9,23.734286400000002,70.0,,0.0,1.4979565254031902E7,,8422768,in_vehicle,,84.73165016238706,true,51
72901,1,osmand,2026-01-31 04:34:13,2026-01-31 04:34:12,2026-01-31 04:34:12,true,35.8612006,139.3593235,140.9,29.935136,69.0,,0.0,1.4979650668321902E7,,8422854,in_vehicle,,85.4142900003793,true,51
72902,1,osmand,2026-01-31 04:34:18,2026-01-31 04:34:17,2026-01-31 04:34:17,true,35.8614713,139.3601398,140.9,30.8293024,68.0,,0.0,1.4979730239562288E7,,8422933,in_vehicle,,79.57124038620165,true,51
72903,1,osmand,2026-01-31 04:34:23,2026-01-31 04:34:22,2026-01-31 04:34:22,true,35.8617515,139.3609085,140.9,26.455662399999998,67.0,,0.0,1.4979806281221682E7,,8423009,in_vehicle,,76.04165939494813,true,51
72904,1,osmand,2026-01-31 04:34:31,2026-01-31 04:34:30,2026-01-31 04:34:30,true,35.8620607,139.3617276,140.9,12.8682208,66.0,,0.0,1.4979887800792066E7,,8423092,in_vehicle,,81.51957038412898,true,51
72905,1,osmand,2026-01-31 04:35:08,2026-01-31 04:35:07,2026-01-31 04:35:07,true,35.8623706,139.3625699,132.66,17.9027664,69.0,,0.0,1.4979971254263284E7,,8423176,in_vehicle,,83.45347121739223,true,51
72906,1,osmand,2026-01-31 04:35:16,2026-01-31 04:35:15,2026-01-31 04:35:15,true,35.8626588,139.3634485,135.75,22.0237072,66.0,,0.0,1.4980056764696231E7,,8423261,in_vehicle,,85.51043294665588,true,51
72907,1,osmand,2026-01-31 04:35:24,2026-01-31 04:35:23,2026-01-31 04:35:23,true,35.862926,139.3642787,137.5,14.773183999999999,69.0,,0.0,1.4980137352056274E7,,8423341,in_vehicle,,80.58736004256484,true,51
72908,1,osmand,2026-01-31 04:35:34,2026-01-31 04:35:33,2026-01-31 04:35:33,true,35.863191,139.3650893,136.31,20.3325664,67.0,,0.0,1.4980216206564901E7,,8423419,in_vehicle,,78.85450862695876,true,51
72909,1,osmand,2026-01-31 04:35:41,2026-01-31 04:35:40,2026-01-31 04:35:40,true,35.8634617,139.3658692,137.22,22.5096672,68.0,,0.0,1.498029274696692E7,,8423496,in_vehicle,,76.5404020199359,true,51
72910,1,osmand,2026-01-31 04:35:49,2026-01-31 04:35:44,2026-01-31 04:35:44,true,35.8636252,139.3663645,138.2,22.9956272,66.0,,0.0,1.4980340995058198E7,,8423545,in_vehicle,,48.24809127655197,true,51
72911,1,osmand,2026-01-31 04:35:49,2026-01-31 04:35:48,2026-01-31 04:35:48,true,35.8637313,139.366645,138.51,8.1252512,66.0,,0.0,1.4980368920945896E7,,8423569,in_vehicle,,27.925887697907665,true,51
72912,1,osmand,2026-01-31 04:35:58,2026-01-31 04:35:57,2026-01-31 04:35:57,true,35.8639914,139.3674411,126.5,20.215936,67.0,,0.0,1.4980446357583297E7,,8423651,in_vehicle,,77.43663740192913,true,51
72913,1,osmand,2026-01-31 04:36:05,2026-01-31 04:36:04,2026-01-31 04:36:04,true,35.8642882,139.3682589,126.5,23.1511344,68.0,,0.0,1.4980527195044825E7,,8423732,in_vehicle,,80.83746152676366,true,51
72914,1,osmand,2026-01-31 04:36:12,2026-01-31 04:36:11,2026-01-31 04:36:11,true,35.8645507,139.3691342,126.5,23.228887999999998,67.0,,0.0,1.4980611392687352E7,,8423816,in_vehicle,,84.19764252830524,true,51
72915,1,osmand,2026-01-31 04:36:19,2026-01-31 04:36:18,2026-01-31 04:36:18,true,35.8648214,139.3699006,126.5,18.758056,60.0,,0.0,1.4980686813982E7,,8423892,in_vehicle,,75.42129464789528,true,51
72916,1,osmand,2026-01-31 04:36:42,2026-01-31 04:36:41,2026-01-31 04:36:41,true,35.8651378,139.3707397,125.0,18.563672,69.0,,0.0,1.4980770304926096E7,,8423975,in_vehicle,,83.4909440947287,true,51
72917,1,osmand,2026-01-31 04:36:49,2026-01-31 04:36:48,2026-01-31 04:36:48,true,35.865474,139.3715341,125.0,26.5139776,63.0,,0.0,1.4980851153987106E7,,8424054,in_vehicle,,80.8490610097919,true,51
72918,1,osmand,2026-01-31 04:36:55,2026-01-31 04:36:54,2026-01-31 04:36:54,true,35.8658497,139.3723792,125.0,29.293668800000003,61.0,,0.0,1.4980938110677872E7,,8424142,in_vehicle,,86.95669076646197,true,51
72919,1,osmand,2026-01-31 04:37:01,2026-01-31 04:37:00,2026-01-31 04:37:00,true,35.8662546,139.3732301,125.0,28.4383792,60.0,,0.0,1.4981027127085466E7,,8424231,in_vehicle,,89.01640759425942,true,51
72920,1,osmand,2026-01-31 04:37:07,2026-01-31 04:37:06,2026-01-31 04:37:06,true,35.8666528,139.3740669,125.0,26.922183999999998,59.0,,0.0,1.4981114668633867E7,,8424319,in_vehicle,,87.54154840056022,true,51
72921,1,osmand,2026-01-31 04:37:13,2026-01-31 04:37:12,2026-01-31 04:37:12,true,35.8670184,139.3748324,125.0,25.0949744,60.0,,0.0,1.4981194825875685E7,,8424399,in_vehicle,,80.15724181789876,true,51
72922,1,osmand,2026-01-31 04:37:19,2026-01-31 04:37:18,2026-01-31 04:37:18,true,35.8673811,139.3756853,125.0,29.5852448,65.0,,0.0,1.4981281717012385E7,,8424485,in_vehicle,,86.89113669987793,true,51
72923,1,osmand,2026-01-31 04:37:25,2026-01-31 04:37:24,2026-01-31 04:37:24,true,35.8676535,139.3766001,125.0,27.3692672,70.0,,0.0,1.4981369636301318E7,,8424573,in_vehicle,,87.91928893420669,true,51
72924,1,osmand,2026-01-31 04:37:31,2026-01-31 04:37:30,2026-01-31 04:37:30,true,35.867914,139.3774872,125.0,27.9718576,67.0,,0.0,1.4981454753803572E7,,8424657,in_vehicle,,85.11750225287696,true,51
72925,1,osmand,2026-01-31 04:37:36,2026-01-31 04:37:35,2026-01-31 04:37:35,true,35.8681497,139.3782674,125.0,29.5269296,68.0,,0.0,1.4981529867169505E7,,8424733,in_vehicle,,75.1133659327709,true,51
72926,1,osmand,2026-01-31 04:37:42,2026-01-31 04:37:40,2026-01-31 04:37:40,true,35.868411,139.3790279,125.0,25.7170032,67.0,,0.0,1.4981604383324055E7,,8424807,in_vehicle,,74.51615455002492,true,51
72927,1,osmand,2026-01-31 04:37:42,2026-01-31 04:37:41,2026-01-31 04:37:41,true,35.8684543,139.3791587,125.0,24.492383999999998,68.0,,0.0,1.4981617129272422E7,,8424820,in_vehicle,,12.745948366940668,true,51
72928,1,osmand,2026-01-31 04:38:50,2026-01-31 04:38:49,2026-01-31 04:38:49,true,35.8686939,139.3799438,117.7,12.343383999999999,72.0,,0.0,1.4981692808441354E7,,8424890,in_vehicle,,75.67916893268269,true,51
72929,1,osmand,2026-01-31 04:39:00,2026-01-31 04:38:59,2026-01-31 04:38:59,true,35.868928,139.3807316,117.7,16.5615168,58.0,,0.0,1.4981768502432413E7,,8424973,in_vehicle,,75.6939910595812,true,51
72930,1,osmand,2026-01-31 04:39:08,2026-01-31 04:39:07,2026-01-31 04:39:07,true,35.869313,139.3815122,117.7,21.459993599999997,60.0,,0.0,1.4981850936271017E7,,8425054,in_vehicle,,82.43383860417326,true,51
72931,1,osmand,2026-01-31 04:39:16,2026-01-31 04:39:15,2026-01-31 04:39:15,true,35.8697083,139.382275,117.7,19.4967152,55.0,,0.0,1.4981932614461983E7,,8425136,in_vehicle,,81.67819096456752,true,51
72932,1,osmand,2026-01-31 04:39:24,2026-01-31 04:39:23,2026-01-31 04:39:23,true,35.8700812,139.382999,117.7,16.231064,56.0,,0.0,1.4982010000585489E7,,8425214,in_vehicle,,77.3861235058847,true,51
72933,1,osmand,2026-01-31 04:39:34,2026-01-31 04:39:33,2026-01-31 04:39:33,true,35.8704912,139.3837766,117.7,17.7666976,57.0,,0.0,1.4982093687170897E7,,8425297,in_vehicle,,83.6865854074765,true,51
72934,1,osmand,2026-01-31 04:39:43,2026-01-31 04:39:42,2026-01-31 04:39:42,true,35.8708412,139.3845031,117.7,18.3498496,57.0,,0.0,1.4982169929508934E7,,8425373,in_vehicle,,76.24233803785827,true,51
72935,1,osmand,2026-01-31 04:39:51,2026-01-31 04:39:50,2026-01-31 04:39:50,true,35.871229,139.3852683,117.7,20.8768416,59.0,,0.0,1.498225134329115E7,,8425454,in_vehicle,,81.41378221732596,true,51
72936,1,osmand,2026-01-31 04:39:58,2026-01-31 04:39:57,2026-01-31 04:39:57,true,35.8715936,139.3860123,117.7,21.6349392,58.0,,0.0,1.4982329774789583E7,,8425533,in_vehicle,,78.4314984316774,true,51
72937,1,osmand,2026-01-31 04:40:05,2026-01-31 04:40:04,2026-01-31 04:40:04,true,35.8719828,139.3867597,117.7,23.0928192,57.0,,0.0,1.4982409915349996E7,,8425613,in_vehicle,,80.14056041308797,true,51
72938,1,osmand,2026-01-31 04:40:12,2026-01-31 04:40:11,2026-01-31 04:40:11,true,35.8723894,139.3875541,117.7,23.9481088,57.0,,0.0,1.49824946720415E7,,8425697,in_vehicle,,84.75669150465608,true,51
72939,1,osmand,2026-01-31 04:40:19,2026-01-31 04:40:18,2026-01-31 04:40:18,true,35.872782,139.3883593,120.49,22.9956272,58.0,,0.0,1.4982579439742444E7,,8425781,in_vehicle,,84.76770094364626,true,51
72940,1,osmand,2026-01-31 04:40:26,2026-01-31 04:40:25,2026-01-31 04:40:25,true,35.8731682,139.3891476,121.27,23.6370944,58.0,,0.0,1.4982662533787E7,,8425865,in_vehicle,,83.09404455709213,true,51
72941,1,osmand,2026-01-31 04:40:35,2026-01-31 04:40:34,2026-01-31 04:40:34,true,35.8735496,139.3898697,118.65,3.6155424000000003,52.0,,0.0,1.4982740285538726E7,,8425940,in_vehicle,,77.75175172386595,true,51
72942,1,osmand,2026-01-31 04:41:25,2026-01-31 04:41:24,2026-01-31 04:41:24,true,35.8739276,139.3905959,109.9,7.9308672,61.0,,0.0,1.4982818141907288E7,,8426017,in_vehicle,,77.85636856296614,true,50
72943,1,osmand,2026-01-31 04:42:31,2026-01-31 04:42:30,2026-01-31 04:42:30,true,35.8743186,139.3912772,109.9,15.8811728,59.0,,0.0,1.4982893449618103E7,,8426096,in_vehicle,,75.30771081477236,true,50
72944,1,osmand,2026-01-31 04:42:39,2026-01-31 04:42:38,2026-01-31 04:42:38,true,35.8747305,139.392081,109.9,24.6090144,60.0,,0.0,1.4982979236481134E7,,8426182,in_vehicle,,85.78686303030577,true,50
72945,1,osmand,2026-01-31 04:42:45,2026-01-31 04:42:44,2026-01-31 04:42:44,true,35.8750774,139.3928158,109.9,25.8336336,57.0,,0.0,1.4983055945983747E7,,8426258,in_vehicle,,76.7095026131944,true,50
72946,1,osmand,2026-01-31 04:42:51,2026-01-31 04:42:50,2026-01-31 04:42:50,true,35.87545,139.3935579,109.9,23.9286704,57.0,,0.0,1.4983134693501309E7,,8426338,in_vehicle,,78.74751756125819,true,50
72947,1,osmand,2026-01-31 04:42:57,2026-01-31 04:42:56,2026-01-31 04:42:56,true,35.8758125,139.3943039,109.9,26.0668944,58.0,,0.0,1.4983213155878758E7,,8426416,in_vehicle,,78.46237744954387,true,50
72948,1,osmand,2026-01-31 04:43:03,2026-01-31 04:43:02,2026-01-31 04:43:02,true,35.8761964,139.3950819,109.9,25.950264,58.0,,0.0,1.4983295320496531E7,,8426498,in_vehicle,,82.1646177733093,true,50
72949,1,osmand,2026-01-31 04:43:12,2026-01-31 04:43:11,2026-01-31 04:43:11,true,35.8765287,139.3958144,109.9,6.900632,57.0,,0.0,1.498337104265356E7,,8426575,in_vehicle,,75.72215702859917,true,50
72950,1,osmand,2026-01-31 04:43:34,2026-01-31 04:43:33,2026-01-31 04:43:33,true,35.8769352,139.3965343,109.9,10.904942400000001,57.0,,0.0,1.49834501895503E7,,8426654,in_vehicle,,79.14689673897303,true,50
72951,1,osmand,2026-01-31 04:44:37,2026-01-31 04:44:36,2026-01-31 04:44:36,true,35.8773009,139.3972656,105.7,14.967568,59.0,,0.0,1.4983527703216009E7,,8426733,in_vehicle,,77.51366570981733,true,50
72952,1,osmand,2026-01-31 04:44:46,2026-01-31 04:44:45,2026-01-31 04:44:45,true,35.8776624,139.3980847,105.7,18.8746864,66.0,,0.0,1.4983611833928514E7,,8426817,in_vehicle,,84.13071250619544,true,50
72953,1,osmand,2026-01-31 04:44:58,2026-01-31 04:44:52,2026-01-31 04:44:52,true,35.8778191,139.3986414,105.7,9.816392,73.0,,0.0,1.4983664991208097E7,,8426865,in_vehicle,,53.15727958229925,true,50
72954,1,osmand,2026-01-31 04:44:58,2026-01-31 04:44:57,2026-01-31 04:44:57,true,35.8778872,139.3988721,105.7,6.006465599999999,72.0,,0.0,1.4983687137917027E7,,8426893,in_vehicle,,22.146708930627234,true,50
72955,1,osmand,2026-01-31 04:45:34,2026-01-31 04:45:33,2026-01-31 04:45:33,true,35.8780292,139.3997619,105.7,15.8811728,81.0,,0.0,1.4983768938428909E7,,8426976,in_vehicle,,81.80051188225123,true,50
72956,1,osmand,2026-01-31 04:45:43,2026-01-31 04:45:42,2026-01-31 04:45:42,true,35.8780551,139.4006942,105.7,20.507512000000002,89.0,,0.0,1.4983853079838723E7,,8427061,in_vehicle,,84.1414098152394,true,50
72957,1,osmand,2026-01-31 04:45:50,2026-01-31 04:45:49,2026-01-31 04:45:49,true,35.8780148,139.4015693,105.7,21.4211168,96.0,,0.0,1.4983932139877897E7,,8427140,in_vehicle,,79.0600391737603,true,50
72958,1,osmand,2026-01-31 04:45:58,2026-01-31 04:45:57,2026-01-31 04:45:57,true,35.877843,139.402471,106.83,18.388726400000003,101.0,,0.0,1.4984015690191055E7,,8427224,in_vehicle,,83.55031315770913,true,50
72959,1,osmand,2026-01-31 04:46:09,2026-01-31 04:46:08,2026-01-31 04:46:08,true,35.8776458,139.4032724,106.04,9.019417599999999,112.0,,0.0,1.4984091235297628E7,,8427301,in_vehicle,,75.54510657251069,true,50
72960,1,osmand,2026-01-31 04:46:29,2026-01-31 04:46:21,2026-01-31 04:46:21,true,35.8775693,139.4036478,86.3,11.002134400000001,112.0,,0.0,1.4984126150433423E7,,8427336,in_vehicle,,34.915135795089164,true,50
72961,1,osmand,2026-01-31 04:46:29,2026-01-31 04:46:28,2026-01-31 04:46:28,true,35.8774345,139.4041105,86.3,13.12092,107.0,,0.0,1.4984170501245731E7,,8427374,in_vehicle,,44.35081230909701,true,50
72962,1,osmand,2026-01-31 04:46:39,2026-01-31 04:46:38,2026-01-31 04:46:38,true,35.8771905,139.404904,86.3,18.3304112,109.0,,0.0,1.4984247055034881E7,,8427457,in_vehicle,,76.55378915038754,true,50
72963,1,osmand,2026-01-31 04:46:47,2026-01-31 04:46:46,2026-01-31 04:46:46,true,35.8769543,139.4057226,86.3,21.0712256,110.0,,0.0,1.4984325434302391E7,,8427535,in_vehicle,,78.37926751018506,true,49
72964,1,osmand,2026-01-31 04:46:54,2026-01-31 04:46:53,2026-01-31 04:46:53,true,35.8767381,139.4065149,86.3,22.5874208,107.0,,0.0,1.4984400843335582E7,,8427611,in_vehicle,,75.40903319081328,true,49
72965,1,osmand,2026-01-31 04:47:01,2026-01-31 04:47:00,2026-01-31 04:47:00,true,35.87651,139.4073962,86.3,24.200808,107.0,,0.0,1.498448429354446E7,,8427694,in_vehicle,,83.45020887739008,true,49
72966,1,osmand,2026-01-31 04:47:08,2026-01-31 04:47:07,2026-01-31 04:47:07,true,35.8762556,139.4082978,86.3,21.401678399999998,108.0,,0.0,1.4984570407981908E7,,8427780,in_vehicle,,86.11443744725383,true,49
72967,1,osmand,2026-01-31 04:47:16,2026-01-31 04:47:15,2026-01-31 04:47:15,true,35.8760051,139.4091412,86.3,19.5550304,109.0,,0.0,1.4984651432903873E7,,8427861,in_vehicle,,81.02492196462043,true,49
72968,1,osmand,2026-01-31 04:47:23,2026-01-31 04:47:22,2026-01-31 04:47:22,true,35.8757828,139.4099459,86.3,21.38224,109.0,,0.0,1.4984728120004479E7,,8427938,in_vehicle,,76.68710060592456,true,49
72969,1,osmand,2026-01-31 04:47:31,2026-01-31 04:47:30,2026-01-31 04:47:30,true,35.875531,139.4108221,86.3,20.701896,108.0,,0.0,1.4984811977662409E7,,8428023,in_vehicle,,83.85765792987408,true,49
72970,1,osmand,2026-01-31 04:47:38,2026-01-31 04:47:37,2026-01-31 04:47:37,true,35.8752942,139.4116205,86.3,23.364956799999998,109.0,,0.0,1.498488866726902E7,,8428100,in_vehicle,,76.68960661106836,true,49
72971,1,osmand,2026-01-31 04:47:46,2026-01-31 04:47:40,2026-01-31 04:47:40,true,35.8751949,139.4119707,86.3,19.535592,109.0,,0.0,1.4984922134141188E7,,8428133,in_vehicle,,33.46687216797234,true,49
72972,1,osmand,2026-01-31 04:47:46,2026-01-31 04:47:45,2026-01-31 04:47:45,true,35.8750434,139.4125189,86.3,23.559340799999998,107.0,,0.0,1.4984974379614443E7,,8428186,in_vehicle,,52.24547325473012,true,49
72973,1,osmand,2026-01-31 04:47:53,2026-01-31 04:47:52,2026-01-31 04:47:52,true,35.8748019,139.4133767,90.82,22.3152832,110.0,,0.0,1.4985056292141857E7,,8428267,in_vehicle,,81.91252741489421,true,49
72974,1,osmand,2026-01-31 04:48:00,2026-01-31 04:47:59,2026-01-31 04:47:59,true,35.8745793,139.4141774,91.3,20.1576208,108.0,,0.0,1.4985132649698256E7,,8428342,in_vehicle,,76.35755639807107,true,49
72975,1,osmand,2026-01-31 04:48:07,2026-01-31 04:48:06,2026-01-31 04:48:06,true,35.8743751,139.4149978,90.09,21.809884800000003,108.0,,0.0,1.4985210064378195E7,,8428419,in_vehicle,,77.41467993963911,true,49
72976,1,osmand,2026-01-31 04:48:16,2026-01-31 04:48:15,2026-01-31 04:48:15,true,35.8741548,139.4158188,89.35,7.9308672,108.0,,0.0,1.4985288075710056E7,,8428496,in_vehicle,,78.01133186171637,true,49
72977,1,osmand,2026-01-31 04:48:33,2026-01-31 04:48:32,2026-01-31 04:48:32,true,35.8739275,139.4166222,83.3,11.0993264,109.0,,0.0,1.4985364835109174E7,,8428567,in_vehicle,,76.75939911829772,true,49
72978,1,osmand,2026-01-31 04:48:42,2026-01-31 04:48:41,2026-01-31 04:48:41,true,35.8736152,139.4174245,83.3,18.272096,120.0,,0.0,1.4985445122358674E7,,8428652,in_vehicle,,80.28724950036694,true,49
72979,1,osmand,2026-01-31 04:48:50,2026-01-31 04:48:44,2026-01-31 04:48:44,true,35.8734653,139.4177197,83.3,20.799087999999998,122.0,,0.0,1.4985476546938341E7,,8428684,in_vehicle,,31.42457966604334,true,49
72980,1,osmand,2026-01-31 04:48:50,2026-01-31 04:48:49,2026-01-31 04:48:49,true,35.8732022,139.4181344,83.3,15.997803200000002,127.0,,0.0,1.4985524056076657E7,,8428731,in_vehicle,,47.50913831558974,true,49
72981,1,osmand,2026-01-31 04:49:39,2026-01-31 04:49:38,2026-01-31 04:49:38,true,35.8727151,139.4187151,84.5,13.159796799999999,137.0,,0.0,1.4985599448670903E7,,8428809,in_vehicle,,75.39259424628737,true,49
72982,1,osmand,2026-01-31 04:49:49,2026-01-31 04:49:48,2026-01-31 04:49:48,true,35.8721354,139.4192843,84.5,19.2245776,143.0,,0.0,1.4985681914627139E7,,8428891,in_vehicle,,82.46595623515255,true,49
72983,1,osmand,2026-01-31 04:49:57,2026-01-31 04:49:52,2026-01-31 04:49:52,true,35.8718217,139.4195263,84.5,21.090664,145.0,,0.0,1.4985723097225066E7,,8428932,in_vehicle,,41.18259792826204,true,49
72984,1,osmand,2026-01-31 04:49:57,2026-01-31 04:49:56,2026-01-31 04:49:56,true,35.8714975,139.4198146,84.5,21.187856,143.0,,0.0,1.498576758092925E7,,8428976,in_vehicle,,44.48370418391989,true,49
72985,1,osmand,2026-01-31 04:50:04,2026-01-31 04:50:03,2026-01-31 04:50:03,true,35.8709228,139.4202935,84.5,24.764521600000002,147.0,,0.0,1.4985844775872296E7,,8429053,in_vehicle,,77.19494304657556,true,49
72986,1,osmand,2026-01-31 04:50:10,2026-01-31 04:50:09,2026-01-31 04:50:09,true,35.870306,139.4207389,84.5,25.7753184,149.0,,0.0,1.498592432921844E7,,8429119,in_vehicle,,79.55334614491025,true,49
72987,1,osmand,2026-01-31 04:50:37,2026-01-31 04:50:36,2026-01-31 04:50:36,true,35.8676746,139.4235361,84.5,26.339032000000003,148.0,,0.0,1.4986310951880837E7,,8429518,in_vehicle,,386.62266239796924,true,49
72988,1,osmand,2026-01-31 04:50:43,2026-01-31 04:50:42,2026-01-31 04:50:42,true,35.8669878,139.4238943,95.5,28.866024,139.0,,0.0,1.4986393954335824E7,,8429575,in_vehicle,,83.00245498681372,true,49
72989,1,osmand,2026-01-31 04:50:49,2026-01-31 04:50:48,2026-01-31 04:50:48,true,35.8664452,139.4244748,95.5,23.034504,143.0,,0.0,1.4986473896625156E7,,8429670,in_vehicle,,79.94228933255482,true,49
72990,1,osmand,2026-01-31 04:50:56,2026-01-31 04:50:55,2026-01-31 04:50:55,true,35.8658106,139.4250769,95.5,26.9804992,142.0,,0.0,1.4986563007681916E7,,8429770,in_vehicle,,89.11105676070747,true,49
72991,1,osmand,2026-01-31 04:51:02,2026-01-31 04:51:01,2026-01-31 04:51:01,true,35.8652015,139.4255916,95.5,23.3843952,144.0,,0.0,1.4986645187075192E7,,8429851,in_vehicle,,82.17939327701492,true,49
72992,1,osmand,2026-01-31 04:51:15,2026-01-31 04:51:14,2026-01-31 04:51:14,true,35.8646556,139.4260826,93.8,1.360688,129.0,,0.0,1.4986720386376033E7,,8429920,in_vehicle,,75.19930084042714,true,49
72993,1,osmand,2026-01-31 04:51:50,2026-01-31 04:51:49,2026-01-31 04:51:49,true,35.8641201,139.4265905,94.2,20.3714432,143.0,,0.0,1.4986795572706679E7,,8429999,in_vehicle,,75.18633064673038,true,49
72994,1,osmand,2026-01-31 04:52:00,2026-01-31 04:51:59,2026-01-31 04:51:59,true,35.8635762,139.4271168,98.2,5.442752,143.0,,0.0,1.4986872515828647E7,,8430073,in_vehicle,,76.94312196717772,true,49
72995,1,osmand,2026-01-31 04:52:12,2026-01-31 04:52:11,2026-01-31 04:52:11,true,35.8630098,139.4276071,100.3,17.377929599999998,143.0,,0.0,1.4986949535242548E7,,8430153,in_vehicle,,77.01941390154464,true,49
72996,1,osmand,2026-01-31 04:52:20,2026-01-31 04:52:19,2026-01-31 04:52:19,true,35.8624497,139.4281046,100.3,21.4988704,144.0,,0.0,1.4987026359441146E7,,8430229,in_vehicle,,76.82419859724503,true,49
72997,1,osmand,2026-01-31 04:52:27,2026-01-31 04:52:26,2026-01-31 04:52:26,true,35.86184,139.4286658,100.3,23.1900112,142.0,,0.0,1.4987111034629906E7,,8430314,in_vehicle,,84.67518875881488,true,49
72998,1,osmand,2026-01-31 04:52:34,2026-01-31 04:52:33,2026-01-31 04:52:33,true,35.8612423,139.4291966,100.3,20.118744,144.0,,0.0,1.4987193011379037E7,,8430396,in_vehicle,,81.97674913086117,true,49
72999,1,osmand,2026-01-31 04:52:43,2026-01-31 04:52:42,2026-01-31 04:52:42,true,35.8606639,139.429708,100.3,11.624163200000002,142.0,,0.0,1.49872722223181E7,,8430474,in_vehicle,,79.21093906332375,true,49
73000,1,osmand,2026-01-31 04:52:55,2026-01-31 04:52:54,2026-01-31 04:52:54,true,35.8601326,139.4302896,99.0,18.1943424,141.0,,0.0,1.4987351287059965E7,,8430554,in_vehicle,,79.06474186538328,true,49
73001,1,osmand,2026-01-31 04:53:03,2026-01-31 04:53:02,2026-01-31 04:53:02,true,35.859562,139.4308238,99.0,20.1576208,143.0,,0.0,1.4987431020461703E7,,8430635,in_vehicle,,79.73340173861449,true,49
73002,1,osmand,2026-01-31 04:53:11,2026-01-31 04:53:10,2026-01-31 04:53:10,true,35.8589294,139.4313636,99.0,23.2872032,142.0,,0.0,1.498751664073421E7,,8430719,in_vehicle,,85.62027250860956,true,49
73003,1,osmand,2026-01-31 04:53:17,2026-01-31 04:53:16,2026-01-31 04:53:16,true,35.8583742,139.4318587,99.0,24.9589056,143.0,,0.0,1.4987592897221752E7,,8430796,in_vehicle,,76.25648754000696,true,49
73004,1,osmand,2026-01-31 04:53:24,2026-01-31 04:53:23,2026-01-31 04:53:23,true,35.8577559,139.4324122,99.0,20.0993056,142.0,,0.0,1.4987677933421366E7,,8430882,in_vehicle,,85.03619961371906,true,49
73005,1,osmand,2026-01-31 04:53:35,2026-01-31 04:53:34,2026-01-31 04:53:34,true,35.8572022,139.4329048,99.0,8.3196352,142.0,,0.0,1.4987753922887735E7,,8430959,in_vehicle,,75.98946636879298,true,49
73006,1,osmand,2026-01-31 04:54:29,2026-01-31 04:54:28,2026-01-31 04:54:28,true,35.8566431,139.4334605,100.7,16.8919696,143.0,,0.0,1.4987833843727976E7,,8431038,in_vehicle,,79.92084024129427,true,49
73007,1,osmand,2026-01-31 04:54:37,2026-01-31 04:54:36,2026-01-31 04:54:36,true,35.8560678,139.4340165,100.7,21.809884800000003,143.0,,0.0,1.4987915193732914E7,,8431119,in_vehicle,,81.3500049370453,true,49
73008,1,osmand,2026-01-31 04:54:44,2026-01-31 04:54:43,2026-01-31 04:54:43,true,35.8555082,139.4345234,100.7,21.3628016,144.0,,0.0,1.4987992473927146E7,,8431196,in_vehicle,,77.28019423299584,true,49
73009,1,osmand,2026-01-31 04:54:51,2026-01-31 04:54:50,2026-01-31 04:54:50,true,35.8549498,139.4350402,100.7,22.2375296,144.0,,0.0,1.4988070179352596E7,,8431273,in_vehicle,,77.70542545030106,true,48
73010,1,osmand,2026-01-31 04:54:57,2026-01-31 04:54:56,2026-01-31 04:54:56,true,35.8543752,139.4355627,100.7,28.574448,142.0,,0.0,1.4988149639026036E7,,8431353,in_vehicle,,79.45967343959366,true,48
73011,1,osmand,2026-01-31 04:55:03,2026-01-31 04:55:02,2026-01-31 04:55:02,true,35.8537538,139.4361881,100.7,29.1964768,137.0,,0.0,1.4988238908607865E7,,8431443,in_vehicle,,89.2695818273784,true,48
73012,1,osmand,2026-01-31 04:55:08,2026-01-31 04:55:07,2026-01-31 04:55:07,true,35.8532777,139.4367977,100.7,29.1187232,129.0,,0.0,1.4988315290113466E7,,8431518,in_vehicle,,76.38150560198189,true,48
73013,1,osmand,2026-01-31 04:55:13,2026-01-31 04:55:12,2026-01-31 04:55:12,true,35.8528807,139.437471,100.7,28.418940799999998,126.0,,0.0,1.4988390414182749E7,,8431593,in_vehicle,,75.12406928370368,true,48
73014,1,osmand,2026-01-31 04:55:19,2026-01-31 04:55:18,2026-01-31 04:55:18,true,35.8523955,139.4382521,100.7,28.6522016,127.0,,0.0,1.4988479207585042E7,,8431683,in_vehicle,,88.79340229458161,true,48
73015,1,osmand,2026-01-31 04:55:25,2026-01-31 04:55:24,2026-01-31 04:55:24,true,35.8519727,139.4389459,100.7,22.9761888,126.0,,0.0,1.4988557527243106E7,,8431762,in_vehicle,,78.3196580633384,true,48
73016,1,osmand,2026-01-31 04:55:33,2026-01-31 04:55:32,2026-01-31 04:55:32,true,35.851509,139.4396711,100.7,18.0971504,127.0,,0.0,1.4988640870289253E7,,8431846,in_vehicle,,83.34304614727338,true,48
73017,1,osmand,2026-01-31 04:56:39,2026-01-31 04:56:38,2026-01-31 04:56:38,true,35.8510634,139.4403938,98.9,14.948129600000001,128.0,,0.0,1.4988722801303163E7,,8431928,in_vehicle,,81.93101390984077,true,48
73018,1,osmand,2026-01-31 04:56:48,2026-01-31 04:56:47,2026-01-31 04:56:47,true,35.8506303,139.4411321,98.9,19.92436,125.0,,0.0,1.498880503378721E7,,8432010,in_vehicle,,82.2324840455495,true,48
73019,1,osmand,2026-01-31 04:56:56,2026-01-31 04:56:55,2026-01-31 04:56:55,true,35.8502027,139.4418596,98.9,18.46648,126.0,,0.0,1.498888611820948E7,,8432090,in_vehicle,,81.0844222696066,true,48
73020,1,osmand,2026-01-31 04:57:09,2026-01-31 04:57:08,2026-01-31 04:57:08,true,35.8497695,139.4425552,96.6,16.133872,129.0,,0.0,1.4988965269117167E7,,8432170,in_vehicle,,79.15090768824281,true,48
73021,1,osmand,2026-01-31 04:57:16,2026-01-31 04:57:15,2026-01-31 04:57:15,true,35.849302,139.4433084,97.7,25.7364416,126.0,,0.0,1.4989050868036903E7,,8432255,in_vehicle,,85.59891973636154,true,48
73022,1,osmand,2026-01-31 04:57:23,2026-01-31 04:57:21,2026-01-31 04:57:21,true,35.8488652,139.4440486,97.7,29.2353536,126.0,,0.0,1.4989133482414698E7,,8432336,in_vehicle,,82.61437779453384,true,48
73023,1,osmand,2026-01-31 04:57:28,2026-01-31 04:57:27,2026-01-31 04:57:27,true,35.8484248,139.444782,97.7,24.492383999999998,127.0,,0.0,1.4989215839764765E7,,8432419,in_vehicle,,82.35735006644256,true,48
73024,1,osmand,2026-01-31 04:57:35,2026-01-31 04:57:34,2026-01-31 04:57:34,true,35.8479633,139.4455373,97.7,21.7126928,126.0,,0.0,1.4989301186413582E7,,8432503,in_vehicle,,85.34664881767974,true,48
73025,1,osmand,2026-01-31 04:57:44,2026-01-31 04:57:43,2026-01-31 04:57:43,true,35.8475066,139.4462741,97.7,18.077712000000002,125.0,,0.0,1.4989384880726868E7,,8432586,in_vehicle,,83.69431328662162,true,48
73026,1,osmand,2026-01-31 04:57:51,2026-01-31 04:57:50,2026-01-31 04:57:50,true,35.8471011,139.4469843,97.7,24.3174384,126.0,,0.0,1.4989463266660368E7,,8432665,in_vehicle,,78.38593349974992,true,48
73027,1,osmand,2026-01-31 04:57:57,2026-01-31 04:57:56,2026-01-31 04:57:56,true,35.8466839,139.4476697,97.7,26.6500464,125.0,,0.0,1.498954060921421E7,,8432743,in_vehicle,,77.34255384212996,true,48
73028,1,osmand,2026-01-31 04:58:02,2026-01-31 04:58:01,2026-01-31 04:58:01,true,35.8462773,139.4483525,97.7,29.837944,126.0,,0.0,1.4989617060081767E7,,8432820,in_vehicle,,76.4508675563082,true,48
73029,1,osmand,2026-01-31 04:58:07,2026-01-31 04:58:06,2026-01-31 04:58:06,true,35.8458506,139.449032,97.7,30.5377264,127.0,,0.0,1.4989694621210348E7,,8432897,in_vehicle,,77.56112858101143,true,48
73030,1,osmand,2026-01-31 04:58:12,2026-01-31 04:58:08,2026-01-31 04:58:08,true,35.8456806,139.4493069,97.7,30.0712048,126.0,,0.0,1.4989725821367664E7,,8432929,in_vehicle,,31.200157315503944,true,48
73031,1,osmand,2026-01-31 04:58:12,2026-01-31 04:58:11,2026-01-31 04:58:11,true,35.8454282,139.4497214,97.7,30.9459328,126.0,,0.0,1.4989772601667155E7,,8432976,in_vehicle,,46.78029949009145,true,48
73032,1,osmand,2026-01-31 04:58:17,2026-01-31 04:58:16,2026-01-31 04:58:16,true,35.8449805,139.450458,97.7,33.04528,126.0,,0.0,1.4989855678466406E7,,8433059,in_vehicle,,83.07679925034469,true,48
73033,1,osmand,2026-01-31 04:58:22,2026-01-31 04:58:21,2026-01-31 04:58:21,true,35.8445306,139.4512543,97.7,33.239664000000005,124.0,,0.0,1.4989943265210235E7,,8433147,in_vehicle,,87.58674383008393,true,48
73034,1,osmand,2026-01-31 04:58:27,2026-01-31 04:58:26,2026-01-31 04:58:26,true,35.8440995,139.4519697,97.7,30.1683968,127.0,,0.0,1.4990023704170901E7,,8433227,in_vehicle,,80.43896066529082,true,48
73035,1,osmand,2026-01-31 04:58:32,2026-01-31 04:58:31,2026-01-31 04:58:31,true,35.8436675,139.4526809,97.7,32.053921599999995,127.0,,0.0,1.499010389961052E7,,8433307,in_vehicle,,80.195439618054,true,48
73036,1,osmand,2026-01-31 04:58:37,2026-01-31 04:58:36,2026-01-31 04:58:36,true,35.8431995,139.4534375,97.7,34.7752976,128.0,,0.0,1.4990189780238165E7,,8433393,in_vehicle,,85.88062764466812,true,48
73037,1,osmand,2026-01-31 04:58:42,2026-01-31 04:58:41,2026-01-31 04:58:41,true,35.8427433,139.454194,96.73,30.712672,126.0,,0.0,1.4990274863505565E7,,8433478,in_vehicle,,85.08326739941522,true,48
73038,1,osmand,2026-01-31 04:58:48,2026-01-31 04:58:47,2026-01-31 04:58:47,true,35.8422629,139.4549853,97.67,27.796912000000003,127.0,,0.0,1.4990364075078089E7,,8433567,in_vehicle,,89.21157252454695,true,48
73039,1,osmand,2026-01-31 04:58:54,2026-01-31 04:58:53,2026-01-31 04:58:53,true,35.8418318,139.4556986,98.67,25.6198112,125.0,,0.0,1.4990444363514675E7,,8433646,in_vehicle,,80.28843658622205,true,48
73040,1,osmand,2026-01-31 04:59:00,2026-01-31 04:58:59,2026-01-31 04:58:59,true,35.8414112,139.4563795,98.68,24.764521600000002,127.0,,0.0,1.4990521613825612E7,,8433723,in_vehicle,,77.25031093734242,true,48
73041,1,osmand,2026-01-31 04:59:06,2026-01-31 04:59:05,2026-01-31 04:59:05,true,35.8409477,139.4571366,99.86,26.8444304,125.0,,0.0,1.4990607229046972E7,,8433809,in_vehicle,,85.61522136090944,true,48
73042,1,osmand,2026-01-31 04:59:12,2026-01-31 04:59:11,2026-01-31 04:59:11,true,35.8405164,139.4578665,100.63,27.660843200000002,124.0,,0.0,1.4990688737333098E7,,8433890,in_vehicle,,81.50828612538832,true,48
73043,1,osmand,2026-01-31 04:59:17,2026-01-31 04:59:16,2026-01-31 04:59:16,true,35.8400833,139.458582,101.13,31.567961599999997,127.0,,0.0,1.4990769319167074E7,,8433971,in_vehicle,,80.58183397564973,true,48
73044,1,osmand,2026-01-31 04:59:22,2026-01-31 04:59:21,2026-01-31 04:59:21,true,35.8396419,139.4593152,101.34,31.1403168,126.0,,0.0,1.4990851734224347E7,,8434053,in_vehicle,,82.41505727337987,true,48
73045,1,osmand,2026-01-31 04:59:27,2026-01-31 04:59:26,2026-01-31 04:59:26,true,35.8392246,139.4600059,101.26,28.3995024,126.0,,0.0,1.4990929471080711E7,,8434131,in_vehicle,,77.73685636359656,true,48
73046,1,osmand,2026-01-31 04:59:33,2026-01-31 04:59:32,2026-01-31 04:59:32,true,35.8387451,139.4607998,101.56,30.012889599999998,126.0,,0.0,1.4991018813210392E7,,8434221,in_vehicle,,89.34212968117583,true,48
73047,1,osmand,2026-01-31 04:59:39,2026-01-31 04:59:38,2026-01-31 04:59:38,true,35.8382612,139.4615465,102.81,25.367112000000002,129.0,,0.0,1.4991105082643116E7,,8434306,in_vehicle,,86.26943272334947,true,48
73048,1,osmand,2026-01-31 04:59:46,2026-01-31 04:59:45,2026-01-31 04:59:45,true,35.8377891,139.4621942,102.98,20.021552,134.0,,0.0,1.4991183685682558E7,,8434384,in_vehicle,,78.60303944155052,true,48
73049,1,osmand,2026-01-31 04:59:54,2026-01-31 04:59:53,2026-01-31 04:59:53,true,35.8373284,139.462805,102.22,17.786136,133.0,,0.0,1.4991258975140516E7,,8434459,in_vehicle,,75.28945795744042,true,48
73050,1,osmand,2026-01-31 05:00:03,2026-01-31 05:00:02,2026-01-31 05:00:02,true,35.8368256,139.4634472,101.9,19.2245776,133.0,,0.0,1.4991339545776827E7,,8434540,in_vehicle,,80.57063631227612,true,48
73051,1,osmand,2026-01-31 05:00:25,2026-01-31 05:00:06,2026-01-31 05:00:06,true,35.8366245,139.4637051,101.52,12.0712464,135.0,,0.0,1.4991371838838223E7,,8434572,in_vehicle,,32.29306139623512,true,48
73052,1,osmand,2026-01-31 05:00:25,2026-01-31 05:00:24,2026-01-31 05:00:24,true,35.8363042,139.4640883,98.8,17.3196144,134.0,,0.0,1.4991421510266248E7,,8434622,in_vehicle,,49.67142802467861,true,48
73053,1,osmand,2026-01-31 05:00:33,2026-01-31 05:00:32,2026-01-31 05:00:32,true,35.8357556,139.4647626,98.8,21.8487616,135.0,,0.0,1.4991507722923102E7,,8434707,in_vehicle,,86.21265685283457,true,48
73054,1,osmand,2026-01-31 05:02:00,2026-01-31 05:00:39,2026-01-31 05:00:39,true,35.8354618,139.4651287,98.5,3.6738576,135.0,,0.0,1.4991554212251564E7,,8434754,in_vehicle,,46.48932846241235,true,48
73055,1,osmand,2026-01-31 05:02:00,2026-01-31 05:01:59,2026-01-31 05:01:59,true,35.8352257,139.4654065,98.5,24.8033984,135.0,,0.0,1.4991590534526417E7,,8434790,in_vehicle,,36.32227485333051,true,47
73056,1,osmand,2026-01-31 05:02:06,2026-01-31 05:02:05,2026-01-31 05:02:05,true,35.8347163,139.4660509,98.5,26.2612784,134.0,,0.0,1.4991671760411559E7,,8434872,in_vehicle,,81.22588514106499,true,47
73057,1,osmand,2026-01-31 05:02:11,2026-01-31 05:02:10,2026-01-31 05:02:10,true,35.834232,139.4666556,98.5,30.712672,135.0,,0.0,1.4991748472317178E7,,8434949,in_vehicle,,76.71190561978302,true,47
73058,1,osmand,2026-01-31 05:02:16,2026-01-31 05:02:15,2026-01-31 05:02:15,true,35.833718,139.4672894,98.5,31.5290848,134.0,,0.0,1.4991829377899231E7,,8435029,in_vehicle,,80.90558205428117,true,47
73059,1,osmand,2026-01-31 05:02:21,2026-01-31 05:02:20,2026-01-31 05:02:20,true,35.8332139,139.4679227,98.5,31.256947199999995,134.0,,0.0,1.4991909475922715E7,,8435109,in_vehicle,,80.09802348406652,true,47
73060,1,osmand,2026-01-31 05:02:26,2026-01-31 05:02:25,2026-01-31 05:02:25,true,35.8326933,139.4685564,98.5,31.198632,135.0,,0.0,1.4991990896941489E7,,8435189,in_vehicle,,81.42101877327963,true,47
73061,1,osmand,2026-01-31 05:02:31,2026-01-31 05:02:30,2026-01-31 05:02:30,true,35.8321655,139.4691604,98.5,31.198632,137.0,,0.0,1.4992071044020452E7,,8435269,in_vehicle,,80.14707896358185,true,47
73062,1,osmand,2026-01-31 05:02:37,2026-01-31 05:02:36,2026-01-31 05:02:36,true,35.8315934,139.4697849,98.5,27.3498288,138.0,,0.0,1.499215608833723E7,,8435354,in_vehicle,,85.04431677721287,true,47
73063,1,osmand,2026-01-31 05:02:43,2026-01-31 05:02:42,2026-01-31 05:02:42,true,35.8310099,139.4704404,98.5,29.7213136,138.0,,0.0,1.4992243946406823E7,,8435441,in_vehicle,,87.85806959226875,true,47
73064,1,osmand,2026-01-31 05:02:48,2026-01-31 05:02:47,2026-01-31 05:02:47,true,35.8304712,139.4710297,98.5,30.6932336,138.0,,0.0,1.4992324101583691E7,,8435521,in_vehicle,,80.15517686849616,true,47
73065,1,osmand,2026-01-31 05:02:53,2026-01-31 05:02:52,2026-01-31 05:02:52,true,35.8299607,139.4715878,98.5,28.6133248,138.0,,0.0,1.4992400039971752E7,,8435597,in_vehicle,,75.93838806027713,true,47
73066,1,osmand,2026-01-31 05:02:58,2026-01-31 05:02:57,2026-01-31 05:02:57,true,35.829448,139.4721405,98.5,29.9934512,138.0,,0.0,1.4992475840407321E7,,8435672,in_vehicle,,75.80043556871355,true,47
73067,1,osmand,2026-01-31 05:03:03,2026-01-31 05:03:02,2026-01-31 05:03:02,true,35.8289023,139.4727287,98.5,32.0150448,138.0,,0.0,1.499255651554946E7,,8435753,in_vehicle,,80.67514213976479,true,47
73068,1,osmand,2026-01-31 05:03:09,2026-01-31 05:03:08,2026-01-31 05:03:08,true,35.8283308,139.4733451,98.5,21.7126928,139.0,,0.0,1.4992641028372608E7,,8435838,in_vehicle,,84.51282314859178,true,47
73069,1,osmand,2026-01-31 05:04:07,2026-01-31 05:04:06,2026-01-31 05:04:06,true,35.8277883,139.4739279,106.4,16.8725312,137.0,,0.0,1.4992721115170697E7,,8435919,in_vehicle,,80.08679808946415,true,47
73070,1,osmand,2026-01-31 05:04:14,2026-01-31 05:04:13,2026-01-31 05:04:13,true,35.8272744,139.4745086,106.4,23.7926016,138.0,,0.0,1.4992798701428141E7,,8435996,in_vehicle,,77.5862574438244,true,47
73071,1,osmand,2026-01-31 05:04:20,2026-01-31 05:04:19,2026-01-31 05:04:19,true,35.826787,139.4750905,106.4,24.298000000000002,136.0,,0.0,1.4992874214415759E7,,8436072,in_vehicle,,75.51298761756684,true,47
73072,1,osmand,2026-01-31 05:04:26,2026-01-31 05:04:25,2026-01-31 05:04:25,true,35.8262786,139.4756431,106.4,23.5399024,139.0,,0.0,1.4992949650444675E7,,8436148,in_vehicle,,75.43602891566354,true,47
73073,1,osmand,2026-01-31 05:04:33,2026-01-31 05:04:32,2026-01-31 05:04:32,true,35.8257036,139.4762762,106.4,24.3368768,138.0,,0.0,1.4993035454507554E7,,8436232,in_vehicle,,85.8040628786083,true,47
73074,1,osmand,2026-01-31 05:04:39,2026-01-31 05:04:38,2026-01-31 05:04:38,true,35.8251866,139.4768393,106.4,23.6370944,139.0,,0.0,1.4993112235864084E7,,8436309,in_vehicle,,76.78135653084865,true,47
73075,1,osmand,2026-01-31 05:04:48,2026-01-31 05:04:47,2026-01-31 05:04:47,true,35.8246666,139.4773964,106.4,8.358512,136.0,,0.0,1.4993188911849266E7,,8436382,in_vehicle,,76.67598518262538,true,47
73076,1,osmand,2026-01-31 05:05:55,2026-01-31 05:05:54,2026-01-31 05:05:54,true,35.8241051,139.4780383,110.2,24.006424,138.0,,0.0,1.4993274139475675E7,,8436471,in_vehicle,,85.2276264097205,true,47
73077,1,osmand,2026-01-31 05:06:01,2026-01-31 05:06:00,2026-01-31 05:06:00,true,35.8235649,139.4786262,110.2,28.6910784,138.0,,0.0,1.49933543390555E7,,8436550,in_vehicle,,80.19957982589494,true,47
73078,1,osmand,2026-01-31 05:06:07,2026-01-31 05:06:04,2026-01-31 05:06:04,true,35.8231498,139.4790752,110.2,31.393015999999996,139.0,,0.0,1.4993415801942376E7,,8436611,in_vehicle,,61.46288687607909,true,47
73079,1,osmand,2026-01-31 05:06:07,2026-01-31 05:06:05,2026-01-31 05:06:05,true,35.8230378,139.4791928,110.2,31.781784000000002,139.0,,0.0,1.4993432176227909E7,,8436627,in_vehicle,,16.374285532104857,true,47
73080,1,osmand,2026-01-31 05:06:11,2026-01-31 05:06:10,2026-01-31 05:06:10,true,35.8225003,139.4797725,110.2,30.4016576,138.0,,0.0,1.499351166199406E7,,8436707,in_vehicle,,79.48576615127088,true,47
73081,1,osmand,2026-01-31 05:06:17,2026-01-31 05:06:16,2026-01-31 05:06:16,true,35.821895,139.4804191,110.2,27.8552272,138.0,,0.0,1.4993600805572763E7,,8436796,in_vehicle,,89.14357870317576,true,47
73082,1,osmand,2026-01-31 05:06:23,2026-01-31 05:06:22,2026-01-31 05:06:22,true,35.8212936,139.4810796,110.2,29.7796288,137.0,,0.0,1.4993690451194808E7,,8436885,in_vehicle,,89.64562204439376,true,47
73083,1,osmand,2026-01-31 05:06:28,2026-01-31 05:06:27,2026-01-31 05:06:27,true,35.8207843,139.4816348,110.2,29.876820799999997,138.0,,0.0,1.4993766119920515E7,,8436960,in_vehicle,,75.66872570573538,true,47
73084,1,osmand,2026-01-31 05:06:33,2026-01-31 05:06:32,2026-01-31 05:06:32,true,35.8202249,139.4822499,110.2,32.967526400000004,137.0,,0.0,1.4993849549141819E7,,8437043,in_vehicle,,83.42922130444312,true,47
73085,1,osmand,2026-01-31 05:06:38,2026-01-31 05:06:37,2026-01-31 05:06:37,true,35.8196886,139.4828289,110.2,28.3995024,139.0,,0.0,1.4993928893988177E7,,8437122,in_vehicle,,79.34484635891029,true,47
73086,1,osmand,2026-01-31 05:06:44,2026-01-31 05:06:43,2026-01-31 05:06:43,true,35.8191203,139.4834363,110.2,26.2224016,137.0,,0.0,1.4994012608957706E7,,8437206,in_vehicle,,83.71496952850143,true,47
73087,1,osmand,2026-01-31 05:06:52,2026-01-31 05:06:51,2026-01-31 05:06:51,true,35.8186126,139.4840087,110.2,15.958926400000001,138.0,,0.0,1.4994089184120802E7,,8437283,in_vehicle,,76.57516309634296,true,47
73088,1,osmand,2026-01-31 05:07:25,2026-01-31 05:07:24,2026-01-31 05:07:24,true,35.8180737,139.4846101,98.1,10.6133664,139.0,,0.0,1.4994170090234322E7,,8437357,in_vehicle,,80.90611351982395,true,47
73089,1,osmand,2026-01-31 05:07:37,2026-01-31 05:07:36,2026-01-31 05:07:36,true,35.8175551,139.4851716,98.1,12.8099056,140.0,,0.0,1.4994246913050432E7,,8437440,in_vehicle,,76.82281610984536,true,47
73090,1,osmand,2026-01-31 05:07:52,2026-01-31 05:07:51,2026-01-31 05:07:51,true,35.8174245,139.4860033,98.1,8.4362656,58.0,,0.0,1.4994323383105444E7,,8437535,in_vehicle,,76.47005501191585,true,47
73091,1,osmand,2026-01-31 05:08:06,2026-01-31 05:08:05,2026-01-31 05:08:05,true,35.8178097,139.4867776,99.6,17.922204800000003,59.0,,0.0,1.4994405382325122E7,,8437618,in_vehicle,,81.99921967772339,true,47
73092,1,osmand,2026-01-31 05:08:14,2026-01-31 05:08:13,2026-01-31 05:08:13,true,35.818195,139.487576,99.6,19.0690704,59.0,,0.0,1.499448924893787E7,,8437703,in_vehicle,,83.86661274672358,true,47
73093,1,osmand,2026-01-31 05:08:22,2026-01-31 05:08:21,2026-01-31 05:08:21,true,35.8185511,139.4882998,99.6,18.583110400000002,59.0,,0.0,1.4994565669029023E7,,8437778,in_vehicle,,76.42009115402048,true,47
73094,1,osmand,2026-01-31 05:08:30,2026-01-31 05:08:29,2026-01-31 05:08:29,true,35.8189078,139.4890362,99.6,20.215936,59.0,,0.0,1.4994643097717497E7,,8437854,in_vehicle,,77.42868847365735,true,47
73095,1,osmand,2026-01-31 05:08:37,2026-01-31 05:08:36,2026-01-31 05:08:36,true,35.8192516,139.4897848,99.6,21.965392,59.0,,0.0,1.4994720755928403E7,,8437931,in_vehicle,,77.65821090515615,true,47
73096,1,osmand,2026-01-31 05:08:44,2026-01-31 05:08:43,2026-01-31 05:08:43,true,35.8196242,139.4905899,99.6,24.395192,59.0,,0.0,1.4994804431963872E7,,8438014,in_vehicle,,83.67603547013634,true,47
73097,1,osmand,2026-01-31 05:08:50,2026-01-31 05:08:49,2026-01-31 05:08:49,true,35.8199788,139.4913325,99.6,25.1144128,58.0,,0.0,1.4994882221969958E7,,8438092,in_vehicle,,77.79000608689564,true,47
73098,1,osmand,2026-01-31 05:08:57,2026-01-31 05:08:56,2026-01-31 05:08:56,true,35.8203804,139.4921616,99.6,23.9869856,59.0,,0.0,1.4994969396280915E7,,8438178,in_vehicle,,87.17431095657746,true,47
73099,1,osmand,2026-01-31 05:09:04,2026-01-31 05:09:03,2026-01-31 05:09:03,true,35.8207762,139.4929827,99.6,24.4146304,60.0,,0.0,1.4995055619429212E7,,8438263,in_vehicle,,86.22314829684365,true,47
73100,1,osmand,2026-01-31 05:09:11,2026-01-31 05:09:10,2026-01-31 05:09:10,true,35.8211463,139.4937858,99.6,22.4124752,58.0,,0.0,1.499513899965333E7,,8438346,in_vehicle,,83.38022411889185,true,47
73101,1,osmand,2026-01-31 05:09:18,2026-01-31 05:09:17,2026-01-31 05:09:17,true,35.821492,139.4945123,99.6,19.5161536,58.0,,0.0,1.4995215033667099E7,,8438421,in_vehicle,,76.03401376890415,true,47
73102,1,osmand,2026-01-31 05:09:26,2026-01-31 05:09:25,2026-01-31 05:09:25,true,35.8218764,139.4953292,99.6,20.9545952,58.0,,0.0,1.4995300286289945E7,,8438505,in_vehicle,,85.25262284635907,true,47
73103,1,osmand,2026-01-31 05:09:33,2026-01-31 05:09:32,2026-01-31 05:09:32,true,35.8222396,139.4960586,96.81,24.239684800000003,59.0,,0.0,1.4995377547031673E7,,8438584,in_vehicle,,77.26074172744916,true,47
73104,1,osmand,2026-01-31 05:09:40,2026-01-31 05:09:39,2026-01-31 05:09:39,true,35.8226039,139.4968223,95.73,15.939487999999999,59.0,,0.0,1.4995457524174314E7,,8438662,in_vehicle,,79.97714264117272,true,47
73105,1,osmand,2026-01-31 05:09:50,2026-01-31 05:09:49,2026-01-31 05:09:49,true,35.8220435,139.4974765,94.86,23.909232000000003,147.0,,0.0,1.4995543422443973E7,,8438759,in_vehicle,,85.89826965975335,true,47
73106,1,osmand,2026-01-31 05:09:56,2026-01-31 05:09:55,2026-01-31 05:09:55,true,35.8214535,139.4979531,94.73,27.310952,150.0,,0.0,1.4995621935553713E7,,8438838,in_vehicle,,78.51310973950898,true,46
73107,1,osmand,2026-01-31 05:10:02,2026-01-31 05:10:01,2026-01-31 05:10:01,true,35.8208111,139.4984672,93.75,26.7666768,147.0,,0.0,1.499570718386341E7,,8438923,in_vehicle,,85.24830969812467,true,46
73108,1,osmand,2026-01-31 05:10:08,2026-01-31 05:10:07,2026-01-31 05:10:07,true,35.8201927,139.4989716,92.55,26.9610608,145.0,,0.0,1.4995789717747893E7,,8439005,in_vehicle,,82.53388448210814,true,46
73109,1,osmand,2026-01-31 05:10:14,2026-01-31 05:10:13,2026-01-31 05:10:13,true,35.819575,139.499483,92.12,25.1144128,147.0,,0.0,1.4995872537352733E7,,8439087,in_vehicle,,82.81960483988938,true,46
73110,1,osmand,2026-01-31 05:10:20,2026-01-31 05:10:19,2026-01-31 05:10:19,true,35.8189607,139.4999885,92.65,27.5636512,144.0,,0.0,1.4995954746401457E7,,8439169,in_vehicle,,82.20904872453123,true,46
73111,1,osmand,2026-01-31 05:10:26,2026-01-31 05:10:25,2026-01-31 05:10:25,true,35.8183751,139.5005261,93.12,26.630608,143.0,,0.0,1.4996036014077555E7,,8439250,in_vehicle,,81.26767609800568,true,46
73112,1,osmand,2026-01-31 05:10:32,2026-01-31 05:10:31,2026-01-31 05:10:31,true,35.8177609,139.5010589,92.53,27.7580352,145.0,,0.0,1.4996119607319977E7,,8439334,in_vehicle,,83.59324242206407,true,46
73113,1,osmand,2026-01-31 05:10:38,2026-01-31 05:10:37,2026-01-31 05:10:37,true,35.8171163,139.5015662,92.28,26.3779088,147.0,,0.0,1.4996204730571767E7,,8439418,in_vehicle,,85.12325179087149,true,46
73114,1,osmand,2026-01-31 05:10:44,2026-01-31 05:10:43,2026-01-31 05:10:43,true,35.8165404,139.5020462,93.27,26.630608,146.0,,0.0,1.4996282108377596E7,,8439495,in_vehicle,,77.37780582856907,true,46
73115,1,osmand,2026-01-31 05:10:50,2026-01-31 05:10:49,2026-01-31 05:10:49,true,35.8159352,139.502517,94.26,24.2785616,149.0,,0.0,1.4996361763363404E7,,8439576,in_vehicle,,79.6549858085255,true,46
73116,1,osmand,2026-01-31 05:10:57,2026-01-31 05:10:56,2026-01-31 05:10:56,true,35.815311,139.5029898,96.26,23.034504,152.0,,0.0,1.4996443309566068E7,,8439659,in_vehicle,,81.5462026642276,true,46
73117,1,osmand,2026-01-31 05:11:04,2026-01-31 05:11:03,2026-01-31 05:11:03,true,35.8146249,139.5033296,96.76,19.535592,160.0,,0.0,1.4996525615230545E7,,8439740,in_vehicle,,82.3056644771002,true,46
73118,1,osmand,2026-01-31 05:11:17,2026-01-31 05:11:16,2026-01-31 05:11:16,true,35.8143903,139.5041748,95.7,23.0150656,73.0,,0.0,1.499660625781075E7,,8439849,in_vehicle,,80.64258020358915,true,46
73119,1,osmand,2026-01-31 05:11:24,2026-01-31 05:11:23,2026-01-31 05:11:23,true,35.8145649,139.5050497,95.7,22.801243200000002,79.0,,0.0,1.4996687592176251E7,,8439931,in_vehicle,,81.33436550163546,true,46
73120,1,osmand,2026-01-31 05:11:31,2026-01-31 05:11:30,2026-01-31 05:11:30,true,35.8146869,139.5060047,95.7,25.6003728,80.0,,0.0,1.4996774863780094E7,,8440018,in_vehicle,,87.27160384294619,true,46
73121,1,osmand,2026-01-31 05:11:37,2026-01-31 05:11:36,2026-01-31 05:11:36,true,35.8148403,139.5068793,95.7,26.5528544,77.0,,0.0,1.4996855639939891E7,,8440099,in_vehicle,,80.77615979716442,true,46
73122,1,osmand,2026-01-31 05:11:43,2026-01-31 05:11:42,2026-01-31 05:11:42,true,35.8150217,139.5077975,95.7,27.2331984,74.0,,0.0,1.4996940950447664E7,,8440185,in_vehicle,,85.3105077729407,true,46
73123,1,osmand,2026-01-31 05:11:49,2026-01-31 05:11:48,2026-01-31 05:11:48,true,35.8153001,139.5086126,95.7,25.1144128,64.0,,0.0,1.4997020789920572E7,,8440265,in_vehicle,,79.83947290917834,true,46
73124,1,osmand,2026-01-31 05:11:55,2026-01-31 05:11:54,2026-01-31 05:11:54,true,35.8155602,139.5094053,95.7,25.5031808,70.0,,0.0,1.499709798264568E7,,8440342,in_vehicle,,77.19272510666708,true,46
73125,1,osmand,2026-01-31 05:12:01,2026-01-31 05:12:00,2026-01-31 05:12:00,true,35.8157906,139.510233,95.7,24.434068800000002,69.0,,0.0,1.4997176978199817E7,,8440420,in_vehicle,,78.99555413729499,true,46
73126,1,osmand,2026-01-31 05:12:07,2026-01-31 05:12:06,2026-01-31 05:12:06,true,35.8160692,139.5110154,95.7,24.6284528,64.0,,0.0,1.499725411413878E7,,8440498,in_vehicle,,77.13593896264584,true,46
73127,1,osmand,2026-01-31 05:12:13,2026-01-31 05:12:12,2026-01-31 05:12:12,true,35.8162807,139.5118162,95.7,25.1921664,77.0,,0.0,1.499733013896004E7,,8440576,in_vehicle,,76.0248212586172,true,46
73128,1,osmand,2026-01-31 05:12:20,2026-01-31 05:12:19,2026-01-31 05:12:19,true,35.8165086,139.5127336,95.7,24.4146304,66.0,,0.0,1.499741675024298E7,,8440662,in_vehicle,,86.61128294120341,true,46
73129,1,osmand,2026-01-31 05:12:26,2026-01-31 05:12:25,2026-01-31 05:12:25,true,35.8168447,139.5134736,95.7,24.589576,58.0,,0.0,1.499749331318491E7,,8440738,in_vehicle,,76.56294192863399,true,46
73130,1,osmand,2026-01-31 05:12:33,2026-01-31 05:12:32,2026-01-31 05:12:32,true,35.8171956,139.5142228,95.7,20.4491968,59.0,,0.0,1.4997571412348866E7,,8440815,in_vehicle,,78.09916395627741,true,46
73131,1,osmand,2026-01-31 05:12:45,2026-01-31 05:12:44,2026-01-31 05:12:44,true,35.8175443,139.5149612,88.1,8.3973888,48.0,,0.0,1.4997648545068301E7,,8440890,in_vehicle,,77.13271943490716,true,46
73132,1,osmand,2026-01-31 05:12:59,2026-01-31 05:12:56,2026-01-31 05:12:56,true,35.8179703,139.5154575,87.0,14.967568,38.0,,0.0,1.4997713781969558E7,,8440960,in_vehicle,,65.23690125737029,true,46
73133,1,osmand,2026-01-31 05:12:59,2026-01-31 05:12:58,2026-01-31 05:12:58,true,35.8180868,139.5155778,87.0,16.114433599999998,37.0,,0.0,1.4997730696681103E7,,8440977,in_vehicle,,16.914711543454768,true,46
73134,1,osmand,2026-01-31 05:13:09,2026-01-31 05:13:08,2026-01-31 05:13:08,true,35.8186344,139.5161527,87.0,13.9373328,80.0,,0.0,1.499781075256632E7,,8441060,in_vehicle,,80.05588521875069,true,46
73135,1,osmand,2026-01-31 05:13:18,2026-01-31 05:13:17,2026-01-31 05:13:17,true,35.8182641,139.5169312,87.0,20.8379648,122.0,,0.0,1.4997892222882556E7,,8441143,in_vehicle,,81.47031623497769,true,46
73136,1,osmand,2026-01-31 05:13:25,2026-01-31 05:13:24,2026-01-31 05:13:24,true,35.817901,139.5177088,87.0,22.548544,115.0,,0.0,1.4997973220480645E7,,8441225,in_vehicle,,80.9975980897624,true,46
73137,1,osmand,2026-01-31 05:13:32,2026-01-31 05:13:31,2026-01-31 05:13:31,true,35.8176109,139.5185011,87.0,19.4772768,121.0,,0.0,1.4998051692091657E7,,8441304,in_vehicle,,78.47161101203679,true,46
73138,1,osmand,2026-01-31 05:13:49,2026-01-31 05:13:48,2026-01-31 05:13:48,true,35.8171121,139.5191624,85.8,13.8401408,144.0,,0.0,1.4998133218248045E7,,8441386,in_vehicle,,81.52615638830818,true,46
73139,1,osmand,2026-01-31 05:14:05,2026-01-31 05:14:04,2026-01-31 05:14:04,true,35.817058,139.5200699,84.2,22.256968,58.0,,0.0,1.4998215357343612E7,,8441499,in_vehicle,,82.13909556806782,true,46
73140,1,osmand,2026-01-31 05:14:12,2026-01-31 05:14:11,2026-01-31 05:14:11,true,35.8173797,139.5208491,84.2,22.1986528,65.0,,0.0,1.4998294285738086E7,,8441576,in_vehicle,,78.92839447444828,true,46
73141,1,osmand,2026-01-31 05:14:19,2026-01-31 05:14:18,2026-01-31 05:14:18,true,35.8176247,139.5217566,84.2,23.889793599999997,70.0,,0.0,1.4998380624159027E7,,8441662,in_vehicle,,86.33842094058527,true,46
73142,1,osmand,2026-01-31 05:14:26,2026-01-31 05:14:25,2026-01-31 05:14:25,true,35.817821,139.5226027,84.2,23.0928192,75.0,,0.0,1.499846006373142E7,,8441741,in_vehicle,,79.43957239410837,true,46
73143,1,osmand,2026-01-31 05:14:34,2026-01-31 05:14:33,2026-01-31 05:14:33,true,35.8179873,139.5235058,84.2,19.4189616,79.0,,0.0,1.4998543659308618E7,,8441825,in_vehicle,,83.59557719652301,true,46
73144,1,osmand,2026-01-31 05:14:41,2026-01-31 05:14:40,2026-01-31 05:14:40,true,35.818116,139.5243526,84.2,21.8487616,86.0,,0.0,1.4998621428198168E7,,8441902,in_vehicle,,77.76888954920874,true,46
73145,1,osmand,2026-01-31 05:14:48,2026-01-31 05:14:47,2026-01-31 05:14:47,true,35.8181569,139.525205,84.2,22.3152832,85.0,,0.0,1.499869850603216E7,,8441980,in_vehicle,,77.0778339919869,true,46
73146,1,osmand,2026-01-31 05:14:56,2026-01-31 05:14:55,2026-01-31 05:14:55,true,35.8181303,139.5261032,84.2,14.8314992,106.0,,0.0,1.4998779637534471E7,,8442062,in_vehicle,,81.13150231202465,true,46
73147,1,osmand,2026-01-31 05:16:04,2026-01-31 05:16:03,2026-01-31 05:16:03,true,35.8176006,139.5266714,79.7,17.49456,166.0,,0.0,1.4998857788734227E7,,8442152,in_vehicle,,78.15119975599995,true,45
73148,1,osmand,2026-01-31 05:16:12,2026-01-31 05:16:11,2026-01-31 05:16:11,true,35.8169142,139.5268902,79.7,20.2353744,165.0,,0.0,1.4998936709746832E7,,8442229,in_vehicle,,78.92101260370926,true,45
73149,1,osmand,2026-01-31 05:16:19,2026-01-31 05:16:18,2026-01-31 05:16:18,true,35.8162338,139.5271166,79.7,22.2180912,165.0,,0.0,1.4999015160231834E7,,8442306,in_vehicle,,78.45048500178272,true,45
73150,1,osmand,2026-01-31 05:16:26,2026-01-31 05:16:25,2026-01-31 05:16:25,true,35.8154879,139.5273815,79.7,25.0560976,162.0,,0.0,1.4999101568055857E7,,8442393,in_vehicle,,86.40782402352968,true,45
73151,1,osmand,2026-01-31 05:16:32,2026-01-31 05:16:31,2026-01-31 05:16:31,true,35.8148267,139.5276336,79.7,25.0560976,162.0,,0.0,1.4999178610242698E7,,8442471,in_vehicle,,77.04218684200625,true,45
73152,1,osmand,2026-01-31 05:16:38,2026-01-31 05:16:37,2026-01-31 05:16:37,true,35.8141569,139.5279026,79.7,25.1532896,162.0,,0.0,1.4999257026548589E7,,8442549,in_vehicle,,78.41630589089834,true,45
73153,1,osmand,2026-01-31 05:16:44,2026-01-31 05:16:43,2026-01-31 05:16:43,true,35.8134773,139.5281646,79.7,25.7947568,162.0,,0.0,1.4999336290103279E7,,8442627,in_vehicle,,79.26355469044466,true,45
73154,1,osmand,2026-01-31 05:16:50,2026-01-31 05:16:49,2026-01-31 05:16:49,true,35.8127925,139.5284301,79.7,25.3087968,162.0,,0.0,1.4999416200590206E7,,8442706,in_vehicle,,79.91048692667069,true,45
73155,1,osmand,2026-01-31 05:16:56,2026-01-31 05:16:55,2026-01-31 05:16:55,true,35.8120939,139.528758,79.7,27.7191584,160.0,,0.0,1.4999499411298852E7,,8442788,in_vehicle,,83.21070864640183,true,45
73156,1,osmand,2026-01-31 05:17:01,2026-01-31 05:17:00,2026-01-31 05:17:00,true,35.8114479,139.529004,79.7,28.477256,165.0,,0.0,1.4999574674563067E7,,8442863,in_vehicle,,75.2632642147002,true,45
73157,1,osmand,2026-01-31 05:17:07,2026-01-31 05:17:06,2026-01-31 05:17:06,true,35.8107556,139.52926,79.7,25.8336336,151.0,,0.0,1.4999655131561771E7,,8442943,in_vehicle,,80.4569987042876,true,45
73158,1,osmand,2026-01-31 05:17:14,2026-01-31 05:17:13,2026-01-31 05:17:13,true,35.8102096,139.5297514,79.7,13.1403584,104.0,,0.0,1.4999730379055688E7,,8443019,in_vehicle,,75.24749391729671,true,45
73159,1,osmand,2026-01-31 05:17:20,2026-01-31 05:17:19,2026-01-31 05:17:19,true,35.8103348,139.5307221,79.7,32.4426896,84.0,,0.0,1.4999819110918414E7,,8443109,in_vehicle,,88.73186272583744,true,45
73160,1,osmand,2026-01-31 05:17:25,2026-01-31 05:17:24,2026-01-31 05:17:24,true,35.8104293,139.5315682,79.7,27.505336,81.0,,0.0,1.4999896213951042E7,,8443186,in_vehicle,,77.10303262735788,true,45
73161,1,osmand,2026-01-31 05:17:31,2026-01-31 05:17:30,2026-01-31 05:17:30,true,35.8105355,139.5325011,93.31,28.3995024,81.0,,0.0,1.4999981257496644E7,,8443272,in_vehicle,,85.0435456010613,true,45
73162,1,osmand,2026-01-31 05:17:36,2026-01-31 05:17:35,2026-01-31 05:17:35,true,35.8106339,139.5333708,92.62,33.725624,82.0,,0.0,1.5000060530263823E7,,8443352,in_vehicle,,79.27276717953004,true,45
73163,1,osmand,2026-01-31 05:17:41,2026-01-31 05:17:40,2026-01-31 05:17:40,true,35.8107388,139.5343415,90.87,36.1165472,82.0,,0.0,1.5000148934900738E7,,8443440,in_vehicle,,88.4046369150878,true,45
73164,1,osmand,2026-01-31 05:17:45,2026-01-31 05:17:44,2026-01-31 05:17:44,true,35.8108164,139.5351784,89.25,36.9718368,82.0,,0.0,1.500022497826184E7,,8443516,in_vehicle,,76.04336110047791,true,45
73165,1,osmand,2026-01-31 05:17:50,2026-01-31 05:17:49,2026-01-31 05:17:49,true,35.8109273,139.5361954,87.33,35.6500256,82.0,,0.0,1.5000317614088183E7,,8443609,in_vehicle,,92.6358263435288,true,45
73166,1,osmand,2026-01-31 05:17:55,2026-01-31 05:17:54,2026-01-31 05:17:54,true,35.8110414,139.5371671,86.13,33.9588848,81.0,,0.0,1.5000406248840367E7,,8443699,in_vehicle,,88.6347521845159,true,45
73167,1,osmand,2026-01-31 05:18:00,2026-01-31 05:17:59,2026-01-31 05:17:59,true,35.8111635,139.5381223,85.31,35.377888,81.0,,0.0,1.5000493543790648E7,,8443786,in_vehicle,,87.29495028056175,true,45
73168,1,osmand,2026-01-31 05:18:05,2026-01-31 05:18:04,2026-01-31 05:18:04,true,35.8113037,139.539137,83.49,35.8832864,77.0,,0.0,1.500058646531007E7,,8443879,in_vehicle,,92.9215194234355,true,45
73169,1,osmand,2026-01-31 05:18:10,2026-01-31 05:18:09,2026-01-31 05:18:09,true,35.8115169,139.540122,82.23,35.669464000000005,73.0,,0.0,1.5000678498235838E7,,8443970,in_vehicle,,92.03292576789151,true,45
73170,1,osmand,2026-01-31 05:18:15,2026-01-31 05:18:14,2026-01-31 05:18:14,true,35.8117649,139.5409958,80.16,27.0971296,69.0,,0.0,1.5000762071168864E7,,8444054,in_vehicle,,83.57293302545584,true,45
73171,1,osmand,2026-01-31 05:18:22,2026-01-31 05:18:21,2026-01-31 05:18:21,true,35.8120016,139.5417807,75.72,14.4232928,68.0,,0.0,1.5000837667700047E7,,8444129,in_vehicle,,75.5965311816005,true,45
73172,1,osmand,2026-01-31 05:19:15,2026-01-31 05:19:14,2026-01-31 05:19:14,true,35.812339,139.5425452,54.9,18.563672,59.0,,0.0,1.5000916240119051E7,,8444208,in_vehicle,,78.57241900542537,true,45
73173,1,osmand,2026-01-31 05:19:24,2026-01-31 05:19:23,2026-01-31 05:19:23,true,35.8127584,139.5432894,54.9,22.548544,55.0,,0.0,1.5000998050978296E7,,8444289,in_vehicle,,81.81085924476372,true,45
73174,1,osmand,2026-01-31 05:19:30,2026-01-31 05:19:29,2026-01-31 05:19:29,true,35.8131665,139.54397,54.9,25.3476736,54.0,,0.0,1.5001074461997082E7,,8444365,in_vehicle,,76.4110187862,true,45
73175,1,osmand,2026-01-31 05:19:36,2026-01-31 05:19:35,2026-01-31 05:19:35,true,35.8135882,139.5447556,54.9,31.5874,56.0,,0.0,1.5001159509066062E7,,8444450,in_vehicle,,85.04706897896385,true,45
73176,1,osmand,2026-01-31 05:19:41,2026-01-31 05:19:40,2026-01-31 05:19:40,true,35.8140032,139.5455576,54.9,31.7623456,55.0,,0.0,1.5001245390693016E7,,8444536,in_vehicle,,85.881626954497,true,45
73177,1,osmand,2026-01-31 05:19:47,2026-01-31 05:19:46,2026-01-31 05:19:46,true,35.814459,139.5463297,54.9,29.099284800000003,54.0,,0.0,1.5001331601698194E7,,8444623,in_vehicle,,86.21100517685647,true,45
73178,1,osmand,2026-01-31 05:19:53,2026-01-31 05:19:52,2026-01-31 05:19:52,true,35.8149092,139.5471338,54.9,23.131696,55.0,,0.0,1.500141980839035E7,,8444711,in_vehicle,,88.2066921555731,true,45
73179,1,osmand,2026-01-31 05:20:04,2026-01-31 05:19:56,2026-01-31 05:19:56,true,35.8149486,139.5475007,54.9,16.7364624,123.0,,0.0,1.5001453217690416E7,,8444747,in_vehicle,,33.40930006561544,true,45
73180,1,osmand,2026-01-31 05:20:04,2026-01-31 05:20:03,2026-01-31 05:20:03,true,35.8143284,139.5476182,54.9,22.451352,189.0,,0.0,1.5001523068057043E7,,8444819,in_vehicle,,69.85036662852475,true,45
73181,1,osmand,2026-01-31 05:20:13,2026-01-31 05:20:12,2026-01-31 05:20:12,true,35.8136491,139.5477073,54.9,23.0150656,134.0,,0.0,1.5001599113936143E7,,8444907,in_vehicle,,76.04587910030376,true,45
73182,1,osmand,2026-01-31 05:20:20,2026-01-31 05:20:19,2026-01-31 05:20:19,true,35.8130731,139.5483181,54.9,24.686767999999997,150.0,,0.0,1.5001683681031685E7,,8444992,in_vehicle,,84.56709554251452,true,45
73183,1,osmand,2026-01-31 05:20:25,2026-01-31 05:20:24,2026-01-31 05:20:24,true,35.812463,139.548716,54.9,34.0172,156.0,,0.0,1.5001760510693312E7,,8445067,in_vehicle,,76.82966162703721,true,45
73184,1,osmand,2026-01-31 05:20:30,2026-01-31 05:20:29,2026-01-31 05:20:29,true,35.8117154,139.5489886,54.9,33.0258416,167.0,,0.0,1.500184729523705E7,,8445153,in_vehicle,,86.78454373788037,true,45
73185,1,osmand,2026-01-31 05:20:36,2026-01-31 05:20:35,2026-01-31 05:20:35,true,35.8109737,139.5492445,54.9,26.5528544,163.0,,0.0,1.5001933031778755E7,,8445238,in_vehicle,,85.73654170595321,true,45
73186,1,osmand,2026-01-31 05:20:42,2026-01-31 05:20:41,2026-01-31 05:20:41,true,35.8102906,139.5495099,57.4,22.567982399999998,163.0,,0.0,1.5002012759268826E7,,8445318,in_vehicle,,79.72749007170952,true,45
73187,1,osmand,2026-01-31 05:22:18,2026-01-31 05:22:17,2026-01-31 05:22:17,true,35.809591,139.5497865,81.9,21.7515696,164.0,,0.0,1.5002094543579165E7,,8445399,in_vehicle,,81.78431033952967,true,45
73188,1,osmand,2026-01-31 05:22:23,2026-01-31 05:22:22,2026-01-31 05:22:22,true,35.8089352,139.5500457,81.9,32.7342656,162.0,,0.0,1.5002171205380255E7,,8445475,in_vehicle,,76.66180109005056,true,45
73189,1,osmand,2026-01-31 05:22:28,2026-01-31 05:22:27,2026-01-31 05:22:27,true,35.8082209,139.5503262,81.9,33.6089936,162.0,,0.0,1.500225465573858E7,,8445558,in_vehicle,,83.45035832436741,true,45
73190,1,osmand,2026-01-31 05:22:32,2026-01-31 05:22:31,2026-01-31 05:22:31,true,35.8075754,139.550569,81.9,36.6219456,163.0,,0.0,1.5002329781344976E7,,8445633,in_vehicle,,75.12560639767764,true,45
73191,1,osmand,2026-01-31 05:22:36,2026-01-31 05:22:35,2026-01-31 05:22:35,true,35.8069013,139.5508237,81.9,39.1100608,162.0,,0.0,1.500240826572953E7,,8445712,in_vehicle,,78.4843845534079,true,45
73192,1,osmand,2026-01-31 05:22:40,2026-01-31 05:22:39,2026-01-31 05:22:39,true,35.8062379,139.551133,81.9,39.868158400000006,155.0,,0.0,1.5002487217928788E7,,8445791,in_vehicle,,78.95219925841567,true,45
73193,1,osmand,2026-01-31 05:22:44,2026-01-31 05:22:43,2026-01-31 05:22:43,true,35.8056067,139.551587,81.9,37.807688,144.0,,0.0,1.5002568563566582E7,,8445873,in_vehicle,,81.34563779435203,true,45
73194,1,osmand,2026-01-31 05:22:48,2026-01-31 05:22:47,2026-01-31 05:22:47,true,35.8050628,139.5521171,81.9,37.7493728,136.0,,0.0,1.500264574057763E7,,8445949,in_vehicle,,77.17701104797762,true,45
73195,1,osmand,2026-01-31 05:22:52,2026-01-31 05:22:51,2026-01-31 05:22:51,true,35.804608,139.5527569,81.9,35.9804784,128.0,,0.0,1.5002722549961891E7,,8446025,in_vehicle,,76.80938426119313,true,45
73196,1,osmand,2026-01-31 05:22:57,2026-01-31 05:22:56,2026-01-31 05:22:56,true,35.8041701,139.5535491,81.9,31.315262399999998,118.0,,0.0,1.500280910391599E7,,8446112,in_vehicle,,86.5539540976566,true,45
73197,1,osmand,2026-01-31 05:23:03,2026-01-31 05:23:02,2026-01-31 05:23:02,true,35.8037471,139.5543631,81.9,25.2504816,125.0,,0.0,1.500289638559922E7,,8446199,in_vehicle,,87.28168323069879,true,44
73198,1,osmand,2026-01-31 05:23:10,2026-01-31 05:23:07,2026-01-31 05:23:07,true,35.8034642,139.5548982,81.9,20.3325664,122.0,,0.0,1.5002954054202216E7,,8446256,in_vehicle,,57.66860299553449,true,44
73199,1,osmand,2026-01-31 05:23:10,2026-01-31 05:23:09,2026-01-31 05:23:09,true,35.8033784,139.5551028,81.9,21.2267328,124.0,,0.0,1.5002974849376002E7,,8446277,in_vehicle,,20.795173787413486,true,44
73200,1,osmand,2026-01-31 05:23:18,2026-01-31 05:23:17,2026-01-31 05:23:17,true,35.802975,139.5557922,81.9,11.857424,124.0,,0.0,1.5003051599492181E7,,8446347,in_vehicle,,76.7501161778567,true,44
73201,1,osmand,2026-01-31 05:23:43,2026-01-31 05:23:42,2026-01-31 05:23:42,true,35.802581,139.5564874,74.2,5.1317376,106.0,,0.0,1.5003128170986798E7,,8446418,in_vehicle,,76.57149461667314,true,44
73202,1,osmand,2026-01-31 05:24:19,2026-01-31 05:24:18,2026-01-31 05:24:18,true,35.802262,139.557305,89.7,16.6587088,124.0,,0.0,1.5003210085038334E7,,8446513,in_vehicle,,81.91405153621022,true,44
73203,1,osmand,2026-01-31 05:24:28,2026-01-31 05:24:27,2026-01-31 05:24:27,true,35.8018006,139.5579733,89.7,20.9740336,122.0,,0.0,1.5003289323541973E7,,8446593,in_vehicle,,79.23850363831436,true,44
73204,1,osmand,2026-01-31 05:25:54,2026-01-31 05:25:53,2026-01-31 05:25:53,true,35.8014084,139.5586577,74.1,15.453528,125.0,,0.0,1.50033649827745E7,,8446670,in_vehicle,,75.65923252614505,true,44
73205,1,osmand,2026-01-31 05:26:01,2026-01-31 05:25:54,2026-01-31 05:25:54,true,35.8013604,139.5587376,74.1,19.729976,124.0,,0.0,1.5003373959993975E7,,8446679,in_vehicle,,8.977219475781709,true,44
73206,1,osmand,2026-01-31 05:26:01,2026-01-31 05:26:00,2026-01-31 05:26:00,true,35.8009479,139.5594418,74.1,28.457817600000002,126.0,,0.0,1.5003452387747081E7,,8446757,in_vehicle,,78.42775310578179,true,44
73207,1,osmand,2026-01-31 05:26:07,2026-01-31 05:26:06,2026-01-31 05:26:06,true,35.8005154,139.5601917,74.1,26.125209599999998,124.0,,0.0,1.5003535466480244E7,,8446841,in_vehicle,,83.07873316272142,true,44
73208,1,osmand,2026-01-31 05:26:14,2026-01-31 05:26:13,2026-01-31 05:26:13,true,35.800079,139.5609734,74.1,22.742928,123.0,,0.0,1.5003621146977197E7,,8446926,in_vehicle,,85.68049695278013,true,44
73209,1,osmand,2026-01-31 05:26:21,2026-01-31 05:26:20,2026-01-31 05:26:20,true,35.7996905,139.5617606,74.1,24.200808,118.0,,0.0,1.5003704344922738E7,,8447010,in_vehicle,,83.19794554088952,true,44
73210,1,osmand,2026-01-31 05:26:27,2026-01-31 05:26:26,2026-01-31 05:26:26,true,35.7993329,139.5625056,74.1,26.6889232,117.0,,0.0,1.5003782506054524E7,,8447088,in_vehicle,,78.16113178697643,true,44
73211,1,osmand,2026-01-31 05:26:33,2026-01-31 05:26:32,2026-01-31 05:26:32,true,35.7989674,139.5633058,74.1,28.6327632,117.0,,0.0,1.5003865423569975E7,,8447172,in_vehicle,,82.91751545128804,true,44
73212,1,osmand,2026-01-31 05:26:39,2026-01-31 05:26:38,2026-01-31 05:26:38,true,35.7986548,139.5640658,74.1,21.809884800000003,115.0,,0.0,1.5003942362136854E7,,8447249,in_vehicle,,76.93856687908608,true,44
73213,1,osmand,2026-01-31 05:26:48,2026-01-31 05:26:47,2026-01-31 05:26:47,true,35.7983427,139.5648182,74.1,11.915739199999999,115.0,,0.0,1.5004018664216671E7,,8447325,in_vehicle,,76.30207981647395,true,44
73214,1,osmand,2026-01-31 05:28:03,2026-01-31 05:26:50,2026-01-31 05:26:50,true,35.7982633,139.5649981,74.1,12.4988912,115.0,,0.0,1.5004037156360677E7,,8447343,in_vehicle,,18.492144005268067,true,44
73215,1,osmand,2026-01-31 05:28:03,2026-01-31 05:28:02,2026-01-31 05:28:02,true,35.7980229,139.5655908,74.9,10.399543999999999,115.0,,0.0,1.5004096989142628E7,,8447403,in_vehicle,,59.83278195135559,true,44
73216,1,osmand,2026-01-31 05:28:13,2026-01-31 05:28:12,2026-01-31 05:28:12,true,35.797718,139.5663703,74.9,14.1511552,115.0,,0.0,1.50041751266188E7,,8447481,in_vehicle,,78.13747617256409,true,44
73217,1,osmand,2026-01-31 05:28:22,2026-01-31 05:28:21,2026-01-31 05:28:21,true,35.7974192,139.5671449,74.9,19.146824,115.0,,0.0,1.5004252572005788E7,,8447558,in_vehicle,,77.44538698681193,true,44
73218,1,osmand,2026-01-31 05:28:30,2026-01-31 05:28:29,2026-01-31 05:28:29,true,35.7971031,139.56794,74.9,19.1857008,116.0,,0.0,1.5004332521880003E7,,8447638,in_vehicle,,79.94987421416323,true,44
73219,1,osmand,2026-01-31 05:28:38,2026-01-31 05:28:37,2026-01-31 05:28:37,true,35.7967959,139.5687431,74.9,19.671660799999998,116.0,,0.0,1.5004412693652205E7,,8447718,in_vehicle,,80.17177220304835,true,44
73220,1,osmand,2026-01-31 05:28:46,2026-01-31 05:28:45,2026-01-31 05:28:45,true,35.7964471,139.5695909,74.9,23.6370944,116.0,,0.0,1.5004498526883947E7,,8447803,in_vehicle,,85.83323174131884,true,44
73221,1,osmand,2026-01-31 05:28:53,2026-01-31 05:28:52,2026-01-31 05:28:52,true,35.7961405,139.5703531,74.9,16.9891616,115.0,,0.0,1.5004575345528489E7,,8447879,in_vehicle,,76.81864454139699,true,44
73222,1,osmand,2026-01-31 05:30:12,2026-01-31 05:30:11,2026-01-31 05:30:11,true,35.7958358,139.5711394,78.0,13.7818256,116.0,,0.0,1.5004654028394593E7,,8447951,in_vehicle,,78.68286610435536,true,44
73223,1,osmand,2026-01-31 05:30:20,2026-01-31 05:30:19,2026-01-31 05:30:19,true,35.7955265,139.5719337,78.0,22.431913599999998,117.0,,0.0,1.5004733584169107E7,,8448039,in_vehicle,,79.55577451295287,true,44
73224,1,osmand,2026-01-31 05:30:27,2026-01-31 05:30:26,2026-01-31 05:30:26,true,35.7952106,139.5727311,78.0,21.8682,115.0,,0.0,1.5004813712335095E7,,8448119,in_vehicle,,80.12816598871717,true,44
73225,1,osmand,2026-01-31 05:30:33,2026-01-31 05:30:32,2026-01-31 05:30:32,true,35.7949137,139.5735194,78.0,27.3498288,115.0,,0.0,1.5004892189314757E7,,8448197,in_vehicle,,78.4769796622719,true,44
73226,1,osmand,2026-01-31 05:30:39,2026-01-31 05:30:38,2026-01-31 05:30:38,true,35.794588,139.5743694,78.0,27.1748832,115.0,,0.0,1.500497707154044E7,,8448281,in_vehicle,,84.88222568219048,true,44
73227,1,osmand,2026-01-31 05:30:45,2026-01-31 05:30:44,2026-01-31 05:30:44,true,35.7942522,139.5752256,78.0,27.9718576,115.0,,0.0,1.5005062944001189E7,,8448367,in_vehicle,,85.87246074951742,true,44
73228,1,osmand,2026-01-31 05:30:51,2026-01-31 05:30:50,2026-01-31 05:30:50,true,35.7939441,139.576052,78.0,25.678126400000004,113.0,,0.0,1.5005145067690074E7,,8448450,in_vehicle,,82.12368888623605,true,44
73229,1,osmand,2026-01-31 05:30:57,2026-01-31 05:30:56,2026-01-31 05:30:56,true,35.7936064,139.5769116,78.0,28.67164,115.0,,0.0,1.5005231309191918E7,,8448537,in_vehicle,,86.24150184330676,true,43
73230,1,osmand,2026-01-31 05:31:03,2026-01-31 05:31:02,2026-01-31 05:31:02,true,35.7932586,139.5777846,78.0,29.1964768,115.0,,0.0,1.5005319131372033E7,,8448625,in_vehicle,,87.8221801140226,true,43
73231,1,osmand,2026-01-31 05:31:09,2026-01-31 05:31:08,2026-01-31 05:31:08,true,35.7929183,139.5786607,78.0,27.310952,115.0,,0.0,1.5005406841378989E7,,8448713,in_vehicle,,87.71000695693229,true,43
73232,1,osmand,2026-01-31 05:31:16,2026-01-31 05:31:15,2026-01-31 05:31:15,true,35.792575,139.5795061,78.0,19.6133456,116.0,,0.0,1.5005492208890686E7,,8448798,in_vehicle,,85.36751169798012,true,43
73233,1,osmand,2026-01-31 05:31:28,2026-01-31 05:31:27,2026-01-31 05:31:27,true,35.7922676,139.580271,78.0,6.259164800000001,116.0,,0.0,1.5005569288527243E7,,8448875,in_vehicle,,77.0796365575211,true,43
73234,1,osmand,2026-01-31 05:32:05,2026-01-31 05:32:04,2026-01-31 05:32:04,true,35.7919892,139.5810425,57.6,20.3714432,117.0,,0.0,1.5005645534606885E7,,8448951,in_vehicle,,76.24607964306341,true,43
73235,1,osmand,2026-01-31 05:32:11,2026-01-31 05:32:10,2026-01-31 05:32:10,true,35.791654,139.5817879,57.6,25.2116048,120.0,,0.0,1.5005722492977154E7,,8449027,in_vehicle,,76.95837026857751,true,43
73236,1,osmand,2026-01-31 05:32:17,2026-01-31 05:32:16,2026-01-31 05:32:16,true,35.791284,139.5825305,57.6,24.8422752,122.0,,0.0,1.500580118714703E7,,8449105,in_vehicle,,78.69416987751065,true,43
73237,1,osmand,2026-01-31 05:32:23,2026-01-31 05:32:22,2026-01-31 05:32:22,true,35.790899,139.5833059,57.6,25.7170032,121.0,,0.0,1.5005883279328493E7,,8449188,in_vehicle,,82.09218146199873,true,43
73238,1,osmand,2026-01-31 05:32:29,2026-01-31 05:32:28,2026-01-31 05:32:28,true,35.7904899,139.5841541,57.6,31.6262768,121.0,,0.0,1.5005972386466604E7,,8449279,in_vehicle,,89.10713811117435,true,43
73239,1,osmand,2026-01-31 05:32:34,2026-01-31 05:32:33,2026-01-31 05:32:33,true,35.7901047,139.5849257,57.6,30.9848096,121.0,,0.0,1.50060541984483E7,,8449361,in_vehicle,,81.81198169746261,true,43
73240,1,osmand,2026-01-31 05:32:40,2026-01-31 05:32:39,2026-01-31 05:32:39,true,35.7897564,139.5857365,57.6,22.004268800000002,111.0,,0.0,1.5006137045442296E7,,8449444,in_vehicle,,82.84699399581008,true,43
73241,1,osmand,2026-01-31 05:32:49,2026-01-31 05:32:48,2026-01-31 05:32:48,true,35.7895101,139.5865442,57.6,15.259144,107.0,,0.0,1.500621496326351E7,,8449522,in_vehicle,,77.91782121284913,true,43
73242,1,osmand,2026-01-31 05:32:59,2026-01-31 05:32:58,2026-01-31 05:32:58,true,35.7893023,139.5873977,57.6,17.8638896,107.0,,0.0,1.5006295430314325E7,,8449603,in_vehicle,,80.46705081579843,true,43
73243,1,osmand,2026-01-31 05:33:07,2026-01-31 05:33:06,2026-01-31 05:33:06,true,35.7890905,139.588269,57.6,20.5269504,106.0,,0.0,1.5006377565056523E7,,8449684,in_vehicle,,82.13474219834171,true,43
73244,1,osmand,2026-01-31 05:33:15,2026-01-31 05:33:14,2026-01-31 05:33:14,true,35.7888838,139.5890772,57.6,14.8314992,107.0,,0.0,1.500645408670889E7,,8449761,in_vehicle,,76.52165236743515,true,43
73245,1,osmand,2026-01-31 05:33:31,2026-01-31 05:33:30,2026-01-31 05:33:30,true,35.7886749,139.5898823,77.3,17.300176,109.0,,0.0,1.5006530415870868E7,,8449838,in_vehicle,,76.32916197655301,true,43
73246,1,osmand,2026-01-31 05:33:39,2026-01-31 05:33:38,2026-01-31 05:33:38,true,35.7884823,139.5906921,77.3,18.4276032,105.0,,0.0,1.5006606619274354E7,,8449915,in_vehicle,,76.20340348659211,true,43
73247,1,osmand,2026-01-31 05:33:49,2026-01-31 05:33:48,2026-01-31 05:33:48,true,35.788259,139.5915298,77.3,10.107968,106.0,,0.0,1.500668624350463E7,,8449989,in_vehicle,,79.62423027607427,true,43
73248,1,osmand,2026-01-31 05:35:06,2026-01-31 05:35:05,2026-01-31 05:35:05,true,35.7880584,139.5924054,80.7,22.3735984,107.0,,0.0,1.5006768403665114E7,,8450076,in_vehicle,,82.16016048298052,true,43
73249,1,osmand,2026-01-31 05:35:12,2026-01-31 05:35:11,2026-01-31 05:35:11,true,35.7878376,139.5932957,80.7,27.3887056,106.0,,0.0,1.5006852471992142E7,,8450160,in_vehicle,,84.06832702836114,true,43
73250,1,osmand,2026-01-31 05:35:18,2026-01-31 05:35:17,2026-01-31 05:35:17,true,35.7876156,139.5941678,80.7,26.6111696,106.0,,0.0,1.5006935010162447E7,,8450243,in_vehicle,,82.5381703048895,true,43
73251,1,osmand,2026-01-31 05:35:24,2026-01-31 05:35:23,2026-01-31 05:35:23,true,35.7873794,139.5950482,80.7,28.0496112,109.0,,0.0,1.50070187467995E7,,8450327,in_vehicle,,83.73663705452705,true,43
73252,1,osmand,2026-01-31 05:35:29,2026-01-31 05:35:28,2026-01-31 05:35:28,true,35.7871284,139.5958379,80.7,32.967526400000004,112.0,,0.0,1.5007095336644826E7,,8450404,in_vehicle,,76.58984532629351,true,43
73253,1,osmand,2026-01-31 05:35:34,2026-01-31 05:35:33,2026-01-31 05:35:33,true,35.7868359,139.5966649,80.7,28.5161328,111.0,,0.0,1.5007176806158599E7,,8450485,in_vehicle,,81.4695137716969,true,43
73254,1,osmand,2026-01-31 05:35:40,2026-01-31 05:35:39,2026-01-31 05:35:39,true,35.7865196,139.5975269,80.7,26.4751008,112.0,,0.0,1.5007262239946239E7,,8450570,in_vehicle,,85.43378764071684,true,43
73255,1,osmand,2026-01-31 05:35:47,2026-01-31 05:35:46,2026-01-31 05:35:46,true,35.7862411,139.5983133,80.7,17.0863536,112.0,,0.0,1.5007339726374833E7,,8450647,in_vehicle,,77.486428593522,true,43
73256,1,osmand,2026-01-31 05:35:59,2026-01-31 05:35:58,2026-01-31 05:35:58,true,35.785968,139.5990935,80.7,12.926536,112.0,,0.0,1.500741646010231E7,,8450718,in_vehicle,,76.73372747708434,true,43
73257,1,osmand,2026-01-31 05:36:09,2026-01-31 05:36:08,2026-01-31 05:36:08,true,35.7856962,139.599901,80.7,16.7559008,113.0,,0.0,1.5007495408055574E7,,8450803,in_vehicle,,78.94795326410853,true,43
73258,1,osmand,2026-01-31 05:36:18,2026-01-31 05:36:17,2026-01-31 05:36:17,true,35.7854168,139.600754,80.7,19.9826752,114.0,,0.0,1.5007578479357861E7,,8450887,in_vehicle,,83.07130228768862,true,43
73259,1,osmand,2026-01-31 05:36:26,2026-01-31 05:36:25,2026-01-31 05:36:25,true,35.7851269,139.6015294,80.7,17.4556832,117.0,,0.0,1.5007655579855729E7,,8450963,in_vehicle,,77.10049786728074,true,43
73260,1,osmand,2026-01-31 05:36:37,2026-01-31 05:36:35,2026-01-31 05:36:35,true,35.7848361,139.6022737,69.39,7.2505232,116.0,,0.0,1.5007730182660408E7,,8451034,in_vehicle,,74.60280467906742,true,43
73261,1,osmand,2026-01-31 05:36:38,2026-01-31 05:36:36,2026-01-31 05:36:36,true,35.7848231,139.6023035,69.66,5.3844368000000005,118.0,,0.0,1.5007733238167668E7,,8451041,in_vehicle,,3.055507259114527,true,43
73262,1,osmand,2026-01-31 05:37:39,2026-01-31 05:37:38,2026-01-31 05:37:38,true,35.7845453,139.6031587,78.7,17.591752000000003,106.0,,0.0,1.5007816428132702E7,,8451124,in_vehicle,,83.18996503417031,true,43
73263,1,osmand,2026-01-31 05:37:47,2026-01-31 05:37:46,2026-01-31 05:37:46,true,35.7843818,139.6040219,78.7,21.2267328,102.0,,0.0,1.5007896475931704E7,,8451203,in_vehicle,,80.04779900209869,true,43
73264,1,osmand,2026-01-31 05:37:55,2026-01-31 05:37:54,2026-01-31 05:37:54,true,35.7842195,139.6049601,78.7,23.3455184,102.0,,0.0,1.5007983105094261E7,,8451290,in_vehicle,,86.62916255769225,true,43
73265,1,osmand,2026-01-31 05:38:02,2026-01-31 05:38:01,2026-01-31 05:38:01,true,35.7840345,139.6058919,78.7,23.1122576,103.0,,0.0,1.5008069734990021E7,,8451377,in_vehicle,,86.62989575952376,true,43
73266,1,osmand,2026-01-31 05:38:10,2026-01-31 05:38:09,2026-01-31 05:38:09,true,35.7838444,139.6068085,78.7,21.596062399999997,103.0,,0.0,1.500815517125817E7,,8451462,in_vehicle,,85.43626814934822,true,43
73267,1,osmand,2026-01-31 05:38:17,2026-01-31 05:38:16,2026-01-31 05:38:16,true,35.7837061,139.6077153,78.7,25.1338512,103.0,,0.0,1.5008238495058248E7,,8451545,in_vehicle,,83.32380007721542,true,43
73268,1,osmand,2026-01-31 05:38:24,2026-01-31 05:38:23,2026-01-31 05:38:23,true,35.783516,139.6085827,78.7,21.343363200000002,105.0,,0.0,1.500831963452298E7,,8451626,in_vehicle,,81.13946473303685,true,43
73269,1,osmand,2026-01-31 05:38:31,2026-01-31 05:38:30,2026-01-31 05:38:30,true,35.7833521,139.6094869,78.7,23.6565328,105.0,,0.0,1.5008403302811172E7,,8451710,in_vehicle,,83.66828819150295,true,43
73270,1,osmand,2026-01-31 05:38:42,2026-01-31 05:38:41,2026-01-31 05:38:41,true,35.7831467,139.6103156,78.7,6.4535488,116.0,,0.0,1.5008481554671727E7,,8451788,in_vehicle,,78.25186055464046,true,43
73271,1,osmand,2026-01-31 05:39:58,2026-01-31 05:39:57,2026-01-31 05:39:57,true,35.782809,139.6110741,75.4,23.228887999999998,123.0,,0.0,1.5008559689896194E7,,8451866,in_vehicle,,78.13522446788086,true,42
73272,1,osmand,2026-01-31 05:40:04,2026-01-31 05:40:03,2026-01-31 05:40:03,true,35.7824119,139.6118405,75.4,28.574448,122.0,,0.0,1.5008641813450519E7,,8451949,in_vehicle,,82.12355432384682,true,42
73273,1,osmand,2026-01-31 05:40:09,2026-01-31 05:40:08,2026-01-31 05:40:08,true,35.7820346,139.6125635,75.4,31.8012224,123.0,,0.0,1.500871944817089E7,,8452026,in_vehicle,,77.63472036948909,true,42
73274,1,osmand,2026-01-31 05:40:14,2026-01-31 05:40:13,2026-01-31 05:40:13,true,35.7816148,139.6133141,75.4,31.8012224,124.0,,0.0,1.5008801780970624E7,,8452108,in_vehicle,,82.33279973461809,true,42
73275,1,osmand,2026-01-31 05:40:19,2026-01-31 05:40:18,2026-01-31 05:40:18,true,35.7811876,139.6141412,75.4,33.0258416,121.0,,0.0,1.5008890328933138E7,,8452197,in_vehicle,,88.54796251536159,true,42
73276,1,osmand,2026-01-31 05:40:24,2026-01-31 05:40:23,2026-01-31 05:40:23,true,35.7807849,139.6149117,75.4,31.859537600000003,122.0,,0.0,1.5008973101921776E7,,8452280,in_vehicle,,82.77298863709335,true,42
73277,1,osmand,2026-01-31 05:40:29,2026-01-31 05:40:28,2026-01-31 05:40:28,true,35.7803666,139.615709,75.4,34.308775999999995,123.0,,0.0,1.5009058850455089E7,,8452365,in_vehicle,,85.74853331238876,true,42
73278,1,osmand,2026-01-31 05:40:34,2026-01-31 05:40:33,2026-01-31 05:40:33,true,35.7799523,139.6165073,75.4,32.8120192,122.0,,0.0,1.5009144434380718E7,,8452451,in_vehicle,,85.5839256290499,true,42
73279,1,osmand,2026-01-31 05:40:39,2026-01-31 05:40:38,2026-01-31 05:40:38,true,35.7795716,139.6172324,75.4,28.3023104,124.0,,0.0,1.5009222435360208E7,,8452529,in_vehicle,,78.00097948983503,true,42
73280,1,osmand,2026-01-31 05:40:45,2026-01-31 05:40:44,2026-01-31 05:40:44,true,35.7791934,139.6179785,75.4,25.4059888,120.0,,0.0,1.5009301887638688E7,,8452608,in_vehicle,,79.45227848031656,true,42
73281,1,osmand,2026-01-31 05:40:54,2026-01-31 05:40:53,2026-01-31 05:40:53,true,35.7788458,139.6187527,75.4,10.671681600000001,112.0,,0.0,1.5009381799571283E7,,8452688,in_vehicle,,79.91193259562421,true,42
73282,1,osmand,2026-01-31 05:41:13,2026-01-31 05:41:12,2026-01-31 05:41:12,true,35.7784879,139.6194965,84.6,20.215936,110.0,,0.0,1.5009459899667518E7,,8452767,in_vehicle,,78.1000962349276,true,42
73283,1,osmand,2026-01-31 05:41:22,2026-01-31 05:41:21,2026-01-31 05:41:21,true,35.7784319,139.6203503,84.6,13.9178944,90.0,,0.0,1.50095372593671E7,,8452836,in_vehicle,,77.3596995830781,true,42
73284,1,osmand,2026-01-31 05:41:33,2026-01-31 05:41:32,2026-01-31 05:41:32,true,35.7784944,139.6212478,75.3,22.898435199999998,80.0,,0.0,1.5009618612156432E7,,8452926,in_vehicle,,81.35278933037762,true,42
73285,1,osmand,2026-01-31 05:41:40,2026-01-31 05:41:39,2026-01-31 05:41:39,true,35.7788475,139.6221092,75.3,24.8033984,56.0,,0.0,1.5009705772831326E7,,8453013,in_vehicle,,87.16067489376084,true,42
73286,1,osmand,2026-01-31 05:41:48,2026-01-31 05:41:47,2026-01-31 05:41:47,true,35.7792331,139.6228312,75.3,14.1705936,69.0,,0.0,1.500978383801463E7,,8453092,in_vehicle,,78.06518330432887,true,42
73287,1,osmand,2026-01-31 05:42:34,2026-01-31 05:42:33,2026-01-31 05:42:33,true,35.7794138,139.623656,56.8,7.639291200000001,74.0,,0.0,1.5009860994562238E7,,8453165,in_vehicle,,77.15654760750063,true,42
73288,1,osmand,2026-01-31 05:42:51,2026-01-31 05:42:50,2026-01-31 05:42:50,true,35.7796016,139.6245197,55.2,15.453528,77.0,,0.0,1.5009941748730864E7,,8453249,in_vehicle,,80.75416862650152,true,42
73289,1,osmand,2026-01-31 05:43:03,2026-01-31 05:43:02,2026-01-31 05:43:02,true,35.7795294,139.6253783,55.2,12.4600144,119.0,,0.0,1.5010019704694128E7,,8453330,in_vehicle,,77.95596326404875,true,42
73290,1,osmand,2026-01-31 05:43:13,2026-01-31 05:43:12,2026-01-31 05:43:12,true,35.7792113,139.6261847,55.2,18.369287999999997,120.0,,0.0,1.5010100683828728E7,,8453412,in_vehicle,,80.97913459998512,true,42
73291,1,osmand,2026-01-31 05:43:20,2026-01-31 05:43:19,2026-01-31 05:43:19,true,35.7789049,139.6269266,55.2,21.3239248,115.0,,0.0,1.501017586765756E7,,8453486,in_vehicle,,75.18382883339329,true,42
73292,1,osmand,2026-01-31 05:43:27,2026-01-31 05:43:26,2026-01-31 05:43:26,true,35.7785591,139.6277467,55.2,21.3239248,118.0,,0.0,1.501025933824505E7,,8453569,in_vehicle,,83.47058748787745,true,42
73293,1,osmand,2026-01-31 05:43:36,2026-01-31 05:43:35,2026-01-31 05:43:35,true,35.7782157,139.6284941,55.2,15.978364800000001,124.0,,0.0,1.5010336910335664E7,,8453646,in_vehicle,,77.57209061473364,true,42
73294,1,osmand,2026-01-31 05:44:40,2026-01-31 05:44:39,2026-01-31 05:44:39,true,35.7777813,139.6292319,68.3,17.241860799999998,123.0,,0.0,1.5010419240690611E7,,8453728,in_vehicle,,82.33035494843885,true,42
73295,1,osmand,2026-01-31 05:44:50,2026-01-31 05:44:49,2026-01-31 05:44:49,true,35.7773736,139.6299829,68.3,15.4340896,123.0,,0.0,1.5010500849523703E7,,8453810,in_vehicle,,81.60883309149594,true,42
73296,1,osmand,2026-01-31 05:45:00,2026-01-31 05:44:59,2026-01-31 05:44:59,true,35.7770173,139.6307293,68.3,9.9913376,120.0,,0.0,1.5010579062270727E7,,8453888,in_vehicle,,78.21274702412263,true,42
73297,1,osmand,2026-01-31 05:45:17,2026-01-31 05:45:16,2026-01-31 05:45:16,true,35.7765904,139.6314412,71.7,12.926536,122.0,,0.0,1.50106590129797E7,,8453962,in_vehicle,,79.95070897282109,true,42
73298,1,osmand,2026-01-31 05:45:27,2026-01-31 05:45:26,2026-01-31 05:45:26,true,35.7762013,139.6322092,71.7,15.978364800000001,120.0,,0.0,1.5010740787737736E7,,8454049,in_vehicle,,81.77475803803358,true,42
73299,1,osmand,2026-01-31 05:45:36,2026-01-31 05:45:35,2026-01-31 05:45:35,true,35.7758029,139.6329636,71.7,13.3736192,120.0,,0.0,1.5010822083698196E7,,8454130,in_vehicle,,81.29596046018652,true,42
73300,1,osmand,2026-01-31 05:45:48,2026-01-31 05:45:47,2026-01-31 05:45:47,true,35.7754345,139.6337651,69.7,21.38224,130.0,,0.0,1.5010905280839877E7,,8454213,in_vehicle,,83.19714168093527,true,42
73301,1,osmand,2026-01-31 05:45:54,2026-01-31 05:45:53,2026-01-31 05:45:53,true,35.775042,139.6345166,69.7,24.0841776,131.0,,0.0,1.501098600057363E7,,8454294,in_vehicle,,80.7197337524235,true,42
73302,1,osmand,2026-01-31 05:46:02,2026-01-31 05:46:01,2026-01-31 05:46:01,true,35.7744889,139.6350243,69.7,13.2375504,148.0,,0.0,1.5011062769685416E7,,8454363,in_vehicle,,76.76911178545801,true,42
73303,1,osmand,2026-01-31 05:47:13,2026-01-31 05:47:12,2026-01-31 05:47:12,true,35.7739367,139.635527,72.7,13.6457568,136.0,,0.0,1.5011139189506171E7,,8454440,in_vehicle,,76.41982075491424,true,41
73304,1,osmand,2026-01-31 05:47:22,2026-01-31 05:47:21,2026-01-31 05:47:21,true,35.7734036,139.6361371,72.7,20.0798672,137.0,,0.0,1.5011220171253428E7,,8454526,in_vehicle,,80.98174725728478,true,41
73305,1,osmand,2026-01-31 05:47:29,2026-01-31 05:47:28,2026-01-31 05:47:28,true,35.7728921,139.6367695,72.7,23.267764800000002,134.0,,0.0,1.5011300821719173E7,,8454607,in_vehicle,,80.65046574603632,true,41
73306,1,osmand,2026-01-31 05:47:36,2026-01-31 05:47:35,2026-01-31 05:47:35,true,35.7724135,139.6374725,72.7,26.5722928,126.0,,0.0,1.5011383706877133E7,,8454690,in_vehicle,,82.88515795955134,true,41
73307,1,osmand,2026-01-31 05:47:42,2026-01-31 05:47:41,2026-01-31 05:47:41,true,35.771993,139.6382399,72.7,24.881152,123.0,,0.0,1.5011467343750706E7,,8454773,in_vehicle,,83.63687357369106,true,41
73308,1,osmand,2026-01-31 05:47:48,2026-01-31 05:47:47,2026-01-31 05:47:47,true,35.7716818,139.6389997,72.7,26.008579200000003,105.0,,0.0,1.5011544216620753E7,,8454850,in_vehicle,,76.87287004676989,true,41
73309,1,osmand,2026-01-31 05:47:54,2026-01-31 05:47:53,2026-01-31 05:47:53,true,35.7715102,139.6398052,72.7,23.0150656,104.0,,0.0,1.5011619435009202E7,,8454924,in_vehicle,,75.21838844924434,true,41
73310,1,osmand,2026-01-31 05:48:01,2026-01-31 05:48:00,2026-01-31 05:48:00,true,35.7713136,139.6407365,72.7,24.900590400000002,105.0,,0.0,1.5011706350247893E7,,8455012,in_vehicle,,86.91523869073437,true,41
73311,1,osmand,2026-01-31 05:48:08,2026-01-31 05:48:07,2026-01-31 05:48:07,true,35.7711065,139.6416623,72.7,23.6759712,105.0,,0.0,1.5011793088356894E7,,8455099,in_vehicle,,86.7381090000834,true,41
73312,1,osmand,2026-01-31 05:48:15,2026-01-31 05:48:14,2026-01-31 05:48:14,true,35.7708647,139.6424987,72.7,20.0993056,118.0,,0.0,1.5011873284320565E7,,8455179,in_vehicle,,80.19596367219287,true,41
73313,1,osmand,2026-01-31 05:49:12,2026-01-31 05:49:11,2026-01-31 05:49:11,true,35.7704789,139.6432396,74.2,15.803419200000002,125.0,,0.0,1.5011952798678426E7,,8455258,in_vehicle,,79.5143578612276,true,41
73314,1,osmand,2026-01-31 05:49:20,2026-01-31 05:49:19,2026-01-31 05:49:19,true,35.7700734,139.6439923,76.4,20.3714432,126.0,,0.0,1.501203440462524E7,,8455339,in_vehicle,,81.60594681426049,true,41
73315,1,osmand,2026-01-31 05:49:27,2026-01-31 05:49:26,2026-01-31 05:49:26,true,35.7696652,139.64466,76.4,22.645736,126.0,,0.0,1.5012109915283442E7,,8455414,in_vehicle,,75.5106582009683,true,41
73316,1,osmand,2026-01-31 05:49:34,2026-01-31 05:49:33,2026-01-31 05:49:33,true,35.7692612,139.6453835,76.4,22.256968,125.0,,0.0,1.5012189243242644E7,,8455494,in_vehicle,,79.32795920142802,true,41
73317,1,osmand,2026-01-31 05:49:41,2026-01-31 05:49:40,2026-01-31 05:49:40,true,35.7688808,139.6461993,76.4,25.3476736,109.0,,0.0,1.5012274229437577E7,,8455579,in_vehicle,,84.98619493314914,true,41
73318,1,osmand,2026-01-31 05:49:47,2026-01-31 05:49:46,2026-01-31 05:49:46,true,35.7686618,139.6470555,76.4,23.889793599999997,106.0,,0.0,1.5012355315355146E7,,8455659,in_vehicle,,81.08591757026424,true,41
73319,1,osmand,2026-01-31 05:49:54,2026-01-31 05:49:53,2026-01-31 05:49:53,true,35.7684462,139.6479306,76.4,23.2094496,106.0,,0.0,1.5012437920427252E7,,8455741,in_vehicle,,82.60507210528866,true,41
73320,1,osmand,2026-01-31 05:50:00,2026-01-31 05:49:59,2026-01-31 05:49:59,true,35.7682366,139.6487341,76.4,24.9589056,106.0,,0.0,1.5012514153568475E7,,8455818,in_vehicle,,76.2331412234714,true,41
73321,1,osmand,2026-01-31 05:50:07,2026-01-31 05:50:06,2026-01-31 05:50:06,true,35.767994,139.6496485,76.4,23.909232000000003,108.0,,0.0,1.5012601048486808E7,,8455904,in_vehicle,,86.89491833412433,true,41
73322,1,osmand,2026-01-31 05:50:14,2026-01-31 05:50:13,2026-01-31 05:50:13,true,35.7677941,139.6504896,76.4,19.9632368,107.0,,0.0,1.5012680211715404E7,,8455982,in_vehicle,,79.16322859620603,true,41
73323,1,osmand,2026-01-31 05:50:24,2026-01-31 05:50:23,2026-01-31 05:50:23,true,35.7675971,139.6513362,76.4,13.6846336,108.0,,0.0,1.5012759762400012E7,,8456060,in_vehicle,,79.55068460811222,true,41
73324,1,osmand,2026-01-31 05:50:32,2026-01-31 05:50:31,2026-01-31 05:50:31,true,35.7673771,139.6521852,76.4,23.9869856,106.0,,0.0,1.5012840263296643E7,,8456140,in_vehicle,,80.50089663047792,true,41
73325,1,osmand,2026-01-31 05:50:38,2026-01-31 05:50:37,2026-01-31 05:50:37,true,35.7671845,139.6529895,76.4,23.617656,104.0,,0.0,1.5012916008902553E7,,8456217,in_vehicle,,75.74560591021587,true,41
73326,1,osmand,2026-01-31 05:50:45,2026-01-31 05:50:44,2026-01-31 05:50:44,true,35.7669808,139.6537999,60.27,18.855248,108.0,,0.0,1.5012992639794847E7,,8456294,in_vehicle,,76.63089229312497,true,41
73327,1,osmand,2026-01-31 05:51:46,2026-01-31 05:50:48,2026-01-31 05:50:48,true,35.766862,139.6541844,59.84,14.3455392,109.0,,0.0,1.5013029802395081E7,,8456331,in_vehicle,,37.16260023345006,true,41
73328,1,osmand,2026-01-31 05:51:46,2026-01-31 05:51:45,2026-01-31 05:51:45,true,35.7667193,139.6545983,70.0,20.0993056,109.0,,0.0,1.5013070422802621E7,,8456373,in_vehicle,,40.62040754073433,true,41
73329,1,osmand,2026-01-31 05:51:53,2026-01-31 05:51:52,2026-01-31 05:51:52,true,35.7665316,139.6554117,70.0,17.9610816,107.0,,0.0,1.5013146806671022E7,,8456451,in_vehicle,,76.38386839988824,true,41
73330,1,osmand,2026-01-31 05:52:04,2026-01-31 05:51:56,2026-01-31 05:51:56,true,35.7664466,139.6557551,70.0,13.7818256,111.0,,0.0,1.5013179235519644E7,,8456483,in_vehicle,,32.42884862197912,true,41
73331,1,osmand,2026-01-31 05:52:04,2026-01-31 05:52:03,2026-01-31 05:52:03,true,35.766292,139.6562291,70.0,14.3455392,108.0,,0.0,1.5013225379248217E7,,8456529,in_vehicle,,46.14372857221061,true,41
73332,1,osmand,2026-01-31 05:52:13,2026-01-31 05:52:12,2026-01-31 05:52:12,true,35.7660512,139.6570914,70.0,19.6522224,107.0,,0.0,1.5013307750704965E7,,8456613,in_vehicle,,82.37145674774632,true,41
73333,1,osmand,2026-01-31 05:52:21,2026-01-31 05:52:20,2026-01-31 05:52:20,true,35.7658254,139.6579952,70.0,20.002113599999998,107.0,,0.0,1.501339316933627E7,,8456699,in_vehicle,,85.4186313062278,true,41
73334,1,osmand,2026-01-31 05:52:28,2026-01-31 05:52:27,2026-01-31 05:52:27,true,35.7655782,139.6588151,70.0,20.5463888,109.0,,0.0,1.5013472175040862E7,,8456778,in_vehicle,,79.00570459115524,true,40
73335,1,osmand,2026-01-31 05:52:38,2026-01-31 05:52:37,2026-01-31 05:52:37,true,35.7653468,139.6596127,70.0,10.788312,107.0,,0.0,1.50135486860528E7,,8456855,in_vehicle,,76.51101193675699,true,40
73336,1,osmand,2026-01-31 05:52:59,2026-01-31 05:52:39,2026-01-31 05:52:39,true,35.765319,139.6597116,70.0,8.8250336,108.0,,0.0,1.5013558140200447E7,,8456860,in_vehicle,,9.454147648129942,true,40
73337,1,osmand,2026-01-31 05:52:59,2026-01-31 05:52:58,2026-01-31 05:52:58,true,35.7651251,139.6604626,88.3,15.589596799999999,108.0,,0.0,1.5013629326875549E7,,8456935,in_vehicle,,71.18667510171389,true,40
73338,1,osmand,2026-01-31 05:53:07,2026-01-31 05:53:06,2026-01-31 05:53:06,true,35.7648978,139.6613104,88.3,21.673816000000002,107.0,,0.0,1.5013709978044474E7,,8457015,in_vehicle,,80.65116892605512,true,40
73339,1,osmand,2026-01-31 05:53:15,2026-01-31 05:53:14,2026-01-31 05:53:14,true,35.7646665,139.6621853,88.3,17.8250128,109.0,,0.0,1.5013793094116375E7,,8457099,in_vehicle,,83.11607190016925,true,40
73340,1,osmand,2026-01-31 05:53:26,2026-01-31 05:53:25,2026-01-31 05:53:25,true,35.7644389,139.6630324,88.3,13.8207024,108.0,,0.0,1.501387369616154E7,,8457179,in_vehicle,,80.60204516446363,true,40
73341,1,osmand,2026-01-31 05:53:36,2026-01-31 05:53:35,2026-01-31 05:53:35,true,35.7642101,139.6638837,88.3,19.632784,106.0,,0.0,1.5013954700552113E7,,8457259,in_vehicle,,81.00439057224918,true,40
73342,1,osmand,2026-01-31 05:53:44,2026-01-31 05:53:43,2026-01-31 05:53:43,true,35.7639766,139.6647461,88.3,19.049632000000003,114.0,,0.0,1.5014036821652101E7,,8457340,in_vehicle,,82.12109998784801,true,40
73343,1,osmand,2026-01-31 05:53:52,2026-01-31 05:53:51,2026-01-31 05:53:51,true,35.7637257,139.6655539,88.3,19.244016000000002,108.0,,0.0,1.5014114951658638E7,,8457419,in_vehicle,,78.13000653642642,true,40
73344,1,osmand,2026-01-31 05:54:00,2026-01-31 05:53:59,2026-01-31 05:53:59,true,35.7635139,139.6663947,88.3,18.9330016,109.0,,0.0,1.5014194475438517E7,,8457499,in_vehicle,,79.52377987929648,true,40
73345,1,osmand,2026-01-31 05:54:08,2026-01-31 05:54:07,2026-01-31 05:54:07,true,35.7632879,139.6671991,88.3,19.3023312,109.0,,0.0,1.5014271368092373E7,,8457575,in_vehicle,,76.89265385722997,true,40
73346,1,osmand,2026-01-31 05:54:16,2026-01-31 05:54:15,2026-01-31 05:54:15,true,35.7630299,139.6680492,88.3,18.660864,108.0,,0.0,1.501435335207286E7,,8457657,in_vehicle,,81.98398048650418,true,40
73347,1,osmand,2026-01-31 05:54:36,2026-01-31 05:54:35,2026-01-31 05:54:35,true,35.7628234,139.6688446,67.6,11.17708,113.0,,0.0,1.5014428787816394E7,,8457733,in_vehicle,,75.43574353460345,true,40
73348,1,osmand,2026-01-31 05:54:46,2026-01-31 05:54:41,2026-01-31 05:54:41,true,35.7626972,139.669328,67.6,19.7882912,108.0,,0.0,1.5014474657395268E7,,8457778,in_vehicle,,45.86957887299539,true,40
73349,1,osmand,2026-01-31 05:54:46,2026-01-31 05:54:45,2026-01-31 05:54:45,true,35.7625883,139.6697036,67.6,15.045321600000001,108.0,,0.0,1.5014510685944838E7,,8457814,in_vehicle,,36.02854957142954,true,40
73350,1,osmand,2026-01-31 05:54:58,2026-01-31 05:54:57,2026-01-31 05:54:57,true,35.7623327,139.6705514,70.9,16.328256,107.0,,0.0,1.5014592382563572E7,,8457896,in_vehicle,,81.6966187336041,true,40
73351,1,osmand,2026-01-31 05:55:08,2026-01-31 05:55:07,2026-01-31 05:55:07,true,35.7620994,139.6713971,70.9,15.161952,109.0,,0.0,1.5014673068694199E7,,8457977,in_vehicle,,80.68613062534723,true,40
73352,1,osmand,2026-01-31 05:55:17,2026-01-31 05:55:16,2026-01-31 05:55:16,true,35.7618476,139.6722892,70.9,19.846606400000002,109.0,,0.0,1.5014758388309825E7,,8458061,in_vehicle,,85.31961562653944,true,40
73353,1,osmand,2026-01-31 05:55:25,2026-01-31 05:55:24,2026-01-31 05:55:24,true,35.7616113,139.6731554,70.9,17.7666976,110.0,,0.0,1.5014840936082074E7,,8458145,in_vehicle,,82.5477722498729,true,40
73354,1,osmand,2026-01-31 05:55:34,2026-01-31 05:55:33,2026-01-31 05:55:33,true,35.761374,139.6739374,70.9,16.7753392,110.0,,0.0,1.5014916352606501E7,,8458219,in_vehicle,,75.41652442767536,true,40
73355,1,osmand,2026-01-31 05:55:43,2026-01-31 05:55:42,2026-01-31 05:55:42,true,35.7611443,139.6748237,70.9,17.883328,104.0,,0.0,1.501500039737236E7,,8458303,in_vehicle,,84.04476585745907,true,40
73356,1,osmand,2026-01-31 05:55:51,2026-01-31 05:55:50,2026-01-31 05:55:50,true,35.7609025,139.67563,70.9,26.533416000000003,116.0,,0.0,1.5015078046325127E7,,8458382,in_vehicle,,77.64895276745985,true,40
73357,1,osmand,2026-01-31 05:55:57,2026-01-31 05:55:56,2026-01-31 05:55:56,true,35.7606703,139.6764718,70.9,20.701896,106.0,,0.0,1.5015158360795973E7,,8458463,in_vehicle,,80.31447084638343,true,40
73358,1,osmand,2026-01-31 05:57:01,2026-01-31 05:57:00,2026-01-31 05:57:00,true,35.7604432,139.6772937,70.4,11.371464,109.0,,0.0,1.5015236790803496E7,,8458543,in_vehicle,,78.43000752245575,true,40
73359,1,osmand,2026-01-31 05:57:10,2026-01-31 05:57:09,2026-01-31 05:57:09,true,35.7602125,139.6781003,69.7,19.0107552,109.0,,0.0,1.5015314046274954E7,,8458621,in_vehicle,,77.25547145808935,true,40
73360,1,osmand,2026-01-31 05:57:18,2026-01-31 05:57:17,2026-01-31 05:57:17,true,35.7599701,139.678904,69.7,20.1576208,108.0,,0.0,1.5015391499013267E7,,8458698,in_vehicle,,77.45273831237711,true,40
73361,1,osmand,2026-01-31 05:57:25,2026-01-31 05:57:24,2026-01-31 05:57:24,true,35.7597353,139.6797584,69.7,22.3735984,110.0,,0.0,1.501547298516689E7,,8458780,in_vehicle,,81.48615362346119,true,40
73362,1,osmand,2026-01-31 05:57:33,2026-01-31 05:57:32,2026-01-31 05:57:32,true,35.7593894,139.6805771,69.7,18.2137808,123.0,,0.0,1.5015556364536498E7,,8458864,in_vehicle,,83.37936960742714,true,40
73363,1,osmand,2026-01-31 05:57:41,2026-01-31 05:57:40,2026-01-31 05:57:40,true,35.7590026,139.6813792,69.7,21.207294400000002,117.0,,0.0,1.5015640649622487E7,,8458950,in_vehicle,,84.28508598882355,true,40
73364,1,osmand,2026-01-31 05:57:48,2026-01-31 05:57:47,2026-01-31 05:57:47,true,35.7586398,139.6821091,69.7,21.7904464,124.0,,0.0,1.5015717970262583E7,,8459027,in_vehicle,,77.32064009563888,true,40
73365,1,osmand,2026-01-31 05:57:57,2026-01-31 05:57:56,2026-01-31 05:57:56,true,35.7582649,139.682818,69.7,12.5766448,125.0,,0.0,1.501579440698848E7,,8459104,in_vehicle,,76.43672589641554,true,40
73366,1,osmand,2026-01-31 05:58:24,2026-01-31 05:58:23,2026-01-31 05:58:23,true,35.7578563,139.6835446,70.7,8.9805408,127.0,,0.0,1.5015874264072653E7,,8459182,in_vehicle,,79.8570841727958,true,40
73367,1,osmand,2026-01-31 05:58:36,2026-01-31 05:58:35,2026-01-31 05:58:35,true,35.7574403,139.6842232,70.3,18.038835199999998,128.0,,0.0,1.5015951091117123E7,,8459258,in_vehicle,,76.82704446978894,true,40
73368,1,osmand,2026-01-31 05:58:43,2026-01-31 05:58:42,2026-01-31 05:58:42,true,35.7570462,139.6849503,70.3,23.9869856,124.0,,0.0,1.5016030078085797E7,,8459337,in_vehicle,,78.98696867405748,true,39
73369,1,osmand,2026-01-31 05:58:50,2026-01-31 05:58:49,2026-01-31 05:58:49,true,35.756625,139.6857537,70.3,23.248326400000003,124.0,,0.0,1.5016116482707312E7,,8459424,in_vehicle,,86.40462151518038,true,39
73370,1,osmand,2026-01-31 05:58:57,2026-01-31 05:58:56,2026-01-31 05:58:56,true,35.7562438,139.686474,70.3,19.5161536,123.0,,0.0,1.5016194166497506E7,,8459502,in_vehicle,,77.68379019392756,true,39
73371,1,osmand,2026-01-31 05:59:05,2026-01-31 05:59:04,2026-01-31 05:59:04,true,35.7558509,139.6871768,70.3,20.2548128,126.0,,0.0,1.5016271262594176E7,,8459578,in_vehicle,,77.09609666956396,true,39
73372,1,osmand,2026-01-31 05:59:12,2026-01-31 05:59:11,2026-01-31 05:59:11,true,35.7554242,139.6879133,70.3,21.8876384,128.0,,0.0,1.5016353012079583E7,,8459660,in_vehicle,,81.74948540746243,true,39
73373,1,osmand,2026-01-31 05:59:19,2026-01-31 05:59:18,2026-01-31 05:59:18,true,35.754935,139.6885979,70.3,25.6003728,131.0,,0.0,1.5016435416460425E7,,8459742,in_vehicle,,82.40438084109674,true,39
73374,1,osmand,2026-01-31 05:59:25,2026-01-31 05:59:24,2026-01-31 05:59:24,true,35.7544264,139.6893305,70.3,27.7580352,127.0,,0.0,1.501652251163073E7,,8459830,in_vehicle,,87.09517030519238,true,39
73375,1,osmand,2026-01-31 05:59:31,2026-01-31 05:59:30,2026-01-31 05:59:30,true,35.7539579,139.6899962,70.3,25.017220799999997,130.0,,0.0,1.5016602114606416E7,,8459909,in_vehicle,,79.60297568607922,true,39
73376,1,osmand,2026-01-31 05:59:37,2026-01-31 05:59:36,2026-01-31 05:59:36,true,35.7534545,139.6907037,70.3,27.9718576,130.0,,0.0,1.5016687117326472E7,,8459993,in_vehicle,,85.00272005688944,true,39
73377,1,osmand,2026-01-31 05:59:43,2026-01-31 05:59:42,2026-01-31 05:59:42,true,35.7529658,139.6914882,70.3,29.1964768,129.0,,0.0,1.5016776461613506E7,,8460083,in_vehicle,,89.34428703395407,true,39
73378,1,osmand,2026-01-31 05:59:49,2026-01-31 05:59:48,2026-01-31 05:59:48,true,35.7524504,139.6922047,70.3,28.555009599999998,132.0,,0.0,1.5016862958217211E7,,8460170,in_vehicle,,86.4966037044156,true,39
73379,1,osmand,2026-01-31 05:59:55,2026-01-31 05:59:54,2026-01-31 05:59:54,true,35.7519681,139.6929116,70.3,22.159776,129.0,,0.0,1.5016946390567625E7,,8460254,in_vehicle,,83.43235041361581,true,39
73380,1,osmand,2026-01-31 06:00:03,2026-01-31 06:00:02,2026-01-31 06:00:02,true,35.7515435,139.6935906,56.79,14.909252799999999,133.0,,0.0,1.5017023830656858E7,,8460330,in_vehicle,,77.4400892334292,true,39
73381,1,osmand,2026-01-31 06:00:54,2026-01-31 06:00:53,2026-01-31 06:00:53,true,35.7510321,139.6942239,67.8,16.7947776,125.0,,0.0,1.5017104541999E7,,8460411,in_vehicle,,80.71134214073618,true,39
73382,1,osmand,2026-01-31 06:01:02,2026-01-31 06:01:01,2026-01-31 06:01:01,true,35.7505628,139.6949691,67.8,21.285048,128.0,,0.0,1.5017189757776199E7,,8460496,in_vehicle,,85.2157772001263,true,39
73383,1,osmand,2026-01-31 06:01:09,2026-01-31 06:01:08,2026-01-31 06:01:08,true,35.7501069,139.6956417,67.8,20.7602112,129.0,,0.0,1.5017268928596407E7,,8460577,in_vehicle,,79.1708202088254,true,39
73384,1,osmand,2026-01-31 06:01:16,2026-01-31 06:01:15,2026-01-31 06:01:15,true,35.7495753,139.6963265,67.8,23.9286704,136.0,,0.0,1.501735454157097E7,,8460663,in_vehicle,,85.61297456367757,true,39
73385,1,osmand,2026-01-31 06:01:24,2026-01-31 06:01:23,2026-01-31 06:01:23,true,35.7490835,139.6969248,67.8,11.682478399999999,135.0,,0.0,1.5017431476492053E7,,8460740,in_vehicle,,76.93492108272852,true,39
73386,1,osmand,2026-01-31 06:01:47,2026-01-31 06:01:46,2026-01-31 06:01:46,true,35.7485807,139.6975736,70.8,16.0561184,132.0,,0.0,1.5017512523659054E7,,8460820,in_vehicle,,81.04716700089106,true,39
73387,1,osmand,2026-01-31 06:01:55,2026-01-31 06:01:54,2026-01-31 06:01:54,true,35.7480568,139.6981559,70.8,17.5334368,132.0,,0.0,1.5017591066013642E7,,8460899,in_vehicle,,78.5423545878097,true,39
73388,1,osmand,2026-01-31 06:02:03,2026-01-31 06:02:02,2026-01-31 06:02:02,true,35.7475151,139.6987679,70.8,22.5874208,136.0,,0.0,1.5017672879924295E7,,8460982,in_vehicle,,81.81391065429574,true,39
73389,1,osmand,2026-01-31 06:02:11,2026-01-31 06:02:10,2026-01-31 06:02:10,true,35.746974,139.6993818,70.8,18.174903999999998,140.0,,0.0,1.5017754761052348E7,,8461063,in_vehicle,,81.8811280524485,true,39
73390,1,osmand,2026-01-31 06:02:18,2026-01-31 06:02:12,2026-01-31 06:02:12,true,35.7468413,139.6995497,70.8,20.7213344,133.0,,0.0,1.5017775934713626E7,,8461084,in_vehicle,,21.17366127919194,true,39
73391,1,osmand,2026-01-31 06:02:18,2026-01-31 06:02:17,2026-01-31 06:02:17,true,35.7465237,139.7000241,70.8,20.9157184,131.0,,0.0,1.501783149589343E7,,8461129,in_vehicle,,55.56117980412706,true,39
73392,1,osmand,2026-01-31 06:02:25,2026-01-31 06:02:24,2026-01-31 06:02:24,true,35.7460792,139.70067,70.8,23.248326400000003,135.0,,0.0,1.5017908006229853E7,,8461216,in_vehicle,,76.51033642337336,true,39
73393,1,osmand,2026-01-31 06:02:31,2026-01-31 06:02:30,2026-01-31 06:02:30,true,35.745594,139.7012929,70.8,23.578779200000003,132.0,,0.0,1.50179860098063E7,,8461294,in_vehicle,,78.00357644571368,true,39
73394,1,osmand,2026-01-31 06:02:37,2026-01-31 06:02:36,2026-01-31 06:02:36,true,35.7451124,139.7019721,70.8,26.9804992,136.0,,0.0,1.5018067495269295E7,,8461375,in_vehicle,,81.48546299482666,true,39
73395,1,osmand,2026-01-31 06:02:43,2026-01-31 06:02:42,2026-01-31 06:02:42,true,35.744612,139.7026122,70.8,26.047456,134.0,,0.0,1.5018147792303545E7,,8461455,in_vehicle,,80.29703424981633,true,39
73396,1,osmand,2026-01-31 06:02:49,2026-01-31 06:02:48,2026-01-31 06:02:48,true,35.744089,139.7032244,70.8,24.3174384,135.0,,0.0,1.5018228098309677E7,,8461536,in_vehicle,,80.30600613213872,true,39
73397,1,osmand,2026-01-31 06:02:56,2026-01-31 06:02:55,2026-01-31 06:02:55,true,35.7436011,139.7039347,70.8,19.729976,131.0,,0.0,1.5018312172541328E7,,8461621,in_vehicle,,84.07423165115394,true,39
73398,1,osmand,2026-01-31 06:03:06,2026-01-31 06:03:05,2026-01-31 06:03:05,true,35.7431099,139.7045201,70.8,6.4535488,141.0,,0.0,1.5018388247891547E7,,8461693,in_vehicle,,76.07535021854251,true,39
73399,1,osmand,2026-01-31 06:03:38,2026-01-31 06:03:37,2026-01-31 06:03:37,true,35.7435043,139.7038094,66.0,13.60688,317.0,,0.0,1.5018466035365602E7,,8461805,in_vehicle,,77.78747405399491,true,39
73400,1,osmand,2026-01-31 06:04:23,2026-01-31 06:04:22,2026-01-31 06:04:22,true,35.7440624,139.703169,69.9,18.8941248,312.0,,0.0,1.5018550933475437E7,,8461899,in_vehicle,,84.89810983444035,true,39
73401,1,osmand,2026-01-31 06:04:31,2026-01-31 06:04:30,2026-01-31 06:04:30,true,35.7445762,139.702498,69.9,19.3995232,318.0,,0.0,1.5018634280858548E7,,8461982,in_vehicle,,83.34738311192656,true,38
73402,1,osmand,2026-01-31 06:04:40,2026-01-31 06:04:38,2026-01-31 06:04:38,true,35.7450279,139.7018114,69.9,16.9308464,312.0,,0.0,1.501871413465495E7,,8462061,in_vehicle,,79.85379640234687,true,38
73403,1,osmand,2026-01-31 06:04:47,2026-01-31 06:04:46,2026-01-31 06:04:46,true,35.7455324,139.7011592,69.9,22.9761888,309.0,,0.0,1.5018795536610778E7,,8462143,in_vehicle,,81.40195582788891,true,38
73404,1,osmand,2026-01-31 06:04:53,2026-01-31 06:04:52,2026-01-31 06:04:52,true,35.7460155,139.7005327,69.9,26.7083616,312.0,,0.0,1.5018873614008553E7,,8462221,in_vehicle,,78.07739777560191,true,38
73405,1,osmand,2026-01-31 06:04:59,2026-01-31 06:04:58,2026-01-31 06:04:58,true,35.7465445,139.699905,69.9,24.6478912,316.0,,0.0,1.501895536974958E7,,8462303,in_vehicle,,81.7557410258035,true,38
73406,1,osmand,2026-01-31 06:05:06,2026-01-31 06:05:05,2026-01-31 06:05:05,true,35.7470444,139.6992082,69.9,24.3174384,310.0,,0.0,1.5019039393579774E7,,8462387,in_vehicle,,84.02383019366447,true,38
73407,1,osmand,2026-01-31 06:05:12,2026-01-31 06:05:11,2026-01-31 06:05:11,true,35.7475426,139.6986191,69.9,23.773163200000003,312.0,,0.0,1.5019116260208568E7,,8462464,in_vehicle,,76.86662879331823,true,38
73408,1,osmand,2026-01-31 06:05:19,2026-01-31 06:05:17,2026-01-31 06:05:17,true,35.7480293,139.6980298,69.9,23.8509168,314.0,,0.0,1.501919222079604E7,,8462540,in_vehicle,,75.96058747237534,true,38
73409,1,osmand,2026-01-31 06:05:24,2026-01-31 06:05:23,2026-01-31 06:05:23,true,35.748503,139.6974041,69.9,21.6349392,313.0,,0.0,1.5019269527003681E7,,8462618,in_vehicle,,77.3062076410653,true,38
73410,1,osmand,2026-01-31 06:06:32,2026-01-31 06:05:30,2026-01-31 06:05:30,true,35.7487668,139.6970896,70.8,5.0734224,302.0,,0.0,1.501931038901222E7,,8462652,in_vehicle,,40.86200853764421,true,38
73411,1,osmand,2026-01-31 06:06:32,2026-01-31 06:06:31,2026-01-31 06:06:31,true,35.7490099,139.696778,70.8,16.1727488,316.0,,0.0,1.5019349438352803E7,,8462699,in_vehicle,,39.0493405826572,true,38
73412,1,osmand,2026-01-31 06:06:40,2026-01-31 06:06:39,2026-01-31 06:06:39,true,35.7494888,139.6961747,70.8,20.1576208,315.0,,0.0,1.5019425680421596E7,,8462774,in_vehicle,,76.24206879298586,true,38
73413,1,osmand,2026-01-31 06:06:47,2026-01-31 06:06:46,2026-01-31 06:06:46,true,35.7499657,139.6955542,70.8,20.5269504,312.0,,0.0,1.5019502887517417E7,,8462852,in_vehicle,,77.2070958198621,true,38
73414,1,osmand,2026-01-31 06:06:54,2026-01-31 06:06:53,2026-01-31 06:06:53,true,35.7504335,139.6949031,70.8,22.0820224,306.0,,0.0,1.501958144932806E7,,8462930,in_vehicle,,78.56181064334127,true,38
73415,1,osmand,2026-01-31 06:07:01,2026-01-31 06:07:00,2026-01-31 06:07:00,true,35.750915,139.6941899,70.8,23.0150656,311.0,,0.0,1.501966526210261E7,,8463013,in_vehicle,,83.81277455024589,true,38
73416,1,osmand,2026-01-31 06:07:08,2026-01-31 06:07:07,2026-01-31 06:07:07,true,35.7514302,139.6935186,70.8,23.3455184,310.0,,0.0,1.5019748732408946E7,,8463096,in_vehicle,,83.47030633692236,true,38
73417,1,osmand,2026-01-31 06:07:15,2026-01-31 06:07:14,2026-01-31 06:07:14,true,35.751903,139.6928013,70.8,23.3843952,306.0,,0.0,1.5019832215716869E7,,8463180,in_vehicle,,83.48330792218292,true,38
73418,1,osmand,2026-01-31 06:07:28,2026-01-31 06:07:21,2026-01-31 06:07:21,true,35.7523929,139.692092,70.8,24.239684800000003,311.0,,0.0,1.501991636002686E7,,8463264,in_vehicle,,84.14430999248026,true,38
73419,1,osmand,2026-01-31 06:07:28,2026-01-31 06:07:27,2026-01-31 06:07:27,true,35.7528385,139.6914656,70.8,24.0453008,309.0,,0.0,1.5019991612527175E7,,8463338,in_vehicle,,75.25250031415261,true,38
73420,1,osmand,2026-01-31 06:07:34,2026-01-31 06:07:33,2026-01-31 06:07:33,true,35.7533164,139.6907331,70.8,29.429737600000003,309.0,,0.0,1.5020076519829817E7,,8463423,in_vehicle,,84.90730264258151,true,38
73421,1,osmand,2026-01-31 06:07:39,2026-01-31 06:07:38,2026-01-31 06:07:38,true,35.7537634,139.6900487,70.8,29.8573824,309.0,,0.0,1.5020155884968396E7,,8463502,in_vehicle,,79.36513857844261,true,38
73422,1,osmand,2026-01-31 06:07:45,2026-01-31 06:07:44,2026-01-31 06:07:44,true,35.7542907,139.6892955,70.8,30.3044656,308.0,,0.0,1.502024574867013E7,,8463591,in_vehicle,,89.86370173206453,true,38
73423,1,osmand,2026-01-31 06:07:50,2026-01-31 06:07:49,2026-01-31 06:07:49,true,35.7547218,139.6886239,70.8,27.0971296,307.0,,0.0,1.502032310541928E7,,8463669,in_vehicle,,77.3567491502729,true,38
73424,1,osmand,2026-01-31 06:07:57,2026-01-31 06:07:56,2026-01-31 06:07:56,true,35.7552098,139.6879081,59.25,24.103616000000002,308.0,,0.0,1.5020407559823308E7,,8463754,in_vehicle,,84.45440402899231,true,38
73425,1,osmand,2026-01-31 06:08:05,2026-01-31 06:07:57,2026-01-31 06:07:57,true,35.7552788,139.6878193,59.53,24.900590400000002,310.0,,0.0,1.5020418666183427E7,,8463765,in_vehicle,,11.10636011965944,true,38
73426,1,osmand,2026-01-31 06:08:05,2026-01-31 06:08:04,2026-01-31 06:08:04,true,35.7556454,139.6872081,62.12,12.615521600000001,305.0,,0.0,1.5020487325274346E7,,8463826,in_vehicle,,68.65909092019578,true,38
73427,1,osmand,2026-01-31 06:09:03,2026-01-31 06:08:56,2026-01-31 06:08:56,true,35.7558293,139.6869156,69.0,14.7343072,305.0,,0.0,1.5020520751332734E7,,8463866,in_vehicle,,33.426058387316914,true,38
73428,1,osmand,2026-01-31 06:09:03,2026-01-31 06:09:02,2026-01-31 06:09:02,true,35.7560853,139.6864677,69.0,16.619832000000002,304.0,,0.0,1.5020570241750728E7,,8463914,in_vehicle,,49.490417995173466,true,38
73429,1,osmand,2026-01-31 06:09:12,2026-01-31 06:09:11,2026-01-31 06:09:11,true,35.7564607,139.6857225,69.0,17.49456,306.0,,0.0,1.5020649476858726E7,,8463994,in_vehicle,,79.23510799668976,true,38
73430,1,osmand,2026-01-31 06:09:21,2026-01-31 06:09:20,2026-01-31 06:09:20,true,35.756887,139.6849707,69.0,18.6025488,304.0,,0.0,1.5020732328904167E7,,8464077,in_vehicle,,82.85204544150996,true,38
73431,1,osmand,2026-01-31 06:09:29,2026-01-31 06:09:28,2026-01-31 06:09:28,true,35.7573207,139.6843057,69.0,19.827168,304.0,,0.0,1.5020809398356497E7,,8464154,in_vehicle,,77.06945233118088,true,38
73432,1,osmand,2026-01-31 06:09:37,2026-01-31 06:09:36,2026-01-31 06:09:36,true,35.7577496,139.6835782,69.0,17.98052,305.0,,0.0,1.502089062994109E7,,8464235,in_vehicle,,81.23158459222122,true,38
73433,1,osmand,2026-01-31 06:09:48,2026-01-31 06:09:47,2026-01-31 06:09:47,true,35.7581695,139.6829235,69.0,7.0561392,313.0,,0.0,1.5020966013792535E7,,8464304,in_vehicle,,75.38385144621019,true,38
73434,1,osmand,2026-01-31 06:10:24,2026-01-31 06:10:23,2026-01-31 06:10:23,true,35.7585128,139.6821928,70.6,16.4060096,298.0,,0.0,1.5021042285961753E7,,8464386,in_vehicle,,76.27216921803446,true,38
73435,1,osmand,2026-01-31 06:10:32,2026-01-31 06:10:31,2026-01-31 06:10:31,true,35.7588706,139.6814799,70.6,17.7666976,303.0,,0.0,1.5021118007131593E7,,8464463,in_vehicle,,75.7211698405331,true,38
73436,1,osmand,2026-01-31 06:10:39,2026-01-31 06:10:38,2026-01-31 06:10:38,true,35.7592349,139.6807453,70.6,25.561496,302.0,,0.0,1.5021195776914949E7,,8464541,in_vehicle,,77.76978335549522,true,38
73437,1,osmand,2026-01-31 06:10:46,2026-01-31 06:10:45,2026-01-31 06:10:45,true,35.7596039,139.6799944,70.6,19.1079472,291.0,,0.0,1.5021275076308623E7,,8464621,in_vehicle,,79.29939367342882,true,38
73438,1,osmand,2026-01-31 06:10:56,2026-01-31 06:10:55,2026-01-31 06:10:55,true,35.759827,139.6792031,70.6,13.6846336,284.0,,0.0,1.502135074833275E7,,8464697,in_vehicle,,75.6720241273682,true,38
73439,1,osmand,2026-01-31 06:11:06,2026-01-31 06:11:05,2026-01-31 06:11:05,true,35.7600938,139.6784209,70.6,18.1360272,288.0,,0.0,1.5021427394783309E7,,8464773,in_vehicle,,76.64645055854615,true,38
73440,1,osmand,2026-01-31 06:12:07,2026-01-31 06:12:06,2026-01-31 06:12:06,true,35.7603344,139.6775501,69.8,27.505336,287.0,,0.0,1.5021510490989454E7,,8464857,in_vehicle,,83.09620614477195,true,38
73441,1,osmand,2026-01-31 06:12:13,2026-01-31 06:12:12,2026-01-31 06:12:12,true,35.7605639,139.6767038,69.8,23.7926016,287.0,,0.0,1.502159109497018E7,,8464938,in_vehicle,,80.60398072470905,true,38
73442,1,osmand,2026-01-31 06:12:20,2026-01-31 06:12:19,2026-01-31 06:12:19,true,35.7608747,139.6758436,69.8,22.937312000000002,286.0,,0.0,1.5021676152911495E7,,8465024,in_vehicle,,85.05794131555957,true,38
73443,1,osmand,2026-01-31 06:12:27,2026-01-31 06:12:21,2026-01-31 06:12:21,true,35.7609425,139.675598,69.8,21.9848304,287.0,,0.0,1.5021699587035377E7,,8465048,in_vehicle,,23.434123881014603,true,38
73444,1,osmand,2026-01-31 06:12:27,2026-01-31 06:12:26,2026-01-31 06:12:26,true,35.7611342,139.675017,69.8,21.2461712,295.0,,0.0,1.5021756242264502E7,,8465105,in_vehicle,,56.65522912470739,true,38
73445,1,osmand,2026-01-31 06:12:36,2026-01-31 06:12:35,2026-01-31 06:12:35,true,35.7613408,139.674178,69.8,10.8271888,285.0,,0.0,1.5021835442920165E7,,8465179,in_vehicle,,79.20065566246335,true,38
73446,1,osmand,2026-01-31 06:12:48,2026-01-31 06:12:47,2026-01-31 06:12:47,true,35.7615496,139.6733851,68.6,18.6025488,288.0,,0.0,1.5021910743519863E7,,8465259,in_vehicle,,75.30059969847885,true,38
73447,1,osmand,2026-01-31 06:13:06,2026-01-31 06:13:05,2026-01-31 06:13:05,true,35.7617549,139.6725691,75.4,9.23324,290.0,,0.0,1.5021987915090937E7,,8465331,in_vehicle,,77.17157107476156,true,37
73448,1,osmand,2026-01-31 06:13:50,2026-01-31 06:13:49,2026-01-31 06:13:49,true,35.7619794,139.6716864,70.1,17.688944,288.0,,0.0,1.5022071474609131E7,,8465420,in_vehicle,,83.55951819473388,true,37
73449,1,osmand,2026-01-31 06:13:57,2026-01-31 06:13:56,2026-01-31 06:13:56,true,35.7622088,139.6709013,70.1,14.7537456,290.0,,0.0,1.5022146850516288E7,,8465496,in_vehicle,,75.37590715653263,true,37
73450,1,osmand,2026-01-31 06:14:08,2026-01-31 06:14:07,2026-01-31 06:14:07,true,35.7624216,139.6700861,70.1,20.021552,284.0,,0.0,1.5022224204063702E7,,8465575,in_vehicle,,77.3535474153747,true,37
73451,1,osmand,2026-01-31 06:14:15,2026-01-31 06:14:14,2026-01-31 06:14:14,true,35.7626544,139.6692502,70.1,20.2742512,286.0,,0.0,1.5022304034202581E7,,8465656,in_vehicle,,79.83013887840342,true,37
73452,1,osmand,2026-01-31 06:14:24,2026-01-31 06:14:23,2026-01-31 06:14:23,true,35.7628893,139.6684243,70.1,15.3174592,294.0,,0.0,1.5022383087320222E7,,8465736,in_vehicle,,79.053117640898,true,37
73453,1,osmand,2026-01-31 06:14:36,2026-01-31 06:14:35,2026-01-31 06:14:35,true,35.7631646,139.6676648,70.1,13.898456000000001,284.0,,0.0,1.5022458226152448E7,,8465804,in_vehicle,,75.1388322260455,true,37
73454,1,osmand,2026-01-31 06:14:46,2026-01-31 06:14:45,2026-01-31 06:14:45,true,35.7633238,139.6668304,70.1,17.6306288,286.0,,0.0,1.5022535652131094E7,,8465889,in_vehicle,,77.42597864494304,true,37
73455,1,osmand,2026-01-31 06:14:55,2026-01-31 06:14:54,2026-01-31 06:14:54,true,35.7635567,139.6660016,70.1,11.779670399999999,291.0,,0.0,1.5022614878776077E7,,8465968,in_vehicle,,79.2266449829414,true,37
73456,1,osmand,2026-01-31 06:20:46,2026-01-31 06:20:45,2026-01-31 06:20:45,true,35.7636391,139.665571,70.1,1.3801264,190.0,,0.0,1.5022654841224141E7,,8466011,in_vehicle,,39.96244806450512,true,36
73457,1,osmand,2026-01-31 06:21:19,2026-01-31 06:21:08,2026-01-31 06:21:08,true,35.7631872,139.6652136,70.4,4.276448,205.0,,0.0,1.5022714614509212E7,,8466072,in_vehicle,,59.773285069807365,true,36
73458,1,osmand,2026-01-31 06:21:19,2026-01-31 06:21:18,2026-01-31 06:21:18,true,35.7633155,139.6648398,71.5,2.2159776,7.0,,0.0,1.502275127588743E7,,8466099,in_vehicle,,36.661378218208746,true,36
73459,1,osmand,2026-01-31 06:26:19,2026-01-31 06:26:18,2026-01-31 06:26:18,true,35.7636988,139.6654419,70.4,0.0,0.0,,0.0,1.50228204029952E7,,8466184,still,,69.12710777073438,true,36
73460,1,osmand,2026-01-31 06:30:10,2026-01-31 06:30:08,2026-01-31 06:30:08,true,35.7637165,139.6654712,70.4,2.2937312,54.81,,0.0,1.5022823702527532E7,motionchange,8466184,still,,3.2995323315031557,false,35
73461,1,osmand,2026-01-31 06:35:11,2026-01-31 06:35:10,2026-01-31 06:35:10,true,35.7637028,139.6654086,70.2,0.0,0.0,,0.0,1.502282955914011E7,motionchange,8466236,still,,5.856612577212649,false,34
73462,1,osmand,2026-01-31 06:40:16,2026-01-31 06:40:14,2026-01-31 06:40:14,true,35.763701,139.6650828,73.1,0.097192,0.0,,0.0,1.5022858988830075E7,,8466304,walking,,29.429689964041238,true,34
73463,1,osmand,2026-01-31 06:45:17,2026-01-31 06:45:16,2026-01-31 06:45:16,true,35.7637018,139.665115,73.1,0.0,0.0,,16.2,1.502286189876911E7,,8466304,walking,,2.909939034918156,true,33
73464,1,osmand,2026-01-31 06:50:17,2026-01-31 06:50:16,2026-01-31 06:50:16,true,35.7637357,139.6648962,75.3,1.5161952,201.69,,0.0,1.5022882019683622E7,,8466392,walking,,20.12091451086622,true,33
73465,1,osmand,2026-01-31 06:55:17,2026-01-31 06:55:16,2026-01-31 06:55:16,true,35.763731,139.6643416,70.9,0.0,0.0,,0.0,1.5022932118552227E7,,8466503,still,,50.098868604949395,true,31
73466,1,osmand,2026-01-31 06:56:48,2026-01-31 06:56:46,2026-01-31 06:56:46,true,35.7634798,139.6640691,78.1,0.0,0.0,,0.0,1.502296937214315E7,motionchange,8466535,still,,37.25359092313226,false,31
73467,1,osmand,2026-01-31 06:57:23,2026-01-31 06:57:22,2026-01-31 06:57:22,true,35.7630781,139.6633845,69.7,3.8099264,211.65,,0.0,1.5023045685301846E7,,8466616,still,,76.3131586958837,true,31
73468,1,osmand,2026-01-31 06:57:36,2026-01-31 06:57:35,2026-01-31 06:57:35,true,35.7623981,139.6630901,69.7,10.010776,199.71,,0.0,1.5023125917856123E7,,8466686,still,,80.23255427699725,true,31
73469,1,osmand,2026-01-31 06:57:55,2026-01-31 06:57:54,2026-01-31 06:57:54,true,35.7617982,139.6635676,70.5,12.3628224,118.0,,0.0,1.50232054167465E7,,8466793,still,,79.49889037726246,true,31
73470,1,osmand,2026-01-31 06:58:06,2026-01-31 06:58:05,2026-01-31 06:58:05,true,35.7614019,139.6643194,70.5,12.3628224,124.0,,0.0,1.5023286398718605E7,,8466875,still,,80.98197210470988,true,31
73471,1,osmand,2026-01-31 06:58:47,2026-01-31 06:58:46,2026-01-31 06:58:46,true,35.7609493,139.6650448,72.9,12.4600144,123.0,,0.0,1.5023369055646222E7,,8466960,still,,82.65692761712572,true,31
73472,1,osmand,2026-01-31 06:58:57,2026-01-31 06:58:56,2026-01-31 06:58:56,true,35.7605839,139.6657678,73.2,12.829343999999999,122.0,,0.0,1.5023445996717706E7,,8467037,in_vehicle,,76.94107148481943,true,31
73473,1,osmand,2026-01-31 06:59:09,2026-01-31 06:59:08,2026-01-31 06:59:08,true,35.7601927,139.6664561,73.2,9.0777328,122.0,,0.0,1.502352190624947E7,,8467113,in_vehicle,,75.9095317621559,true,31
73474,1,osmand,2026-01-31 06:59:35,2026-01-31 06:59:34,2026-01-31 06:59:34,true,35.7595244,139.6667153,68.0,5.812081600000001,176.0,,0.0,1.5023599898661802E7,,8467191,in_vehicle,,77.99241233211362,true,31
73475,1,osmand,2026-01-31 06:59:56,2026-01-31 06:59:55,2026-01-31 06:59:55,true,35.7588184,139.6666792,67.1,9.252678399999999,174.0,,0.0,1.5023678557849318E7,,8467269,in_vehicle,,78.6591875159335,true,31
73476,1,osmand,2026-01-31 07:00:13,2026-01-31 07:00:12,2026-01-31 07:00:12,true,35.7581428,139.6668142,67.2,5.0928608,167.0,,0.0,1.5023754747623473E7,,8467343,in_vehicle,,76.18977415571904,true,31
73477,1,osmand,2026-01-31 07:00:55,2026-01-31 07:00:54,2026-01-31 07:00:54,true,35.7574896,139.6665987,68.8,10.9438192,226.0,,0.0,1.5023830022338139E7,,8467437,in_vehicle,,75.27471466497386,true,31
73478,1,osmand,2026-01-31 07:01:42,2026-01-31 07:01:41,2026-01-31 07:01:41,true,35.7567935,139.6665833,71.2,6.5896176,138.0,,0.0,1.5023907524322571E7,,8467541,in_vehicle,,77.50198443191445,true,30
73479,1,osmand,2026-01-31 07:02:05,2026-01-31 07:02:04,2026-01-31 07:02:04,true,35.7563765,139.6672597,72.5,6.784001600000001,75.0,,0.0,1.502398426082463E7,,8467627,in_vehicle,,76.73650205917153,true,30
73480,1,osmand,2026-01-31 07:02:20,2026-01-31 07:02:19,2026-01-31 07:02:19,true,35.7563745,139.6681059,69.2,6.609056,84.0,,0.0,1.5024060704119228E7,,8467706,in_vehicle,,76.44329459757385,true,30
73481,1,osmand,2026-01-31 07:02:37,2026-01-31 07:02:36,2026-01-31 07:02:36,true,35.7565275,139.6689716,66.7,9.6608848,72.0,,0.0,1.5024140741754467E7,,8467791,in_vehicle,,80.0376352391721,true,30
73482,1,osmand,2026-01-31 07:03:09,2026-01-31 07:03:08,2026-01-31 07:03:08,true,35.7565861,139.6698093,66.8,2.6824991999999996,110.0,,0.0,1.5024216697330879E7,,8467868,in_vehicle,,75.95557641230927,true,30
73483,1,osmand,2026-01-31 07:03:25,2026-01-31 07:03:24,2026-01-31 07:03:24,true,35.7558637,139.6698297,68.9,8.144689600000001,180.0,,0.0,1.5024297135644278E7,,8467949,in_vehicle,,80.43831339935005,true,30
73484,1,osmand,2026-01-31 07:03:44,2026-01-31 07:03:43,2026-01-31 07:03:43,true,35.7551898,139.6699965,72.0,6.6479327999999995,173.0,,0.0,1.502437365221582E7,,8468026,in_vehicle,,76.51657154201399,true,30
73485,1,osmand,2026-01-31 07:03:59,2026-01-31 07:03:58,2026-01-31 07:03:58,true,35.7545042,139.6702858,72.2,10.496736,160.0,,0.0,1.5024454323617173E7,,8468099,in_vehicle,,80.67140135355754,true,30
73486,1,osmand,2026-01-31 07:04:12,2026-01-31 07:04:11,2026-01-31 07:04:11,true,35.7538393,139.6704958,71.9,7.2310848000000005,168.0,,0.0,1.5024530732551185E7,,8468182,in_vehicle,,76.40893401249184,true,30
73487,1,osmand,2026-01-31 07:04:33,2026-01-31 07:04:32,2026-01-31 07:04:32,true,35.7531446,139.6706956,70.2,7.7947983999999995,166.0,,0.0,1.5024610144727733E7,,8468257,in_vehicle,,79.41217654699169,true,30
73488,1,osmand,2026-01-31 07:04:51,2026-01-31 07:04:50,2026-01-31 07:04:50,true,35.7524227,139.6706931,70.5,10.3801056,189.0,,0.0,1.5024690506585509E7,,8468344,in_vehicle,,80.36185777631131,true,30
73489,1,osmand,2026-01-31 07:05:05,2026-01-31 07:05:04,2026-01-31 07:05:04,true,35.7517476,139.6706671,65.7,9.816392,180.0,,0.0,1.5024765695072154E7,,8468421,in_vehicle,,75.18848664431444,true,30
73490,1,osmand,2026-01-31 07:05:19,2026-01-31 07:05:18,2026-01-31 07:05:18,true,35.7510531,139.6705335,70.9,5.4233136,225.0,,0.0,1.5024843942942651E7,,8468492,in_vehicle,,78.24787049661805,true,30
73491,1,osmand,2026-01-31 07:05:36,2026-01-31 07:05:35,2026-01-31 07:05:35,true,35.7503385,139.6706301,65.1,6.80344,172.0,,0.0,1.50249239691384E7,,8468574,in_vehicle,,80.02619574900451,true,30
73492,1,osmand,2026-01-31 07:05:49,2026-01-31 07:05:48,2026-01-31 07:05:48,true,35.7496489,139.6707776,65.8,7.9114288,170.0,,0.0,1.5025001883078028E7,,8468652,in_vehicle,,77.91393962740885,true,30
73493,1,osmand,2026-01-31 07:06:07,2026-01-31 07:06:06,2026-01-31 07:06:06,true,35.7489437,139.6708345,66.0,5.5205056,187.0,,0.0,1.5025080553715767E7,,8468727,in_vehicle,,78.67063773962292,true,30
73494,1,osmand,2026-01-31 07:06:21,2026-01-31 07:06:20,2026-01-31 07:06:20,true,35.748494,139.6701737,69.7,8.3196352,244.0,,0.0,1.5025158464974977E7,,8468805,in_vehicle,,77.91125920918627,true,30
73495,1,osmand,2026-01-31 07:07:08,2026-01-31 07:07:07,2026-01-31 07:07:07,true,35.7481156,139.6694468,66.8,10.088529600000001,239.0,,0.0,1.5025236485762166E7,,8468893,in_vehicle,,78.0207871885664,true,30
73496,1,osmand,2026-01-31 07:07:23,2026-01-31 07:07:22,2026-01-31 07:07:22,true,35.7479253,139.6686062,66.6,13.412496,259.0,,0.0,1.5025315330024965E7,,8468972,in_vehicle,,78.84426279933473,true,30
73497,1,osmand,2026-01-31 07:07:33,2026-01-31 07:07:32,2026-01-31 07:07:32,true,35.7478067,139.6677575,67.4,13.8790176,256.0,,0.0,1.5025393135357361E7,,8469051,in_vehicle,,77.80533239598532,true,30
73498,1,osmand,2026-01-31 07:07:47,2026-01-31 07:07:46,2026-01-31 07:07:46,true,35.747516,139.6669846,69.1,6.1814112,239.0,,0.0,1.5025470098247841E7,,8469126,in_vehicle,,76.96289048001503,true,30
73499,1,osmand,2026-01-31 07:09:13,2026-01-31 07:09:12,2026-01-31 07:09:12,true,35.7480993,139.6665045,70.5,8.1835664,355.0,,0.0,1.5025548185834669E7,,8469243,in_vehicle,,78.08758682796841,true,28
73500,1,osmand,2026-01-31 07:09:27,2026-01-31 07:09:26,2026-01-31 07:09:26,true,35.7487877,139.6665153,69.1,8.708403200000001,0.0,,0.0,1.502562482438373E7,,8469315,in_vehicle,,76.63854906222412,true,28
73501,1,osmand,2026-01-31 07:10:43,2026-01-31 07:10:42,2026-01-31 07:10:42,true,35.7494356,139.6662221,67.4,10.3801056,294.0,,0.0,1.5025701658829926E7,,8469406,in_vehicle,,76.83444619580476,true,28
73502,1,osmand,2026-01-31 07:12:02,2026-01-31 07:11:59,2026-01-31 07:11:59,true,35.7494915,139.6653648,66.9,3.0907056,270.91,,0.0,1.502577936084066E7,,8469484,walking,,77.70201073369303,true,28
73503,1,osmand,2026-01-31 07:17:03,2026-01-31 07:17:01,2026-01-31 07:17:01,true,35.7497626,139.6649065,54.3,13.9178944,301.41,,0.0,1.5025830596730486E7,,8469484,still,,51.235889826626256,true,28
73504,1,osmand,2026-01-31 07:21:26,2026-01-31 07:21:24,2026-01-31 07:21:24,true,35.7494894,139.6654578,54.3,0.0,0.0,,0.0,1.5025888954633027E7,motionchange,8469484,still,,58.35790254196792,false,28
73505,1,osmand,2026-01-31 07:24:09,2026-01-31 07:24:07,2026-01-31 07:24:07,true,35.7438664,139.6785355,54.3,0.0,0.0,,100.0,1.5027226060492279E7,,8469484,in_vehicle,,1337.1058592508844,true,28
73506,1,osmand,2026-01-31 07:24:37,2026-01-31 07:24:32,2026-01-31 07:24:32,true,35.7427592,139.6807685,54.3,0.0,0.0,,100.0,1.5027462484708956E7,,8469484,in_vehicle,,236.4242166759039,true,28
73507,1,osmand,2026-01-31 07:27:05,2026-01-31 07:27:03,2026-01-31 07:27:03,true,35.7382011,139.6893825,54.3,0.0,0.0,,100.0,1.5028391589918345E7,,8469484,in_vehicle,,929.1052093893101,true,27
73508,1,osmand,2026-01-31 07:28:46,2026-01-31 07:28:44,2026-01-31 07:28:44,true,35.7333246,139.698636,54.3,0.0,0.0,,100.0,1.5029388499457583E7,,8469484,in_vehicle,,996.9095392373118,true,27
73509,1,osmand,2026-01-31 07:30:54,2026-01-31 07:30:51,2026-01-31 07:30:51,true,35.7295749,139.7098273,66.5,0.0,0.0,,142.5,1.5030482559622066E7,,8469484,in_vehicle,,1094.0601644831368,true,27
73510,1,osmand,2026-01-31 07:31:46,2026-01-31 07:31:41,2026-01-31 07:31:41,true,35.7291439,139.7112613,61.2,0.0,0.0,,135.6,1.5030620743259378E7,,8469484,in_vehicle,,138.18363731195106,true,27
73511,1,osmand,2026-01-31 07:32:13,2026-01-31 07:32:11,2026-01-31 07:32:11,true,35.7294722,139.7104443,61.2,0.0,0.0,,100.0,1.5030703123642432E7,,8469484,in_vehicle,,82.38038305317829,true,27
73512,1,osmand,2026-01-31 07:33:22,2026-01-31 07:33:20,2026-01-31 07:33:20,true,35.7267868,139.7187434,61.2,0.0,0.0,,100.0,1.5031510485629732E7,,8469484,in_vehicle,,807.3619873000009,true,27
73513,1,osmand,2026-01-31 07:33:47,2026-01-31 07:33:45,2026-01-31 07:33:45,true,35.7254514,139.719701,61.2,0.0,0.0,,700.0,1.503168249633519E7,,8469484,in_vehicle,,172.01070545870107,true,27
73514,1,osmand,2026-01-31 07:35:28,2026-01-31 07:35:26,2026-01-31 07:35:26,true,35.7186221,139.7276822,61.2,0.0,0.0,,100.0,1.503273046558215E7,,8469484,in_vehicle,,1047.9692469599722,true,26
73515,1,osmand,2026-01-31 07:38:03,2026-01-31 07:37:57,2026-01-31 07:37:57,true,35.7096179,139.73311,61.2,0.0,0.0,,100.0,1.5033846427095061E7,,8469484,in_vehicle,,1115.9615129125723,true,26
73516,1,osmand,2026-01-31 07:40:44,2026-01-31 07:40:37,2026-01-31 07:40:37,true,35.7009125,139.7430972,28.6,0.0,0.0,,98.4,1.5035170869645007E7,,8469484,in_vehicle,,1324.4425499449771,true,25
73517,1,osmand,2026-01-31 07:44:54,2026-01-31 07:44:47,2026-01-31 07:44:47,true,35.6923849,139.7366223,28.6,0.0,0.0,,100.0,1.5036286124997562E7,,8469484,in_vehicle,,1115.2553525556318,true,25
73518,1,osmand,2026-01-31 07:45:41,2026-01-31 07:45:37,2026-01-31 07:45:37,true,35.6893023,139.7410929,28.6,0.0,0.0,,1600.0,1.5036816337575803E7,,8469484,in_vehicle,,530.2125782400939,true,25
73519,1,osmand,2026-01-31 07:46:29,2026-01-31 07:46:27,2026-01-31 07:46:27,true,35.6856036,139.7404542,28.6,0.0,0.0,,1100.0,1.5037232104964726E7,,8469484,in_vehicle,,415.76738892252484,true,25
73520,1,osmand,2026-01-31 07:47:19,2026-01-31 07:47:17,2026-01-31 07:47:17,true,35.6841635,139.7375803,28.6,0.0,0.0,,100.0,1.5037537428864766E7,,8469484,in_vehicle,,305.32390004057385,true,25
73521,1,osmand,2026-01-31 07:47:45,2026-01-31 07:47:42,2026-01-31 07:47:42,true,35.6835451,139.74748,28.6,0.0,0.0,,1700.0,1.503843519329262E7,,8469484,in_vehicle,,897.7644278537027,true,25
73522,1,osmand,2026-01-31 07:48:10,2026-01-31 07:48:08,2026-01-31 07:48:08,true,35.6794616,139.7458832,28.6,0.0,0.0,,1500.0,1.503891214598537E7,,8469484,in_vehicle,,476.95269275167186,true,25
73523,1,osmand,2026-01-31 07:48:35,2026-01-31 07:48:33,2026-01-31 07:48:33,true,35.6805118,139.7449251,28.6,0.0,0.0,,2300.0,1.5039057655376643E7,,8469484,in_vehicle,,145.5093912727875,true,25
73524,1,osmand,2026-01-31 07:49:00,2026-01-31 07:48:58,2026-01-31 07:48:58,true,35.6787182,139.7404542,28.6,0.0,0.0,,100.0,1.5039508548020212E7,,8469484,in_vehicle,,450.8926435697675,true,25
73525,1,osmand,2026-01-31 07:50:15,2026-01-31 07:50:13,2026-01-31 07:50:13,true,35.6772739,139.7525902,28.6,0.0,0.0,,100.0,1.504061766904637E7,,8469484,in_vehicle,,1109.121026158625,true,24
73526,1,osmand,2026-01-31 07:53:34,2026-01-31 07:53:32,2026-01-31 07:53:32,true,35.6740795,139.768243,28.6,0.0,0.0,,100.0,1.5042077109448183E7,,8469484,in_vehicle,,1459.4404018120915,true,24
73527,1,osmand,2026-01-31 07:54:49,2026-01-31 07:54:47,2026-01-31 07:54:47,true,35.670198,139.7743135,28.6,0.0,0.0,,100.0,1.5042775726734314E7,,8469484,in_vehicle,,698.6172861313489,true,24
73528,1,osmand,2026-01-31 07:57:30,2026-01-31 07:57:25,2026-01-31 07:57:25,true,35.6642743,139.7850029,29.8,0.0,0.0,,68.4,1.504394593996848E7,,8469484,walking,,1170.2132341661336,true,23
73529,1,osmand,2026-01-31 07:58:22,2026-01-31 07:58:21,2026-01-31 07:58:21,true,35.6640156,139.7842271,29.3,2.8963216,233.21,,0.0,1.504402178447315E7,,8483930,walking,,75.84450466885046,true,23
73530,1,osmand,2026-01-31 08:00:53,2026-01-31 08:00:51,2026-01-31 08:00:51,true,35.6633223,139.7834423,29.4,8.8833488,222.61,,0.0,1.5044126638674026E7,,8484051,walking,,104.85420087726473,true,23
73531,1,osmand,2026-01-31 08:01:56,2026-01-31 08:01:55,2026-01-31 08:01:55,true,35.6627779,139.7822395,39.8,12.9459744,245.35,,0.0,1.504425116448993E7,,8484176,walking,,124.52581590444962,true,23
73532,1,osmand,2026-01-31 08:02:47,2026-01-31 08:02:46,2026-01-31 08:02:46,true,35.6621167,139.7819985,39.9,4.2181328,213.27,,0.0,1.5044327928521175E7,,8484250,walking,,76.76403124493345,true,23
73533,1,osmand,2026-01-31 08:03:29,2026-01-31 08:03:28,2026-01-31 08:03:28,true,35.6618436,139.7812241,39.7,3.3628432,253.88,,0.0,1.5044404281647816E7,,8484357,walking,,76.3531266416938,true,23
73534,1,osmand,2026-01-31 08:04:22,2026-01-31 08:04:21,2026-01-31 08:04:21,true,35.6614616,139.780531,39.8,2.9546368,234.67,,0.0,1.5044480030820094E7,,8484484,walking,,75.74917227825323,true,22
73535,1,osmand,2026-01-31 08:05:11,2026-01-31 08:05:10,2026-01-31 08:05:10,true,35.661034,139.7798874,39.5,2.3714848,276.47,,0.0,1.504455522526334E7,,8484594,walking,,75.19444324583608,true,22
73536,1,osmand,2026-01-31 08:05:53,2026-01-31 08:05:52,2026-01-31 08:05:52,true,35.6604118,139.7795353,41.4,2.8574448,227.86,,0.0,1.5044631458551766E7,,8484683,walking,,76.23328842646335,true,22
73537,1,osmand,2026-01-31 08:06:32,2026-01-31 08:06:31,2026-01-31 08:06:31,true,35.6599502,139.7789241,41.5,2.4298,260.88,,0.0,1.50447069327862E7,,8484759,walking,,75.47423443415555,true,22
73538,1,osmand,2026-01-31 08:07:17,2026-01-31 08:07:16,2026-01-31 08:07:16,true,35.6596146,139.7782024,39.9,2.0604704000000003,249.4,,0.0,1.5044782142622324E7,,8484837,walking,,75.20983612284385,true,22
73539,1,osmand,2026-01-31 08:08:12,2026-01-31 08:08:11,2026-01-31 08:08:11,true,35.658934,139.778312,42.6,2.2159776,174.91,,0.0,1.5044858552423418E7,,8484925,walking,,76.40980109362323,true,22
73540,1,osmand,2026-01-31 08:09:33,2026-01-31 08:09:32,2026-01-31 08:09:32,true,35.6582807,139.7785768,39.7,4.7429696,219.62,,0.0,1.504493511975997E7,,8485012,still,,76.567336551554,true,21
73541,1,osmand,2026-01-31 08:10:35,2026-01-31 08:10:34,2026-01-31 08:10:34,true,35.6578493,139.7779212,39.8,1.6911408,250.87,,0.0,1.5045011424856424E7,,8485086,walking,,76.30509645557923,true,21
73542,1,osmand,2026-01-31 08:11:50,2026-01-31 08:11:49,2026-01-31 08:11:49,true,35.6572232,139.7775459,40.2,2.4881152,198.7,,0.0,1.5045088948943097E7,,8485184,walking,,77.52408667233307,true,21
73543,1,osmand,2026-01-31 08:16:51,2026-01-31 08:16:50,2026-01-31 08:16:50,true,35.6572961,139.7773329,39.9,2.5464304,303.66,,0.0,1.50451098540233E7,,8485236,walking,,20.905080203058308,true,21
73544,1,osmand,2026-01-31 08:17:30,2026-01-31 08:17:29,2026-01-31 08:17:29,true,35.6566632,139.7770193,40.6,0.1749456,0.0,,0.0,1.5045185803688772E7,,8485316,walking,,75.94966547223281,true,21
73545,1,osmand,2026-01-31 08:19:12,2026-01-31 08:19:11,2026-01-31 08:19:11,true,35.6562431,139.7762587,44.1,2.7991296,219.06,,0.0,1.5045268989799883E7,,8485412,walking,,83.1861111106322,true,20
73546,1,osmand,2026-01-31 08:24:15,2026-01-31 08:24:13,2026-01-31 08:24:13,true,35.6561902,139.7762676,74.9,1.360688,94.7,,0.0,1.5045274933369169E7,,8485412,still,true,5.943569285708467,true,20
73547,1,osmand,2026-01-31 08:28:14,2026-01-31 08:28:11,2026-01-31 08:28:11,true,35.6562046,139.7762506,74.9,0.0583152,0.0,,0.0,1.5045277154629504E7,motionchange,8485412,still,true,2.2212603354520235,false,24
73548,1,osmand,2026-01-31 08:33:14,2026-01-31 08:33:13,2026-01-31 08:33:13,true,35.6562041,139.776248,74.9,1.2829344,298.79,,0.0,1.5045277396297388E7,,8485412,still,true,0.24166788381535312,true,30
73549,1,osmand,2026-01-31 08:33:15,2026-01-31 08:33:13,2026-01-31 08:33:13,true,35.6562041,139.776248,74.9,1.2829344,298.79,,0.0,1.5045277396297388E7,motionchange,8485412,still,true,0.0,false,30
73550,1,osmand,2026-01-31 08:38:16,2026-01-31 08:38:11,2026-01-31 08:38:11,true,35.6562177,139.7763113,74.9,2.6047456,83.95,,0.0,1.504528331858224E7,motionchange,8485412,still,true,5.922284853059398,false,35
73551,1,osmand,2026-01-31 08:43:13,2026-01-31 08:43:12,2026-01-31 08:43:12,true,35.6562117,139.7762943,74.9,1.3995648,88.91,,0.0,1.5045284995036343E7,,8485412,still,true,1.676454102259721,true,41
73552,1,osmand,2026-01-31 08:43:16,2026-01-31 08:43:12,2026-01-31 08:43:12,true,35.6562117,139.7762943,74.9,1.3995648,88.91,,0.0,1.5045284995036343E7,motionchange,8485412,still,true,0.0,false,41
73553,1,osmand,2026-01-31 08:48:15,2026-01-31 08:45:36,2026-01-31 08:45:36,true,35.6562207,139.7762682,74.9,4.0043104000000005,265.71,,0.0,1.5045287559585623E7,,8485412,still,true,2.5645492807896306,true,44
73554,1,osmand,2026-01-31 08:48:15,2026-01-31 08:48:13,2026-01-31 08:48:13,true,35.6562292,139.7763583,74.9,1.8272096,72.86,,0.0,1.5045295763907067E7,,8485412,still,true,8.204321443420753,true,47
73555,1,osmand,2026-01-31 08:48:20,2026-01-31 08:48:13,2026-01-31 08:48:13,true,35.6562292,139.7763583,74.9,1.8272096,72.86,,0.0,1.5045295763907067E7,motionchange,8485412,still,true,0.0,false,47
73556,1,osmand,2026-01-31 08:53:16,2026-01-31 08:53:15,2026-01-31 08:53:15,true,35.6562136,139.776322,74.9,1.2440576,226.35,,0.0,1.504529947821618E7,,8485412,still,true,3.7143091139085853,true,52
73557,1,osmand,2026-01-31 08:53:21,2026-01-31 08:53:15,2026-01-31 08:53:15,true,35.6562136,139.776322,74.9,1.2440576,226.35,,0.0,1.504529947821618E7,motionchange,8485412,still,true,0.0,false,52
73558,1,osmand,2026-01-31 08:58:17,2026-01-31 08:58:16,2026-01-31 08:58:16,true,35.656226,139.776328,74.9,0.388768,61.37,,0.0,1.5045300961430209E7,,8485412,still,true,1.483214027577723,true,57
73559,1,osmand,2026-01-31 08:58:22,2026-01-31 08:58:16,2026-01-31 08:58:16,true,35.656226,139.776328,74.9,0.388768,61.37,,0.0,1.5045300961430209E7,motionchange,8485412,still,true,0.0,false,57
73560,1,osmand,2026-01-31 09:03:18,2026-01-31 09:03:17,2026-01-31 09:03:17,true,35.6561974,139.7762044,74.9,0.5637135999999999,244.66,,0.0,1.5045312585587682E7,,8485428,still,true,11.624157473134977,true,63
73561,1,osmand,2026-01-31 09:03:23,2026-01-31 09:03:17,2026-01-31 09:03:17,true,35.6561974,139.7762044,74.9,0.5637135999999999,244.66,,0.0,1.5045312585587682E7,motionchange,8485428,still,true,0.0,false,63
73562,1,osmand,2026-01-31 09:08:19,2026-01-31 09:08:18,2026-01-31 09:08:18,true,35.6562131,139.7763221,74.9,0.1749456,0.0,,0.0,1.5045323374098301E7,,8485428,still,true,10.788510617828047,true,68
73563,1,osmand,2026-01-31 09:08:24,2026-01-31 09:08:18,2026-01-31 09:08:18,true,35.6562131,139.7763221,74.9,0.1749456,0.0,,0.0,1.5045323374098301E7,motionchange,8485428,still,true,0.0,false,68
73564,1,osmand,2026-01-31 09:13:20,2026-01-31 09:13:19,2026-01-31 09:13:19,true,35.6562252,139.7762547,74.9,4.6069008,263.98,,0.0,1.5045329617481345E7,,8485463,still,true,6.243383044747593,true,72
73565,1,osmand,2026-01-31 09:13:26,2026-01-31 09:13:19,2026-01-31 09:13:19,true,35.6562252,139.7762547,74.9,4.6069008,263.98,,0.0,1.5045329617481345E7,motionchange,8485463,still,true,0.0,false,72
73566,1,osmand,2026-01-31 09:18:21,2026-01-31 09:18:20,2026-01-31 09:18:20,true,35.656241,139.7764188,74.9,2.0215936,75.43,,0.0,1.504534456422512E7,,8485463,still,true,14.946743775830747,true,76
73567,1,osmand,2026-01-31 09:18:27,2026-01-31 09:18:20,2026-01-31 09:18:20,true,35.656241,139.7764188,74.9,2.0215936,75.43,,0.0,1.504534456422512E7,motionchange,8485463,still,true,0.0,false,76
73568,1,osmand,2026-01-31 09:23:23,2026-01-31 09:23:21,2026-01-31 09:23:21,true,35.6562399,139.7764416,74.9,1.1274271999999999,68.17,,0.0,1.504534663012442E7,,8485535,still,true,2.0658992996253556,true,79
73569,1,osmand,2026-01-31 09:23:28,2026-01-31 09:23:21,2026-01-31 09:23:21,true,35.6562399,139.7764416,74.9,1.1274271999999999,68.17,,0.0,1.504534663012442E7,motionchange,8485535,still,true,0.0,false,79
73570,1,osmand,2026-01-31 09:28:24,2026-01-31 09:28:22,2026-01-31 09:28:22,true,35.6562387,139.7764288,74.9,3.9848719999999997,72.34,,0.0,1.50453477955694E7,,8485613,still,true,1.165444978647494,true,82
73571,1,osmand,2026-01-31 09:28:29,2026-01-31 09:28:22,2026-01-31 09:28:22,true,35.6562387,139.7764288,74.9,3.9848719999999997,72.34,,0.0,1.50453477955694E7,motionchange,8485613,still,true,0.0,false,82
73572,1,osmand,2026-01-31 09:33:25,2026-01-31 09:33:24,2026-01-31 09:33:24,true,35.656224,139.7763473,74.9,1.0107968,104.36,,0.0,1.5045355346713152E7,,8485712,still,true,7.551143752410515,true,84
73573,1,osmand,2026-01-31 09:33:30,2026-01-31 09:33:24,2026-01-31 09:33:24,true,35.656224,139.7763473,74.9,1.0107968,104.36,,0.0,1.5045355346713152E7,motionchange,8485712,still,true,0.0,false,84
73574,1,osmand,2026-01-31 09:38:26,2026-01-31 09:38:25,2026-01-31 09:38:25,true,35.656231,139.7762843,74.9,0.9330432,76.53,,0.0,1.5045361098116111E7,,8485748,still,true,5.751402959982591,true,86
73575,1,osmand,2026-01-31 09:38:31,2026-01-31 09:38:25,2026-01-31 09:38:25,true,35.656231,139.7762843,74.9,0.9330432,76.53,,0.0,1.5045361098116111E7,motionchange,8485748,still,true,0.0,false,86
73576,1,osmand,2026-01-31 09:43:28,2026-01-31 09:43:26,2026-01-31 09:43:26,true,35.6562349,139.7764009,74.9,0.7580976,279.87,,0.0,1.5045371653555378E7,,8485748,still,true,10.555439266601924,true,88
73577,1,osmand,2026-01-31 09:43:33,2026-01-31 09:43:26,2026-01-31 09:43:26,true,35.6562349,139.7764009,74.9,0.7580976,279.87,,0.0,1.5045371653555378E7,motionchange,8485748,still,true,0.0,false,88
73578,1,osmand,2026-01-31 09:48:29,2026-01-31 09:48:27,2026-01-31 09:48:27,true,35.6562337,139.7763595,74.9,2.138224,58.79,,0.0,1.5045375400580458E7,,8485748,still,true,3.7470250796439473,true,90
73579,1,osmand,2026-01-31 09:48:34,2026-01-31 09:48:27,2026-01-31 09:48:27,true,35.6562337,139.7763595,74.9,2.138224,58.79,,0.0,1.5045375400580458E7,motionchange,8485748,still,true,0.0,false,90
73580,1,osmand,2026-01-31 09:53:30,2026-01-31 09:53:29,2026-01-31 09:53:29,true,35.6562389,139.7764117,74.9,0.3110144,29.39,,0.0,1.5045380157439077E7,,8485748,still,true,4.756858618619173,true,91
73581,1,osmand,2026-01-31 09:53:35,2026-01-31 09:53:29,2026-01-31 09:53:29,true,35.6562389,139.7764117,74.9,0.3110144,29.39,,0.0,1.5045380157439077E7,motionchange,8485748,still,true,0.0,false,91
73582,1,osmand,2026-01-31 09:58:31,2026-01-31 09:58:30,2026-01-31 09:58:30,true,35.6562291,139.7764116,74.9,0.7192208,87.47,,0.0,1.5045381248407584E7,,8485782,still,true,1.0909685059283973,true,92
73583,1,osmand,2026-01-31 09:58:37,2026-01-31 09:58:30,2026-01-31 09:58:30,true,35.6562291,139.7764116,74.9,0.7192208,87.47,,0.0,1.5045381248407584E7,motionchange,8485782,still,true,0.0,false,92
73584,1,osmand,2026-01-31 10:03:32,2026-01-31 09:58:36,2026-01-31 09:58:36,true,35.6562096,139.7762874,74.9,3.3628432,258.98,,0.0,1.5045392690142075E7,,8485782,still,true,11.441734491582363,true,92
73585,1,osmand,2026-01-31 10:03:32,2026-01-31 09:58:48,2026-01-31 09:58:48,true,35.65622,139.776307,74.9,1.2440576,85.89,,0.0,1.5045394807507478E7,,8485782,still,true,2.1173654023782755,true,92
73586,1,osmand,2026-01-31 10:03:32,2026-01-31 10:03:30,2026-01-31 10:03:30,true,35.6562244,139.776376,74.9,0.4276448,50.87,,0.0,1.5045401067771088E7,,8485853,still,true,6.26026360998818,true,93
73587,1,osmand,2026-01-31 10:03:37,2026-01-31 10:03:30,2026-01-31 10:03:30,true,35.6562244,139.776376,74.9,0.4276448,50.87,,0.0,1.5045401067771088E7,motionchange,8485853,still,true,0.0,false,93
73588,1,osmand,2026-01-31 10:08:33,2026-01-31 10:08:32,2026-01-31 10:08:32,true,35.6562215,139.7762994,74.9,0.291576,274.41,,0.0,1.5045408003783248E7,,8485853,still,true,6.936012160368569,true,94
73589,1,osmand,2026-01-31 10:08:38,2026-01-31 10:08:32,2026-01-31 10:08:32,true,35.6562215,139.7762994,74.9,0.291576,274.41,,0.0,1.5045408003783248E7,motionchange,8485853,still,true,0.0,false,94
73590,1,osmand,2026-01-31 10:13:34,2026-01-31 10:13:33,2026-01-31 10:13:33,true,35.65621,139.7762485,74.9,4.4902704,258.93,,0.0,1.5045412782375716E7,,8485853,still,true,4.778592467132903,true,95
73591,1,osmand,2026-01-31 10:13:39,2026-01-31 10:13:33,2026-01-31 10:13:33,true,35.65621,139.7762485,74.9,4.4902704,258.93,,0.0,1.5045412782375716E7,motionchange,8485853,still,true,0.0,false,95
73592,1,osmand,2026-01-31 10:18:36,2026-01-31 10:18:34,2026-01-31 10:18:34,true,35.6562329,139.7764147,74.9,1.7494560000000001,91.59,,0.0,1.5045428029832581E7,,8485906,still,true,15.247456865178634,true,96
73593,1,osmand,2026-01-31 10:18:41,2026-01-31 10:18:34,2026-01-31 10:18:34,true,35.6562329,139.7764147,74.9,1.7494560000000001,91.59,,0.0,1.5045428029832581E7,motionchange,8485906,still,true,0.0,false,96
73594,1,osmand,2026-01-31 10:23:37,2026-01-31 10:23:35,2026-01-31 10:23:35,true,35.6562442,139.7764229,74.9,0.4276448,341.93,,0.0,1.5045429490122296E7,,8485906,still,true,1.460289715502754,true,97
73595,1,osmand,2026-01-31 10:23:42,2026-01-31 10:23:35,2026-01-31 10:23:35,true,35.6562442,139.7764229,74.9,0.4276448,341.93,,0.0,1.5045429490122296E7,motionchange,8485906,still,true,0.0,false,97
73596,1,osmand,2026-01-31 10:28:38,2026-01-31 10:28:37,2026-01-31 10:28:37,true,35.6562149,139.7762373,74.9,5.248368,261.14,,0.0,1.5045446591621527E7,,8485906,still,true,17.101499230688372,true,97
73597,1,osmand,2026-01-31 10:28:43,2026-01-31 10:28:37,2026-01-31 10:28:37,true,35.6562149,139.7762373,74.9,5.248368,261.14,,0.0,1.5045446591621527E7,motionchange,8485906,still,true,0.0,false,97
73598,1,osmand,2026-01-31 10:33:40,2026-01-31 10:33:38,2026-01-31 10:33:38,true,35.6562126,139.7762492,74.9,2.6047456,260.79,,0.0,1.504544769801326E7,,8485906,still,true,1.106391731183562,true,98
73599,1,osmand,2026-01-31 10:33:45,2026-01-31 10:33:38,2026-01-31 10:33:38,true,35.6562126,139.7762492,74.9,2.6047456,260.79,,0.0,1.504544769801326E7,motionchange,8485906,still,true,0.0,false,98
73600,1,osmand,2026-01-31 10:38:41,2026-01-31 10:38:39,2026-01-31 10:38:39,true,35.6562231,139.7763313,74.9,2.3909232,260.86,,0.0,1.5045455215412466E7,,8485906,still,true,7.517399206523533,true,99
73601,1,osmand,2026-01-31 10:38:46,2026-01-31 10:38:39,2026-01-31 10:38:39,true,35.6562231,139.7763313,74.9,2.3909232,260.86,,0.0,1.5045455215412466E7,motionchange,8485906,still,true,0.0,false,99
73602,1,osmand,2026-01-31 10:43:42,2026-01-31 10:43:41,2026-01-31 10:43:41,true,35.6562312,139.7764012,74.9,4.568024,83.52,,0.0,1.5045461601864258E7,,8485906,still,true,6.386451791407571,true,99
73603,1,osmand,2026-01-31 10:43:47,2026-01-31 10:43:41,2026-01-31 10:43:41,true,35.6562312,139.7764012,74.9,4.568024,83.52,,0.0,1.5045461601864258E7,motionchange,8485906,still,true,0.0,false,99
73604,1,osmand,2026-01-31 10:48:43,2026-01-31 10:48:42,2026-01-31 10:48:42,true,35.6562273,139.776399,74.9,0.8747280000000001,82.35,,0.0,1.5045462079441546E7,,8485906,still,true,0.4775772877633861,true,99
73605,1,osmand,2026-01-31 10:48:49,2026-01-31 10:48:42,2026-01-31 10:48:42,true,35.6562273,139.776399,74.9,0.8747280000000001,82.35,,0.0,1.5045462079441546E7,motionchange,8485906,still,true,0.0,false,100
73606,1,osmand,2026-01-31 10:53:45,2026-01-31 10:53:43,2026-01-31 10:53:43,true,35.6562341,139.7764001,74.9,2.4103616,82.76,,0.0,1.5045462842924844E7,,8485906,still,true,0.7634832990716227,true,100
73607,1,osmand,2026-01-31 10:53:50,2026-01-31 10:53:43,2026-01-31 10:53:43,true,35.6562341,139.7764001,74.9,2.4103616,82.76,,0.0,1.5045462842924844E7,motionchange,8485906,still,true,0.0,false,100
73608,1,osmand,2026-01-31 10:58:45,2026-01-31 10:58:44,2026-01-31 10:58:44,true,35.6562205,139.7763517,74.9,3.8099264,80.18,,0.0,1.5045467475108512E7,,8485906,still,true,4.632183667861412,true,100
73609,1,osmand,2026-01-31 10:58:51,2026-01-31 10:58:44,2026-01-31 10:58:44,true,35.6562205,139.7763517,74.9,3.8099264,80.18,,0.0,1.5045467475108512E7,motionchange,8485906,still,true,0.0,false,100
73610,1,osmand,2026-01-31 11:03:47,2026-01-31 11:03:45,2026-01-31 11:03:45,true,35.6562324,139.7763503,74.9,1.7300176,45.97,,0.0,1.5045468805849096E7,,8485906,still,true,1.330740584396867,true,100
73611,1,osmand,2026-01-31 11:03:52,2026-01-31 11:03:45,2026-01-31 11:03:45,true,35.6562324,139.7763503,74.9,1.7300176,45.97,,0.0,1.5045468805849096E7,motionchange,8485906,still,true,0.0,false,100
73612,1,osmand,2026-01-31 11:08:48,2026-01-31 11:08:47,2026-01-31 11:08:47,true,35.6562407,139.7764388,74.9,0.2332608,69.78,,0.0,1.504547686384867E7,,8485906,still,true,8.057999572877849,true,100
73613,1,osmand,2026-01-31 11:08:53,2026-01-31 11:08:47,2026-01-31 11:08:47,true,35.6562407,139.7764388,74.9,0.2332608,69.78,,0.0,1.504547686384867E7,motionchange,8485906,still,true,0.0,false,100
73614,1,osmand,2026-01-31 11:13:49,2026-01-31 11:13:48,2026-01-31 11:13:48,true,35.6562394,139.7763228,74.9,1.069112,317.76,,0.0,1.5045487357082754E7,,8485939,still,true,10.493234085647952,true,100
73615,1,osmand,2026-01-31 11:13:54,2026-01-31 11:13:48,2026-01-31 11:13:48,true,35.6562394,139.7763228,74.9,1.069112,317.76,,0.0,1.5045487357082754E7,motionchange,8485939,still,true,0.0,false,100
73616,1,osmand,2026-01-31 11:18:51,2026-01-31 11:18:49,2026-01-31 11:18:49,true,35.6561947,139.7762584,74.9,1.1079888,201.23,,0.0,1.5045495018090164E7,,8485939,still,true,7.661007410039115,true,100
73617,1,osmand,2026-01-31 11:18:56,2026-01-31 11:18:49,2026-01-31 11:18:49,true,35.6561947,139.7762584,74.9,1.1079888,201.23,,0.0,1.5045495018090164E7,motionchange,8485939,still,true,0.0,false,100
73618,1,osmand,2026-01-31 11:23:52,2026-01-31 11:23:50,2026-01-31 11:23:50,true,35.6562361,139.7764307,74.9,0.3498912,277.57,,0.0,1.504551126982841E7,,8485939,still,true,16.25173824581683,true,100
73619,1,osmand,2026-01-31 11:23:57,2026-01-31 11:23:50,2026-01-31 11:23:50,true,35.6562361,139.7764307,74.9,0.3498912,277.57,,0.0,1.504551126982841E7,motionchange,8485939,still,true,0.0,false,100
73620,1,osmand,2026-01-31 11:28:53,2026-01-31 11:28:51,2026-01-31 11:28:51,true,35.6562309,139.7764151,74.9,0.680344,80.82,,0.0,1.5045512794974942E7,,8485939,still,true,1.5251465310443428,true,100
73621,1,osmand,2026-01-31 11:28:58,2026-01-31 11:28:51,2026-01-31 11:28:51,true,35.6562309,139.7764151,74.9,0.680344,80.82,,0.0,1.5045512794974942E7,motionchange,8485939,still,true,0.0,false,100
73622,1,osmand,2026-01-31 11:33:54,2026-01-31 11:31:41,2026-01-31 11:31:41,true,35.6562306,139.7763946,74.9,0.097192,0.0,,0.0,1.504551464950726E7,,8485939,still,true,1.8545323173379515,true,100
73623,1,osmand,2026-01-31 11:33:54,2026-01-31 11:33:53,2026-01-31 11:33:53,true,35.6562376,139.7764205,74.9,0.1555072,0.0,,0.0,1.5045517118369445E7,,8485939,still,true,2.4688621845877115,true,100
73624,1,osmand,2026-01-31 11:33:59,2026-01-31 11:33:53,2026-01-31 11:33:53,true,35.6562376,139.7764205,74.9,0.1555072,0.0,,0.0,1.5045517118369445E7,motionchange,8485939,still,true,0.0,false,100
73625,1,osmand,2026-01-31 11:38:55,2026-01-31 11:38:54,2026-01-31 11:38:54,true,35.6562135,139.7762642,74.9,1.4773184,279.81,,0.0,1.5045531508056877E7,,8485939,still,true,14.389687432120326,true,100
73626,1,osmand,2026-01-31 11:39:00,2026-01-31 11:38:54,2026-01-31 11:38:54,true,35.6562135,139.7762642,74.9,1.4773184,279.81,,0.0,1.5045531508056877E7,motionchange,8485939,still,true,0.0,false,100
73627,1,osmand,2026-01-31 11:43:57,2026-01-31 11:43:55,2026-01-31 11:43:55,true,35.6562275,139.7764066,74.9,1.4967568,83.37,,0.0,1.5045544482128032E7,,8485939,still,true,12.974071153864159,true,100
73628,1,osmand,2026-01-31 11:44:01,2026-01-31 11:43:55,2026-01-31 11:43:55,true,35.6562275,139.7764066,74.9,1.4967568,83.37,,0.0,1.5045544482128032E7,motionchange,8485939,still,true,0.0,false,100
73629,1,osmand,2026-01-31 11:48:58,2026-01-31 11:48:57,2026-01-31 11:48:57,true,35.6562122,139.7762293,74.9,2.0604704000000003,264.23,,0.0,1.5045560609162E7,,8485939,still,true,16.127033968075995,true,100
73630,1,osmand,2026-01-31 11:49:03,2026-01-31 11:48:57,2026-01-31 11:48:57,true,35.6562122,139.7762293,74.9,2.0604704000000003,264.23,,0.0,1.5045560609162E7,motionchange,8485939,still,true,0.0,false,100
73631,1,osmand,2026-01-31 11:53:59,2026-01-31 11:53:58,2026-01-31 11:53:58,true,35.6562253,139.7763389,74.9,0.5442752000000001,49.61,,0.0,1.5045570629203856E7,,8485939,still,true,10.02004185692772,true,100
73632,1,osmand,2026-01-31 11:54:04,2026-01-31 11:53:58,2026-01-31 11:53:58,true,35.6562253,139.7763389,74.9,0.5442752000000001,49.61,,0.0,1.5045570629203856E7,motionchange,8485939,still,true,0.0,false,100
73633,1,osmand,2026-01-31 11:59:00,2026-01-31 11:58:59,2026-01-31 11:58:59,true,35.6562124,139.7763878,74.9,1.263496,114.62,,0.0,1.504557527950233E7,,8485939,still,true,4.650298474834859,true,100
73634,1,osmand,2026-01-31 11:59:06,2026-01-31 11:58:59,2026-01-31 11:58:59,true,35.6562124,139.7763878,74.9,1.263496,114.62,,0.0,1.504557527950233E7,motionchange,8485939,still,true,0.0,false,100
73635,1,osmand,2026-01-31 12:04:06,2026-01-31 12:04:04,2026-01-31 12:04:04,true,35.6562148,139.7762936,74.9,3.2462128,261.67,,0.0,1.5045583804112114E7,,8485939,still,true,8.52460978293414,true,100
73636,1,osmand,2026-01-31 12:04:07,2026-01-31 12:04:04,2026-01-31 12:04:04,true,35.6562148,139.7762936,74.9,3.2462128,261.67,,0.0,1.5045583804112114E7,motionchange,8485939,still,true,0.0,false,100
73637,1,osmand,2026-01-31 12:09:07,2026-01-31 12:09:05,2026-01-31 12:09:05,true,35.656231,139.7763437,74.9,1.1274271999999999,36.19,,0.0,1.5045588681325914E7,,8485939,still,true,4.877213799622958,true,100
73638,1,osmand,2026-01-31 12:09:15,2026-01-31 12:09:12,2026-01-31 12:09:12,true,35.6562276,139.776347,74.9,0.1166304,0.0,,0.0,1.5045589163348515E7,motionchange,8485939,still,true,0.4820225999064831,false,100
