<?xml version="1.0" encoding="UTF-8"?><kml xmlns="http://www.opengis.net/kml/2.2"><Document><name>Android</name><Placemark><name>2026-01-29 22:03 - 2026-01-31 11:03</name><LineString><extrude>1</extrude><tessellate>1</tessellate><altitudeMode>absolute</altitudeMode><coordinates>139.776234,35.656210,74.900000 139.776234,35.656210,74.900000 139.776312,35.656204,74.900000 139.776312,35.656204,74.900000 139.776255,35.656217,74.900000 139.776255,35.656217,74.900000 139.776301,35.656212,74.900000 139.776228,35.656208,74.900000 139.776228,35.656208,74.900000 139.776354,35.656220,74.900000 139.776354,35.656220,74.900000 139.776234,35.656212,74.900000 139.776234,35.656212,74.900000 139.776252,35.656211,74.900000 139.776252,35.656211,74.900000 139.776270,35.656220,74.900000 139.776270,35.656220,74.900000 139.776266,35.656223,74.900000 139.776266,35.656223,74.900000 139.776239,35.656214,74.900000 139.776239,35.656214,74.900000 139.776231,35.656221,74.900000 139.776316,35.656211,74.900000 139.776316,35.656211,74.900000 139.776333,35.656218,74.900000 139.776333,35.656218,74.900000 139.776320,35.656220,74.900000 139.776320,35.656220,74.900000 139.776253,35.656213,75.000000 139.776253,35.656213,75.000000 139.776933,35.656607,41.000000 139.777342,35.657204,40.100000 139.777831,35.657768,40.200000 139.778246,35.658429,42.500000 139.777690,35.659049,39.800000 139.777095,35.659584,44.900000 139.776601,35.660141,39.600000 139.776507,35.660357,39.800000 139.776545,35.660846,57.600000 139.775921,35.661316,57.600000 139.775232,35.661876,57.600000 139.774683,35.662416,57.600000 139.774176,35.662967,57.600000 139.773648,35.663531,40.700000 139.773088,35.664149,40.700000 139.772472,35.664699,40.700000 139.771893,35.665215,40.700000 139.771507,35.665858,53.300000 139.770964,35.666429,53.300000 139.770904,35.666405,66.400000 139.770335,35.666887,40.800000 139.769947,35.667512,41.000000 139.769405,35.668025,41.000000 139.768839,35.668533,64.700000 139.767985,35.668707,41.500000 139.767479,35.669262,40.900000 139.766825,35.669731,41.900000 139.766174,35.670205,42.400000 139.765585,35.670712,42.400000 139.765143,35.671364,42.300000 139.764509,35.671808,42.300000 139.763875,35.672254,42.300000 139.763100,35.672718,42.300000 139.762487,35.673203,42.300000 139.762124,35.673816,41.000000 139.762157,35.674556,40.700000 139.762137,35.675623,40.800000 139.762712,35.675746,87.500000 139.762799,35.676093,48.700000 139.763158,35.676717,48.700000 139.763495,35.677371,48.700000 139.763606,35.678114,48.700000 139.763845,35.678784,48.700000 139.763635,35.679454,40.900000 139.763788,35.680226,42.300000 139.764249,35.680804,41.300000 139.764735,35.680241,56.400000 139.764672,35.680921,66.200000 139.765359,35.681312,63.400000 139.765798,35.681888,41.900000 139.765842,35.681978,41.900000 139.767428,35.682358,37.400000 139.768359,35.682176,37.500000 139.769138,35.681503,37.600000 139.768742,35.679855,36.300000 139.768109,35.679297,36.200000 139.767685,35.678617,41.500000 139.771678,35.678797,41.600000 139.767702,35.678875,41.600000 139.770601,35.678423,49.000000 139.767615,35.678682,49.000000 139.770067,35.677987,83.600000 139.767346,35.678841,91.500000 139.767347,35.678820,91.500000 139.767252,35.678402,91.800000 139.768769,35.677809,91.800000 139.767649,35.678257,91.800000 139.768728,35.677939,91.800000 139.767718,35.678257,91.800000 139.768874,35.677886,91.800000 139.769011,35.677842,91.800000 139.769011,35.677842,91.800000 139.769011,35.677842,91.800000 139.769011,35.677842,91.800000 139.769011,35.677842,91.800000 139.769011,35.677842,91.800000 139.768139,35.678120,91.800000 139.768918,35.677850,91.800000 139.767924,35.678178,91.800000 139.768907,35.677768,91.800000 139.768123,35.678056,91.800000 139.768943,35.677670,91.800000 139.767849,35.678147,91.800000 139.768957,35.677470,91.800000 139.769091,35.677395,91.800000 139.768131,35.677927,91.800000 139.768913,35.677482,91.800000 139.769034,35.677417,91.800000 139.768067,35.677952,91.800000 139.768898,35.677510,91.800000 139.769041,35.677435,91.800000 139.769041,35.677435,91.800000 139.768048,35.677987,91.800000 139.768905,35.677636,91.800000 139.767869,35.678140,91.800000 139.768968,35.677723,91.800000 139.767941,35.678143,91.800000 139.769065,35.677685,91.800000 139.769098,35.677672,91.800000 139.769098,35.677672,91.800000 139.769098,35.677672,91.800000 139.769098,35.677672,91.800000 139.769098,35.677672,91.800000 139.769098,35.677672,91.800000 139.769098,35.677672,91.800000 139.769098,35.677672,91.800000 139.769098,35.677672,91.800000 139.769098,35.677672,91.800000 139.769098,35.677672,91.800000 139.769098,35.677672,91.800000 139.769098,35.677672,91.800000 139.769098,35.677672,91.800000 139.767922,35.678136,91.800000 139.768777,35.677655,91.800000 139.768917,35.677586,91.800000 139.767957,35.678059,91.800000 139.768732,35.677641,91.800000 139.768833,35.677587,91.800000 139.767914,35.678070,91.800000 139.768772,35.677639,91.800000 139.768067,35.678000,91.800000 139.768865,35.677591,91.800000 139.768882,35.677582,91.800000 139.768882,35.677582,91.800000 139.768882,35.677582,91.800000 139.767900,35.678085,91.800000 139.768689,35.677684,91.800000 139.767778,35.678144,91.800000 139.768856,35.677603,91.800000 139.768032,35.678020,91.800000 139.768898,35.677390,91.800000 139.768974,35.677338,91.800000 139.768114,35.677877,91.800000 139.768933,35.677308,91.800000 139.767907,35.677987,91.800000 139.768896,35.677294,91.800000 139.767821,35.678075,91.800000 139.768981,35.676595,91.800000 139.767268,35.678366,91.800000 139.768961,35.676889,91.800000 139.767971,35.677766,91.800000 139.767400,35.678280,91.800000 139.769076,35.677072,91.800000 139.767828,35.677995,91.800000 139.769321,35.677023,91.800000 139.768163,35.677809,91.800000 139.767522,35.678239,91.800000 139.769144,35.677142,91.800000 139.768209,35.677781,91.800000 139.769141,35.677229,91.800000 139.768042,35.677916,91.800000 139.769146,35.677345,91.800000 139.769323,35.677249,91.800000 139.768162,35.677919,91.800000 139.769262,35.677283,91.800000 139.768162,35.677901,91.800000 139.769200,35.677316,91.800000 139.768282,35.677844,91.800000 139.767588,35.678233,91.800000 139.769194,35.677279,91.800000 139.768517,35.677683,91.800000 139.767724,35.678132,91.800000 139.768954,35.677391,91.800000 139.768003,35.677956,91.800000 139.768755,35.677482,91.800000 139.767824,35.678054,91.800000 139.768764,35.677491,91.800000 139.768898,35.677409,91.800000 139.768898,35.677409,91.800000 139.768898,35.677409,91.800000 139.768126,35.677883,91.800000 139.768955,35.677439,91.800000 139.767846,35.678061,91.800000 139.768886,35.677427,91.800000 139.768009,35.677951,91.800000 139.768877,35.677440,91.800000 139.768156,35.677873,91.800000 139.768937,35.677319,91.800000 139.768045,35.677894,91.800000 139.767375,35.678334,91.800000 139.768842,35.677198,91.800000 139.767952,35.677865,91.800000 139.768908,35.677260,91.800000 139.768178,35.677769,91.800000 139.769180,35.677260,91.800000 139.768002,35.677951,91.800000 139.769279,35.677241,91.800000 139.768118,35.677904,91.800000 139.769310,35.677248,91.800000 139.768427,35.677740,91.800000 139.769311,35.677224,91.800000 139.768231,35.677826,91.800000 139.769120,35.677050,91.800000 139.768480,35.677493,91.800000 139.767758,35.678031,91.800000 139.769067,35.677093,91.800000 139.768088,35.677806,91.800000 139.769185,35.677150,91.800000 139.767992,35.677936,91.800000 139.769207,35.677257,91.800000 139.768271,35.677811,91.800000 139.767572,35.678220,91.800000 139.769214,35.677189,91.800000 139.769346,35.677107,91.800000 139.769346,35.677107,91.800000 139.768217,35.677816,91.800000 139.767559,35.678231,91.800000 139.769288,35.677413,91.800000 139.767960,35.678077,91.800000 139.767336,35.678365,91.800000 139.769264,35.677406,91.800000 139.768282,35.677905,91.800000 139.769309,35.677319,91.800000 139.768603,35.677702,91.800000 139.767623,35.678224,91.800000 139.769248,35.677415,91.800000 139.769449,35.677317,91.800000 139.768243,35.677918,91.800000 139.767506,35.678268,91.800000 139.769257,35.677415,91.800000 139.768001,35.678028,91.800000 139.769097,35.677203,91.800000 139.768186,35.677774,91.800000 139.769176,35.677175,91.800000 139.768023,35.677905,91.800000 139.769126,35.677209,91.800000 139.767939,35.677960,91.800000 139.769193,35.677209,91.800000 139.768523,35.677617,91.800000 139.767781,35.678073,91.800000 139.769080,35.677130,91.800000 139.768271,35.677675,91.800000 139.767545,35.678206,91.800000 139.768314,35.677935,91.500000 139.769140,35.677160,91.500000 139.767377,35.678809,91.500000 139.767551,35.678675,49.200000 139.769055,35.678467,49.000000 139.768153,35.678385,49.000000 139.768980,35.678759,49.000000 139.768053,35.678460,49.000000 139.768627,35.679004,48.700000 139.768171,35.679623,41.500000 139.768707,35.679016,42.900000 139.766367,35.680493,41.700000 139.769434,35.678833,41.700000 139.767094,35.680100,41.700000 139.769442,35.678825,41.700000 139.766636,35.680629,47.200000 139.769455,35.678809,47.200000 139.766566,35.680662,47.200000 139.769461,35.678821,47.200000 139.768788,35.684753,42.000000 139.769281,35.689030,41.300000 139.769951,35.690265,64.400000 139.770570,35.690927,54.800000 139.770613,35.691625,55.300000 139.770930,35.692336,55.300000 139.771296,35.693114,55.300000 139.771564,35.693789,55.300000 139.771816,35.694516,55.300000 139.772180,35.695218,55.300000 139.772492,35.695925,55.300000 139.772675,35.696815,55.300000 139.772633,35.697556,55.300000 139.772734,35.698244,55.300000 139.773625,35.698396,50.500000 139.772711,35.698082,49.900000 139.772836,35.698772,50.200000 139.773276,35.699772,63.500000 139.773490,35.703002,63.500000 139.774067,35.703499,63.500000 139.774110,35.704253,63.500000 139.774175,35.705032,63.500000 139.774254,35.705800,63.500000 139.774269,35.706477,63.500000 139.774289,35.707308,63.500000 139.774452,35.708073,63.500000 139.774676,35.708784,63.500000 139.774722,35.709499,63.500000 139.774642,35.710175,63.500000 139.774597,35.710862,63.500000 139.774680,35.711583,63.500000 139.774944,35.712297,63.500000 139.775348,35.712905,63.500000 139.775778,35.713519,51.600000 139.776273,35.714085,51.600000 139.777065,35.714824,51.600000 139.777528,35.715516,51.600000 139.778070,35.716099,51.600000 139.778684,35.716766,51.600000 139.779245,35.717422,51.600000 139.779594,35.718192,51.600000 139.779646,35.718982,51.600000 139.779450,35.719725,51.600000 139.779111,35.720443,51.600000 139.778547,35.721057,51.600000 139.777844,35.721622,51.600000 139.777288,35.722137,51.600000 139.776696,35.722677,51.600000 139.776028,35.723281,51.600000 139.775362,35.723884,49.510000 139.774721,35.724476,49.060000 139.774107,35.725056,48.890000 139.773480,35.725653,49.940000 139.772730,35.726178,49.910000 139.771935,35.726615,48.490000 139.771147,35.727051,47.880000 139.770391,35.727528,47.420000 139.769656,35.728011,47.120000 139.769220,35.728709,46.990000 139.768838,35.729401,46.370000 139.768301,35.730036,45.610000 139.767801,35.730645,48.050000 139.767194,35.731282,47.410000 139.766641,35.731948,45.710000 139.766163,35.732669,45.070000 139.765654,35.733376,45.820000 139.765250,35.733979,47.510000 139.764757,35.734557,47.810000 139.764209,35.735134,48.260000 139.763623,35.735639,47.150000 139.763031,35.736215,44.990000 139.762411,35.736737,44.130000 139.761733,35.737176,46.300000 139.761146,35.737690,45.800000 139.760500,35.738178,45.800000 139.759764,35.738773,45.800000 139.759028,35.739375,45.800000 139.758343,35.739869,45.800000 139.757675,35.740365,45.800000 139.757147,35.740935,45.800000 139.756549,35.741404,45.800000 139.755813,35.741777,45.800000 139.755073,35.742144,45.800000 139.754362,35.742576,45.800000 139.753668,35.742979,45.800000 139.752907,35.743413,45.800000 139.752102,35.743781,45.800000 139.751274,35.744175,45.800000 139.750457,35.744622,45.800000 139.749635,35.745114,45.800000 139.748869,35.745583,45.800000 139.748141,35.745996,45.800000 139.747408,35.746423,45.800000 139.746698,35.746843,36.360000 139.746054,35.747296,35.560000 139.745210,35.747510,37.550000 139.744525,35.747893,38.060000 139.743684,35.748288,36.910000 139.742794,35.748709,37.600000 139.741972,35.749118,36.140000 139.741268,35.749526,38.400000 139.740770,35.750069,43.300000 139.740300,35.750694,46.910000 139.739574,35.751215,48.870000 139.738978,35.751690,49.140000 139.738389,35.752195,48.290000 139.737767,35.752715,51.760000 139.737226,35.753404,56.000000 139.736648,35.754102,57.420000 139.736133,35.754701,59.280000 139.735635,35.755369,60.890000 139.735178,35.756036,63.300000 139.734684,35.756723,61.560000 139.734134,35.757413,57.560000 139.733608,35.758091,56.210000 139.733033,35.758716,54.890000 139.732303,35.759237,54.960000 139.731582,35.759722,51.580000 139.730930,35.760221,46.120000 139.730254,35.760733,41.990000 139.729560,35.761215,40.980000 139.728903,35.761715,39.960000 139.728173,35.762285,39.700000 139.727566,35.762831,41.030000 139.726992,35.763327,42.440000 139.726468,35.763967,51.400000 139.726079,35.764596,51.400000 139.725701,35.765270,51.400000 139.725259,35.766036,51.400000 139.724901,35.766703,51.400000 139.724522,35.767383,51.400000 139.724142,35.768125,51.400000 139.723695,35.768837,51.400000 139.723362,35.769604,51.400000 139.722993,35.770345,51.400000 139.722620,35.771109,51.400000 139.722394,35.771815,51.400000 139.722313,35.772580,51.400000 139.722341,35.773263,51.400000 139.722365,35.774055,51.400000 139.722387,35.774851,51.400000 139.722127,35.775595,51.400000 139.721883,35.776266,51.400000 139.721576,35.776943,51.400000 139.720778,35.777161,45.200000 139.720104,35.777571,45.200000 139.719997,35.778334,45.500000 139.720099,35.778489,45.500000 139.720056,35.778437,45.500000 139.720027,35.778467,45.600000 139.720096,35.778485,45.500000 139.720042,35.778449,45.500000 139.720042,35.778449,45.500000 139.720033,35.778469,45.500000 139.720033,35.778469,45.500000 139.720065,35.778437,45.500000 139.720065,35.778437,45.500000 139.720066,35.778469,45.500000 139.720050,35.778438,45.500000 139.720050,35.778438,45.500000 139.720047,35.778457,45.500000 139.720047,35.778457,45.500000 139.720071,35.778377,45.500000 139.720065,35.778479,45.500000 139.720051,35.778461,45.500000 139.720051,35.778461,45.500000 139.720055,35.778459,45.500000 139.720055,35.778459,45.500000 139.720032,35.778460,45.500000 139.720051,35.778470,45.500000 139.720050,35.778472,45.500000 139.720050,35.778472,45.500000 139.720064,35.778471,45.500000 139.720064,35.778471,45.500000 139.720046,35.778472,45.500000 139.719239,35.778130,45.500000 139.719591,35.778185,45.500000 139.719482,35.778798,45.800000 139.719198,35.779460,47.600000 139.718962,35.780014,48.700000 139.718844,35.780106,44.700000 139.718510,35.780757,44.700000 139.718115,35.781366,47.800000 139.717631,35.781931,47.800000 139.716823,35.782111,44.500000 139.716039,35.781809,45.700000 139.715378,35.781305,45.700000 139.714979,35.780699,45.700000 139.714294,35.780306,57.700000 139.713833,35.780873,52.400000 139.713421,35.781463,52.400000 139.712764,35.781926,52.400000 139.712071,35.782326,52.400000 139.711309,35.782673,52.400000 139.710562,35.783029,51.000000 139.709815,35.783427,51.300000 139.709161,35.783981,51.300000 139.708579,35.784525,51.300000 139.707816,35.784798,51.300000 139.707188,35.785276,44.400000 139.706349,35.785227,43.900000 139.705524,35.784998,44.000000 139.704655,35.784644,44.000000 139.703952,35.784189,44.000000 139.703207,35.783744,44.000000 139.702487,35.783246,44.000000 139.701866,35.782776,44.000000 139.701236,35.782305,44.000000 139.700454,35.781973,44.100000 139.699627,35.781712,44.100000 139.698804,35.781361,44.100000 139.697945,35.781066,44.100000 139.697093,35.780973,44.100000 139.696222,35.780913,44.100000 139.695328,35.780878,43.400000 139.694446,35.780748,43.400000 139.693630,35.780558,43.400000 139.692780,35.780319,43.900000 139.691939,35.780245,43.900000 139.691067,35.780107,43.900000 139.690197,35.779928,43.900000 139.689332,35.779673,43.900000 139.688519,35.779485,43.900000 139.687629,35.779354,43.900000 139.686826,35.779066,43.200000 139.685973,35.778928,43.100000 139.685098,35.778675,43.100000 139.684250,35.778425,43.100000 139.683357,35.778263,43.900000 139.682455,35.778000,43.900000 139.681667,35.777718,43.900000 139.680885,35.777454,44.200000 139.680053,35.777247,44.400000 139.679223,35.777016,44.400000 139.678663,35.776478,58.700000 139.677815,35.776517,58.500000 139.677191,35.776009,47.600000 139.676486,35.775586,47.100000 139.675781,35.775189,47.100000 139.675124,35.774690,47.100000 139.674456,35.774225,47.100000 139.674074,35.773619,48.200000 139.673426,35.773080,51.600000 139.672788,35.772554,51.600000 139.672203,35.772060,51.600000 139.671686,35.771460,51.600000 139.671145,35.770898,54.800000 139.670586,35.770256,54.800000 139.670019,35.769620,54.800000 139.669533,35.769008,54.800000 139.666162,35.764741,54.800000 139.665520,35.764258,69.600000 139.664794,35.763893,69.700000 139.665402,35.763696,70.100000 139.665437,35.763617,70.200000 139.665560,35.763568,70.100000 139.665560,35.763568,70.400000 139.665560,35.763568,70.400000 139.665560,35.763568,70.400000 139.665560,35.763568,70.400000 139.665421,35.763660,70.400000 139.665417,35.763647,70.700000 139.665417,35.763647,70.400000 139.664751,35.763240,71.000000 139.663903,35.763360,74.200000 139.663047,35.763133,70.600000 139.662438,35.762664,78.000000 139.661548,35.762295,91.600000 139.660851,35.761886,91.600000 139.660082,35.761498,73.200000 139.659333,35.761131,73.200000 139.658527,35.760890,71.600000 139.657801,35.760500,71.600000 139.657086,35.760137,71.600000 139.656380,35.759772,71.600000 139.655640,35.759376,74.200000 139.654918,35.759004,74.200000 139.654196,35.758650,74.700000 139.653595,35.758371,74.700000 139.653475,35.758309,74.700000 139.652760,35.757933,74.700000 139.652003,35.757505,74.700000 139.651349,35.757048,74.700000 139.650609,35.756715,75.300000 139.649862,35.756381,77.800000 139.649159,35.756015,77.800000 139.648370,35.755633,75.700000 139.647629,35.755263,75.700000 139.646918,35.754910,75.700000 139.646239,35.754502,75.700000 139.645800,35.754274,75.700000 139.645482,35.754094,75.700000 139.644643,35.753669,75.700000 139.643753,35.753217,75.700000 139.643030,35.752751,75.700000 139.642304,35.752400,75.700000 139.641449,35.752045,75.700000 139.640668,35.751543,75.700000 139.640046,35.751185,75.700000 139.639896,35.751093,75.700000 139.639223,35.750668,75.700000 139.638478,35.750258,75.700000 139.637670,35.749909,79.100000 139.636966,35.749533,79.100000 139.636231,35.749120,79.100000 139.635507,35.748738,79.100000 139.634789,35.748360,79.100000 139.634084,35.747947,79.100000 139.633375,35.747554,79.500000 139.632639,35.747168,79.500000 139.631946,35.746720,79.500000 139.631232,35.746235,79.500000 139.630428,35.745739,79.500000 139.629719,35.745291,79.500000 139.628974,35.744815,79.500000 139.628291,35.744385,79.500000 139.627654,35.743951,79.500000 139.626986,35.743492,79.500000 139.626195,35.742982,79.500000 139.625538,35.742531,79.500000 139.624699,35.742048,79.500000 139.623886,35.741537,79.500000 139.623185,35.740974,79.500000 139.622427,35.740435,79.500000 139.621747,35.739922,79.500000 139.621204,35.739336,79.500000 139.620636,35.738725,79.500000 139.620098,35.738122,79.780000 139.619496,35.737551,80.090000 139.618885,35.737033,80.440000 139.617849,35.736812,81.840000 139.617319,35.736250,82.890000 139.616753,35.735740,82.340000 139.616133,35.735178,76.900000 139.615527,35.734585,77.500000 139.614995,35.734060,82.960000 139.614576,35.733455,83.400000 139.614580,35.732707,83.400000 139.614589,35.731985,83.400000 139.614559,35.731135,83.400000 139.614600,35.730350,83.400000 139.614669,35.729609,83.400000 139.614451,35.727792,83.400000 139.614451,35.725501,83.400000 139.614132,35.718212,83.400000 139.614451,35.725501,83.400000 139.614132,35.718498,83.400000 139.614770,35.729066,83.400000 139.614451,35.719772,83.400000 139.614132,35.718212,83.400000 139.615407,35.719298,83.400000 139.614213,35.718151,83.400000 139.614120,35.717475,85.600000 139.614140,35.716792,86.300000 139.614270,35.716108,87.000000 139.614382,35.715413,87.000000 139.614486,35.714730,87.000000 139.614581,35.714036,87.000000 139.614641,35.713230,87.000000 139.614665,35.712543,87.000000 139.614674,35.711836,87.000000 139.614763,35.711156,85.600000 139.614848,35.710428,85.600000 139.614922,35.709718,85.600000 139.615011,35.708905,85.600000 139.615055,35.708133,85.600000 139.615149,35.707388,85.600000 139.615346,35.706595,85.600000 139.615558,35.705895,85.600000 139.615786,35.705115,85.600000 139.615992,35.704389,85.600000 139.616281,35.703651,85.600000 139.616457,35.702938,85.600000 139.616597,35.702260,85.600000 139.616804,35.701571,85.600000 139.616977,35.700893,73.120000 139.617052,35.700482,82.800000 139.617175,35.700237,82.900000 139.617315,35.699523,83.100000 139.617436,35.698844,83.100000 139.617608,35.698162,85.400000 139.617669,35.697815,85.400000 139.617727,35.697403,85.400000 139.617846,35.696674,85.400000 139.617850,35.695980,85.400000 139.617606,35.695248,85.400000 139.617361,35.694518,85.400000 139.617184,35.693817,85.400000 139.616976,35.693041,85.400000 139.616825,35.692369,85.400000 139.616702,35.691614,85.400000 139.616615,35.690871,85.400000 139.616512,35.690193,87.100000 139.616388,35.689482,87.100000 139.616429,35.688796,87.200000 139.617082,35.688368,87.100000 139.617854,35.688109,86.900000 139.618617,35.687831,86.900000 139.619424,35.687536,86.900000 139.620195,35.687281,86.900000 139.621000,35.687021,86.300000 139.621787,35.686735,86.300000 139.622584,35.686398,86.300000 139.623406,35.686093,86.300000 139.624187,35.685814,86.300000 139.625002,35.685520,86.300000 139.625799,35.685234,86.300000 139.626592,35.684946,86.300000 139.627307,35.684594,86.300000 139.628035,35.684213,86.300000 139.628816,35.683812,78.090000 139.629576,35.683464,74.940000 139.630293,35.683091,73.940000 139.631023,35.682733,71.340000 139.631753,35.682375,68.200000 139.632531,35.682016,66.560000 139.633259,35.681611,66.670000 139.633965,35.681248,66.220000 139.634707,35.680850,83.800000 139.635482,35.680450,83.800000 139.636284,35.680185,83.800000 139.637142,35.680358,82.000000 139.637937,35.680552,82.000000 139.638836,35.680775,82.000000 139.639701,35.681015,82.000000 139.640538,35.681234,81.600000 139.641350,35.681433,81.600000 139.642249,35.681651,81.600000 139.643071,35.681851,81.600000 139.643901,35.682061,81.600000 139.644771,35.682229,81.600000 139.644908,35.682258,81.600000 139.645588,35.682399,81.600000 139.646420,35.682605,81.600000 139.647298,35.682796,81.600000 139.648195,35.682863,81.600000 139.649053,35.682735,81.600000 139.649947,35.682591,81.600000 139.650884,35.682563,81.600000 139.651818,35.682541,80.010000 139.652691,35.682744,77.770000 139.653577,35.682964,75.250000 139.654456,35.683050,74.870000 139.655363,35.683153,75.490000 139.656221,35.683247,74.050000 139.656930,35.682845,78.600000 139.657057,35.682177,78.600000 139.657068,35.681465,76.200000 139.657078,35.680782,75.800000 139.657115,35.680092,75.800000 139.657183,35.679382,75.800000 139.657473,35.678654,75.800000 139.657813,35.678015,75.800000 139.658204,35.677407,75.800000 139.658489,35.676742,75.800000 139.658853,35.676094,77.800000 139.658933,35.675900,77.800000 139.659174,35.675421,77.800000 139.659492,35.674750,84.500000 139.659830,35.674110,81.300000 139.660172,35.673479,80.900000 139.660497,35.672847,81.100000 139.659934,35.672286,81.100000 139.659089,35.672050,81.100000 139.658177,35.671877,81.100000 139.657286,35.671602,81.100000 139.656441,35.671345,81.100000 139.655661,35.671067,81.100000 139.655488,35.670945,81.100000 139.654900,35.670731,85.700000 139.654064,35.670558,85.700000 139.653196,35.670529,85.400000 139.652383,35.670198,85.400000 139.651491,35.670173,85.400000 139.650604,35.670049,85.400000 139.649676,35.669863,85.400000 139.648945,35.669459,85.400000 139.648250,35.669013,85.400000 139.647515,35.668547,85.400000 139.647318,35.668495,85.400000 139.646708,35.668312,85.400000 139.645781,35.668121,85.400000 139.644927,35.667962,82.820000 139.644012,35.667855,85.700000 139.643101,35.667731,85.700000 139.642184,35.667627,85.700000 139.641311,35.667539,85.700000 139.640403,35.667540,86.300000 139.639543,35.667507,86.300000 139.638670,35.667540,86.300000 139.637772,35.667611,86.300000 139.636987,35.667842,86.300000 139.636212,35.668126,86.300000 139.635362,35.668456,86.300000 139.634524,35.668756,86.300000 139.633696,35.669031,86.300000 139.632897,35.669318,86.300000 139.631999,35.669433,86.300000 139.631134,35.669501,86.300000 139.630299,35.669591,86.300000 139.629405,35.669722,86.300000 139.628578,35.669866,88.110000 139.627710,35.669977,88.490000 139.626854,35.670112,89.010000 139.625944,35.670251,91.860000 139.625034,35.670429,93.020000 139.624274,35.670800,92.750000 139.623664,35.671292,91.430000 139.623052,35.671776,90.380000 139.622395,35.672286,88.050000 139.621732,35.672894,83.260000 139.621086,35.673465,80.180000 139.620539,35.673988,78.730000 139.619965,35.674514,77.690000 139.619259,35.675027,77.450000 139.618536,35.675443,74.490000 139.617763,35.675868,71.750000 139.616962,35.676275,70.490000 139.616173,35.676611,69.950000 139.615232,35.676926,69.860000 139.614301,35.677210,70.980000 139.613465,35.677570,71.100000 139.612661,35.678061,68.000000 139.611956,35.678446,67.000000 139.611196,35.678766,66.990000 139.610274,35.679084,69.310000 139.609336,35.679414,70.980000 139.608389,35.679737,73.720000 139.607562,35.679983,76.550000 139.606612,35.680241,79.790000 139.605728,35.680458,81.940000 139.604698,35.680540,82.480000 139.603825,35.680438,82.190000 139.602920,35.680111,81.250000 139.602130,35.679732,80.910000 139.599826,35.678516,81.580000 139.599341,35.677728,110.900000 139.599066,35.677082,110.900000 139.598721,35.676876,110.900000 139.598356,35.676675,110.900000 139.597617,35.676277,110.900000 139.596838,35.675952,110.900000 139.596068,35.675685,110.900000 139.595236,35.675478,110.900000 139.594351,35.675299,110.900000 139.593409,35.675112,110.900000 139.592475,35.674938,110.900000 139.591436,35.674767,110.900000 139.590341,35.674628,110.900000 139.589258,35.674530,110.900000 139.588155,35.674469,110.900000 139.587320,35.674440,110.900000 139.586440,35.674415,110.900000 139.585572,35.674383,110.900000 139.584687,35.674348,110.900000 139.583798,35.674313,110.900000 139.582914,35.674269,110.900000 139.582047,35.674211,110.900000 139.580967,35.674106,110.900000 139.579933,35.673975,110.900000 139.579018,35.673851,110.900000 139.578111,35.673700,85.100000 139.577146,35.673490,84.830000 139.576297,35.673286,84.710000 139.575391,35.673040,82.870000 139.574573,35.672793,80.160000 139.573671,35.672502,77.550000 139.572843,35.672273,74.050000 139.571935,35.671844,72.880000 139.571121,35.671412,73.330000 139.570394,35.671067,73.080000 139.569546,35.670635,74.030000 139.568788,35.670216,75.740000 139.568603,35.670111,76.300000 139.568039,35.669789,76.890000 139.567318,35.669356,77.870000 139.566639,35.668911,78.810000 139.565921,35.668451,78.800000 139.565142,35.667959,78.390000 139.564273,35.667419,78.010000 139.563594,35.667020,78.270000 139.562873,35.666626,78.130000 139.562139,35.666242,77.650000 139.561392,35.665864,77.380000 139.560655,35.665501,76.610000 139.559900,35.665201,75.750000 139.558902,35.664849,74.240000 139.558088,35.664602,73.070000 139.557060,35.664313,71.360000 139.556071,35.664099,69.920000 139.555068,35.663904,69.910000 139.554045,35.663740,69.730000 139.553203,35.663627,70.110000 139.552362,35.663551,70.320000 139.551300,35.663483,70.710000 139.550218,35.663445,70.800000 139.549383,35.663449,71.710000 139.548502,35.663446,71.940000 139.547640,35.663422,72.850000 139.546782,35.663398,73.400000 139.545947,35.663374,73.840000 139.545112,35.663333,73.580000 139.544272,35.663286,72.880000 139.543711,35.663239,72.540000 139.543434,35.663208,72.280000 139.542608,35.663103,72.260000 139.541511,35.662976,72.310000 139.540663,35.662855,72.020000 139.539837,35.662722,71.460000 139.538784,35.662493,70.800000 139.537793,35.662247,70.590000 139.536773,35.661932,70.460000 139.535991,35.661672,69.770000 139.534969,35.661314,69.230000 139.534219,35.661023,68.980000 139.533280,35.660607,68.330000 139.532362,35.660153,67.160000 139.531631,35.659758,67.230000 139.530933,35.659368,67.670000 139.530234,35.658968,68.810000 139.529538,35.658562,69.940000 139.528841,35.658165,70.420000 139.528118,35.657775,70.370000 139.527394,35.657401,69.910000 139.526662,35.657069,69.340000 139.525911,35.656776,69.660000 139.525130,35.656524,68.830000 139.524099,35.656250,68.410000 139.523053,35.656047,66.970000 139.521969,35.655897,66.500000 139.520902,35.655811,67.190000 139.519822,35.655761,67.660000 139.518770,35.655739,68.840000 139.517723,35.655733,70.270000 139.516702,35.655755,71.730000 139.515683,35.655778,73.300000 139.514583,35.655847,74.590000 139.513748,35.655931,75.090000 139.512918,35.656037,75.680000 139.511837,35.656199,75.500000 139.511023,35.656368,74.950000 139.510225,35.656597,75.050000 139.509203,35.656935,74.770000 139.508192,35.657298,74.310000 139.507435,35.657599,73.270000 139.506641,35.657914,72.740000 139.505856,35.658223,72.520000 139.505040,35.658534,73.510000 139.504212,35.658810,74.080000 139.503400,35.659062,73.570000 139.502570,35.659286,72.580000 139.501769,35.659483,72.000000 139.500765,35.659675,70.970000 139.499889,35.659847,69.970000 139.499070,35.659983,68.170000 139.498115,35.660066,66.150000 139.497267,35.660127,66.300000 139.496321,35.660156,66.560000 139.495442,35.660146,68.590000 139.494438,35.660139,70.240000 139.493442,35.660141,70.920000 139.492465,35.660133,72.160000 139.491548,35.660142,73.460000 139.491126,35.660144,73.820000 139.490519,35.660135,74.600000 139.489530,35.660129,77.160000 139.489142,35.660130,78.210000 139.488543,35.660118,79.000000 139.487645,35.660118,79.390000 139.486684,35.660112,81.110000 139.485644,35.660119,82.990000 139.484577,35.660138,84.020000 139.483533,35.660185,85.180000 139.482534,35.660250,86.010000 139.481566,35.660340,86.280000 139.480631,35.660466,86.430000 139.479758,35.660622,86.550000 139.478951,35.660805,87.420000 139.478158,35.661011,86.830000 139.477195,35.661259,85.230000 139.476241,35.661526,83.680000 139.475403,35.661769,81.800000 139.474556,35.662021,80.490000 139.473737,35.662262,80.110000 139.472904,35.662505,80.050000 139.472082,35.662738,79.790000 139.471230,35.662961,78.930000 139.470331,35.663163,79.320000 139.469307,35.663380,79.920000 139.468294,35.663555,79.980000 139.467311,35.663700,79.540000 139.466340,35.663827,79.520000 139.465356,35.663938,80.280000 139.464356,35.664039,81.200000 139.463349,35.664131,82.760000 139.462335,35.664219,84.690000 139.461343,35.664297,85.900000 139.460353,35.664376,86.330000 139.459378,35.664448,87.180000 139.458506,35.664536,87.880000 139.457597,35.664642,89.120000 139.456658,35.664754,91.450000 139.455768,35.664885,92.930000 139.454902,35.665018,95.270000 139.453935,35.665191,97.280000 139.452933,35.665424,99.240000 139.452083,35.665649,100.480000 139.451286,35.665880,100.940000 139.450522,35.666144,100.660000 139.449758,35.666431,99.990000 139.448998,35.666746,99.430000 139.448241,35.667099,98.410000 139.447471,35.667504,97.880000 139.446675,35.667947,97.820000 139.445936,35.668404,98.100000 139.445236,35.668889,97.200000 139.444505,35.669423,95.850000 139.443789,35.669978,94.410000 139.443096,35.670528,93.900000 139.442388,35.671137,94.080000 139.441720,35.671730,94.420000 139.441054,35.672331,94.520000 139.440357,35.672955,94.820000 139.439663,35.673563,95.330000 139.438936,35.674194,95.620000 139.438214,35.674795,96.320000 139.437467,35.675382,96.280000 139.436735,35.675918,95.970000 139.435957,35.676441,95.690000 139.435120,35.676938,96.560000 139.434254,35.677399,98.000000 139.433317,35.677823,99.480000 139.432550,35.678098,100.730000 139.431754,35.678327,101.590000 139.430932,35.678527,102.290000 139.430075,35.678681,103.540000 139.429198,35.678798,104.140000 139.428306,35.678880,104.520000 139.427416,35.678910,104.700000 139.426523,35.678880,104.610000 139.425625,35.678769,104.470000 139.424733,35.678607,104.670000 139.423862,35.678415,104.710000 139.423008,35.678185,104.730000 139.422160,35.677905,105.660000 139.421322,35.677599,106.480000 139.420480,35.677270,107.510000 139.419690,35.676960,107.880000 139.418700,35.676582,109.790000 139.417946,35.676284,111.870000 139.417167,35.675990,113.150000 139.416360,35.675734,114.520000 139.415519,35.675499,115.280000 139.414658,35.675293,115.360000 139.413801,35.675118,114.900000 139.412957,35.674976,114.710000 139.412117,35.674869,115.060000 139.411267,35.674765,116.840000 139.410403,35.674698,117.790000 139.409503,35.674652,118.300000 139.408613,35.674616,118.950000 139.407733,35.674597,119.670000 139.406846,35.674587,120.150000 139.405976,35.674591,120.300000 139.405124,35.674611,120.540000 139.404227,35.674629,121.650000 139.403345,35.674655,122.810000 139.402490,35.674713,123.640000 139.401637,35.674794,124.710000 139.400777,35.674883,125.600000 139.399925,35.674999,126.920000 139.399095,35.675124,128.200000 139.398015,35.675302,129.420000 139.397474,35.675405,130.420000 139.397201,35.675457,130.890000 139.396382,35.675619,132.320000 139.395340,35.675872,134.690000 139.394363,35.676151,137.150000 139.393522,35.676436,136.680000 139.392674,35.676764,135.660000 139.391760,35.677125,136.700000 139.391016,35.677447,138.890000 139.390225,35.677806,140.490000 139.389357,35.678207,141.150000 139.388609,35.678541,141.310000 139.387662,35.678942,141.980000 139.386988,35.679199,142.640000 139.386767,35.679278,142.640000 139.385919,35.679575,142.710000 139.385098,35.679823,143.990000 139.384291,35.680037,144.320000 139.383488,35.680212,144.490000 139.382511,35.680366,144.680000 139.381545,35.680436,144.260000 139.380531,35.680464,143.530000 139.379549,35.680427,142.350000 139.378558,35.680330,140.540000 139.377540,35.680169,139.080000 139.376555,35.679953,138.460000 139.375652,35.679677,139.250000 139.374823,35.679363,139.600000 139.373995,35.679033,141.650000 139.373202,35.678675,143.610000 139.372419,35.678312,144.320000 139.371523,35.677882,145.160000 139.370798,35.677520,146.660000 139.369924,35.677084,148.420000 139.369190,35.676716,150.720000 139.368473,35.676370,153.410000 139.367682,35.676010,156.470000 139.366889,35.675671,159.350000 139.366063,35.675389,160.940000 139.365235,35.675145,163.780000 139.364414,35.674951,166.330000 139.363524,35.674777,166.980000 139.362578,35.674653,165.180000 139.361598,35.674586,164.070000 139.360635,35.674601,163.760000 139.359583,35.674613,163.820000 139.358628,35.674652,164.360000 139.357656,35.674742,164.430000 139.356672,35.674860,164.170000 139.355702,35.675006,164.870000 139.354758,35.675161,165.890000 139.353829,35.675325,166.910000 139.352973,35.675508,167.290000 139.352144,35.675703,167.910000 139.351162,35.675894,168.280000 139.350309,35.676065,169.100000 139.349371,35.676221,168.350000 139.348437,35.676349,167.650000 139.347605,35.676484,167.490000 139.346535,35.676684,168.680000 139.345574,35.676813,168.870000 139.344725,35.676889,168.490000 139.343695,35.676983,168.330000 139.342652,35.677035,168.180000 139.341557,35.677049,167.980000 139.340691,35.677048,169.160000 139.339793,35.677022,170.110000 139.338873,35.676975,170.790000 139.337938,35.676927,171.640000 139.337295,35.676900,172.060000 139.336972,35.676885,172.310000 139.336028,35.676833,173.230000 139.335135,35.676792,173.730000 139.334262,35.676765,173.960000 139.333385,35.676750,174.270000 139.332520,35.676763,174.610000 139.331678,35.676786,175.210000 139.330832,35.676828,176.080000 139.329984,35.676891,176.830000 139.329148,35.676964,177.830000 139.328309,35.677050,178.320000 139.327475,35.677157,178.310000 139.326602,35.677250,178.860000 139.325690,35.677329,179.620000 139.324757,35.677401,180.380000 139.323787,35.677461,181.130000 139.322815,35.677489,180.740000 139.321872,35.677472,179.380000 139.320945,35.677428,178.640000 139.320002,35.677347,178.620000 139.319079,35.677221,178.520000 139.318211,35.677074,178.080000 139.317355,35.676881,178.500000 139.316486,35.676665,179.600000 139.315587,35.676404,180.710000 139.314676,35.676098,181.060000 139.313775,35.675749,181.460000 139.312909,35.675373,181.100000 139.312075,35.674967,181.020000 139.311270,35.674524,181.160000 139.310481,35.674041,181.830000 139.309709,35.673538,181.490000 139.308990,35.673020,181.300000 139.308267,35.672476,181.460000 139.307539,35.671912,181.420000 139.306814,35.671345,181.300000 139.306103,35.670772,181.270000 139.305386,35.670200,181.640000 139.304637,35.669631,182.200000 139.303867,35.669097,182.250000 139.303074,35.668589,182.400000 139.302223,35.668090,182.390000 139.301333,35.667642,182.550000 139.300386,35.667221,183.030000 139.299396,35.666792,183.990000 139.298376,35.666439,185.820000 139.297326,35.666132,187.340000 139.296253,35.665876,188.040000 139.295159,35.665644,188.570000 139.294064,35.665409,189.390000 139.292967,35.665149,190.550000 139.291885,35.664860,191.490000 139.290835,35.664530,192.470000 139.289827,35.664131,193.980000 139.288850,35.663658,195.500000 139.287967,35.663144,197.470000 139.287111,35.662568,199.490000 139.286247,35.661985,201.150000 139.285394,35.661401,201.930000 139.284595,35.660816,202.850000 139.283799,35.660252,204.440000 139.282961,35.659700,206.650000 139.282045,35.659177,209.520000 139.281106,35.658703,211.270000 139.280137,35.658286,212.800000 139.279144,35.657918,215.520000 139.278140,35.657603,218.610000 139.277104,35.657306,221.190000 139.276031,35.657018,223.970000 139.274938,35.656736,226.270000 139.273843,35.656405,228.670000 139.272784,35.656052,231.560000 139.271748,35.655662,233.860000 139.270719,35.655198,235.990000 139.269776,35.654679,238.120000 139.268875,35.654050,239.980000 139.268064,35.653337,241.640000 139.267360,35.652560,243.560000 139.266786,35.651774,246.260000 139.266616,35.651510,247.140000 139.266319,35.650985,248.940000 139.265960,35.650214,251.220000 139.265690,35.649419,253.500000 139.265563,35.648555,256.500000 139.265580,35.647725,259.670000 139.265678,35.646925,262.290000 139.265773,35.646127,263.990000 139.265768,35.645373,266.040000 139.265618,35.644614,266.750000 139.265266,35.643823,267.110000 139.264726,35.643064,267.910000 139.264032,35.642433,267.610000 139.263232,35.641932,267.170000 139.262362,35.641548,267.290000 139.261415,35.641296,267.690000 139.260389,35.641187,269.110000 139.259334,35.641168,270.750000 139.258336,35.641097,272.460000 139.257358,35.640924,274.560000 139.256445,35.640682,275.890000 139.255522,35.640472,277.830000 139.254548,35.640362,279.530000 139.253540,35.640372,281.480000 139.252518,35.640497,284.180000 139.251578,35.640685,285.800000 139.250654,35.640847,287.490000 139.249758,35.640934,288.850000 139.248846,35.640909,290.780000 139.247917,35.640799,292.220000 139.246991,35.640657,294.210000 139.246056,35.640564,296.550000 139.245129,35.640594,298.520000 139.244219,35.640677,300.700000 139.243328,35.640718,303.240000 139.242471,35.640639,306.260000 139.241638,35.640456,308.770000 139.240771,35.640246,311.640000 139.239874,35.640068,314.460000 139.238924,35.639998,317.450000 139.237961,35.640069,320.120000 139.237037,35.640257,322.820000 139.236094,35.640473,325.400000 139.235153,35.640615,328.030000 139.234230,35.640649,331.240000 139.233317,35.640595,334.650000 139.232714,35.640530,336.850000 139.232416,35.640495,338.010000 139.231514,35.640403,341.370000 139.230617,35.640373,345.190000 139.229727,35.640419,348.970000 139.228828,35.640498,352.720000 139.227914,35.640505,357.700000 139.226989,35.640390,361.830000 139.226049,35.640165,365.260000 139.225130,35.639913,368.260000 139.224211,35.639658,371.330000 139.227929,35.640163,373.380000 139.228846,35.639758,358.000000 139.227929,35.640163,358.000000 139.208014,35.634395,345.300000 139.206882,35.634009,345.300000 139.206387,35.633460,345.300000 139.205752,35.632944,345.300000 139.205144,35.632360,345.300000 139.204558,35.631625,345.300000 139.204108,35.630910,345.300000 139.203750,35.630227,345.300000 139.203473,35.629522,345.300000 139.203248,35.628759,345.300000 139.203039,35.627954,345.300000 139.202803,35.627126,345.300000 139.202458,35.626299,345.300000 139.201998,35.625558,345.300000 139.201398,35.624876,345.300000 139.200750,35.624264,345.300000 139.200021,35.623705,345.300000 139.199396,35.623330,345.300000 139.199173,35.623218,345.300000 139.198262,35.622812,345.300000 139.197351,35.622451,345.300000 139.196442,35.622093,345.300000 139.195621,35.621697,345.300000 139.194901,35.621244,345.300000 139.194736,35.621110,345.300000 139.194267,35.620675,345.300000 139.193699,35.620093,285.330000 139.193097,35.619526,283.430000 139.192340,35.618971,280.690000 139.191429,35.618553,278.280000 139.190477,35.618313,276.870000 139.189534,35.618203,275.560000 139.188630,35.618153,272.380000 139.187700,35.618155,268.710000 139.186739,35.618211,266.120000 139.185836,35.618331,264.380000 139.184968,35.618521,263.790000 139.184182,35.618795,263.600000 139.183441,35.619116,262.950000 139.182643,35.619527,262.340000 139.181838,35.619961,262.140000 139.180993,35.620366,262.120000 139.180117,35.620706,262.930000 139.179264,35.620979,263.960000 139.178436,35.621217,265.570000 139.177631,35.621463,268.080000 139.176771,35.621716,271.190000 139.175886,35.621975,273.800000 139.174971,35.622254,277.240000 139.174055,35.622511,280.800000 139.173087,35.622768,284.250000 139.172015,35.622984,284.750000 139.171151,35.623009,285.480000 139.170075,35.622854,286.830000 139.169090,35.622515,288.540000 139.168389,35.622137,289.430000 139.167761,35.621658,290.070000 139.167104,35.620970,290.170000 139.166552,35.620258,289.990000 139.166000,35.619555,289.220000 139.165458,35.618873,287.300000 139.164875,35.618158,284.950000 139.164241,35.617452,283.130000 139.163421,35.616853,281.250000 139.162717,35.616479,279.730000 139.161962,35.616174,278.410000 139.160943,35.615907,276.760000 139.159932,35.615785,275.150000 139.158889,35.615767,273.250000 139.157850,35.615879,272.200000 139.156860,35.616095,270.910000 139.155811,35.616392,269.830000 139.154934,35.616623,269.270000 139.153964,35.616802,268.310000 139.153023,35.616850,267.150000 139.152092,35.616787,266.300000 139.151174,35.616683,266.590000 139.150126,35.616566,266.720000 139.149261,35.616538,266.910000 139.148417,35.616635,267.270000 139.147372,35.616916,267.540000 139.146586,35.617151,267.840000 139.145586,35.617390,267.260000 139.144653,35.617548,267.510000 139.143771,35.617742,268.200000 139.143008,35.618117,269.060000 139.142368,35.618764,270.270000 139.141788,35.619447,270.400000 139.141185,35.619991,270.890000 139.140414,35.620434,272.110000 139.139397,35.620735,274.130000 139.138525,35.620901,276.010000 139.137612,35.621020,277.880000 139.136639,35.621093,279.750000 139.135630,35.621153,281.170000 139.134630,35.621242,281.700000 139.133676,35.621444,282.250000 139.132778,35.621729,282.860000 139.131904,35.622022,283.500000 139.130948,35.622276,284.720000 139.129902,35.622443,285.330000 139.128902,35.622547,285.800000 139.127937,35.622586,285.020000 139.126969,35.622560,284.890000 139.125969,35.622498,285.230000 139.124956,35.622403,285.600000 139.123954,35.622268,285.100000 139.122953,35.622117,285.090000 139.121968,35.621970,284.970000 139.121018,35.621820,284.290000 139.120081,35.621679,283.530000 139.119143,35.621561,282.950000 139.118213,35.621473,282.210000 139.117267,35.621402,281.540000 139.116308,35.621381,281.190000 139.115306,35.621382,281.260000 139.114301,35.621458,281.410000 139.113314,35.621607,281.330000 139.112344,35.621827,280.620000 139.111413,35.622109,279.510000 139.110534,35.622457,278.760000 139.109675,35.622852,277.870000 139.108862,35.623304,277.340000 139.108122,35.623763,277.240000 139.107443,35.624277,276.960000 139.106755,35.624838,275.980000 139.106095,35.625414,275.410000 139.105450,35.625966,274.900000 139.104814,35.626521,274.440000 139.104162,35.627099,273.970000 139.103484,35.627689,275.690000 139.102780,35.628271,277.120000 139.102070,35.628817,277.640000 139.101346,35.629339,278.290000 139.100633,35.629831,278.930000 139.099931,35.630268,280.030000 139.099235,35.630687,280.960000 139.098538,35.631098,282.410000 139.097826,35.631482,284.380000 139.096869,35.631937,286.160000 139.096059,35.632276,287.730000 139.095158,35.632562,290.140000 139.094290,35.632807,293.610000 139.093388,35.633007,296.380000 139.092469,35.633158,300.530000 139.091618,35.633250,305.120000 139.090526,35.633214,311.160000 139.089634,35.633135,314.760000 139.088685,35.632970,317.860000 139.087855,35.632776,321.550000 139.086837,35.632460,327.240000 139.086297,35.632295,330.720000 139.086019,35.632218,332.540000 139.085161,35.632000,337.920000 139.084302,35.631835,343.220000 139.083468,35.631749,348.010000 139.082618,35.631715,353.870000 139.081536,35.631757,361.350000 139.080705,35.631839,366.170000 139.079820,35.631971,370.530000 139.078970,35.632114,374.150000 139.078144,35.632260,377.890000 139.077265,35.632426,381.550000 139.076365,35.632580,385.620000 139.075530,35.632679,390.040000 139.075253,35.632705,391.720000 139.074671,35.632733,394.510000 139.073684,35.632700,398.020000 139.072683,35.632572,401.640000 139.071671,35.632426,404.290000 139.070686,35.632339,406.690000 139.069841,35.632352,410.430000 139.069071,35.632450,413.460000 139.068826,35.632493,414.590000 139.067955,35.632675,417.700000 139.067021,35.632900,418.280000 139.066181,35.633035,421.070000 139.065364,35.632826,427.870000 139.064556,35.632637,435.160000 139.064534,35.632628,435.100000 139.064504,35.632579,429.300000 139.064504,35.632579,429.300000 139.064479,35.632547,431.370000 139.064479,35.632547,431.370000 139.063877,35.632579,429.300000 139.063645,35.632580,429.300000 139.062825,35.632713,429.400000 139.062472,35.632850,429.400000 139.062183,35.633211,429.700000 139.061273,35.633162,429.700000 139.060357,35.633092,429.700000 139.059377,35.633010,429.700000 139.058432,35.632971,429.700000 139.057545,35.632966,429.700000 139.056691,35.632993,429.700000 139.055772,35.633051,429.700000 139.054753,35.633113,429.700000 139.053762,35.633122,429.700000 139.052787,35.633095,429.700000 139.051841,35.633006,429.700000 139.050914,35.632841,429.700000 139.050021,35.632592,429.700000 139.049171,35.632255,429.700000 139.048374,35.631838,429.700000 139.047640,35.631377,429.700000 139.046935,35.630844,429.700000 139.046274,35.630272,429.700000 139.045688,35.629666,429.700000 139.045166,35.629016,429.700000 139.044712,35.628338,429.700000 139.044266,35.627643,429.700000 139.043857,35.626937,429.700000 139.043493,35.626208,429.700000 139.043179,35.625482,429.700000 139.042856,35.624775,433.780000 139.042491,35.624074,433.480000 139.042098,35.623360,433.010000 139.041660,35.622650,432.560000 139.041164,35.621927,432.820000 139.040591,35.621200,433.510000 139.039917,35.620502,432.890000 139.039154,35.619864,432.690000 139.038355,35.619278,431.950000 139.037548,35.618688,432.040000 139.036620,35.618288,432.110000 139.035744,35.618016,431.980000 139.034729,35.617710,433.770000 139.033948,35.617449,434.650000 139.033195,35.617123,435.970000 139.032477,35.616743,436.960000 139.031789,35.616336,437.650000 139.031107,35.615935,438.010000 139.030420,35.615533,438.390000 139.029880,35.614944,439.220000 139.029257,35.614416,440.840000 139.028587,35.613911,441.410000 139.027727,35.613424,442.970000 139.027001,35.612985,444.050000 139.026286,35.612553,444.540000 139.025293,35.612259,444.510000 139.024289,35.611994,446.800000 139.023252,35.611820,444.740000 139.022225,35.611706,442.490000 139.021188,35.611594,442.740000 139.019173,35.611307,443.060000 139.018306,35.611506,442.530000 139.017364,35.611364,436.320000 139.016397,35.611160,431.630000 139.015427,35.610933,426.340000 139.014418,35.610689,422.730000 139.013419,35.610467,419.600000 139.012422,35.610300,416.080000 139.011423,35.610201,412.760000 139.010425,35.610178,408.840000 139.009415,35.610226,404.460000 139.008423,35.610348,400.450000 139.007487,35.610543,397.350000 139.006589,35.610810,394.920000 139.005745,35.611132,392.780000 139.004934,35.611503,391.310000 139.004179,35.611918,390.160000 139.003455,35.612375,389.930000 139.002737,35.612838,390.170000 139.002031,35.613319,390.590000 139.001348,35.613815,392.000000 139.000709,35.614298,392.230000 139.000094,35.614780,392.410000 138.999476,35.615278,393.070000 138.998829,35.615794,393.760000 138.998157,35.616330,394.050000 138.997469,35.616869,394.300000 138.996752,35.617428,393.980000 138.996022,35.617989,393.550000 138.995294,35.618558,393.860000 138.994536,35.619103,394.610000 138.993710,35.619607,395.730000 138.992794,35.619998,397.180000 138.991875,35.620272,398.640000 138.990976,35.620442,399.910000 138.990065,35.620523,400.890000 138.989151,35.620500,401.570000 138.988247,35.620412,402.380000 138.987362,35.620255,402.890000 138.986464,35.620025,403.170000 138.985568,35.619747,403.330000 138.984660,35.619462,403.370000 138.983700,35.619147,403.360000 138.982734,35.618836,402.810000 138.981783,35.618550,402.260000 138.980856,35.618318,401.560000 138.979951,35.618134,400.740000 138.979092,35.617981,400.010000 138.978228,35.617874,399.500000 138.977369,35.617818,399.350000 138.976504,35.617786,398.670000 138.975655,35.617749,397.510000 138.974819,35.617702,396.330000 138.973966,35.617625,394.950000 138.973119,35.617511,393.500000 138.972295,35.617350,392.390000 138.971260,35.617087,391.080000 138.970286,35.616767,389.060000 138.969304,35.616423,387.600000 138.968537,35.616165,387.370000 138.967545,35.615885,387.180000 138.966573,35.615672,387.070000 138.965563,35.615518,387.030000 138.964497,35.615416,387.110000 138.963660,35.615392,387.330000 138.962797,35.615430,387.100000 138.961903,35.615516,386.720000 138.961018,35.615647,386.860000 138.960141,35.615799,387.590000 138.959269,35.615966,388.530000 138.958395,35.616156,389.710000 138.957519,35.616369,390.920000 138.956675,35.616577,392.290000 138.955835,35.616777,394.010000 138.955284,35.616907,395.050000 138.955005,35.616974,395.400000 138.954159,35.617180,396.360000 138.953333,35.617389,397.550000 138.952480,35.617593,398.840000 138.951581,35.617821,399.560000 138.950656,35.618023,400.090000 138.949739,35.618214,400.550000 138.948816,35.618413,401.040000 138.947848,35.618577,401.550000 138.946815,35.618499,401.770000 138.945856,35.618397,401.820000 138.944870,35.618299,401.720000 138.943961,35.618201,401.240000 138.943086,35.618102,401.100000 138.942193,35.618011,401.470000 138.941302,35.617921,401.820000 138.937615,35.616320,390.800000 138.936715,35.616237,410.740000 138.936056,35.615799,414.750000 138.935479,35.615309,418.150000 138.934951,35.614762,420.280000 138.934489,35.614162,422.960000 138.934107,35.613511,426.070000 138.933732,35.612882,428.260000 138.933343,35.612244,430.610000 138.932981,35.611532,432.110000 138.932694,35.610857,432.580000 138.932397,35.610142,431.340000 138.932050,35.609417,428.390000 138.931644,35.608722,424.590000 138.931102,35.608111,422.970000 138.930438,35.607649,420.890000 138.929646,35.607320,418.100000 138.928781,35.607057,417.600000 138.927875,35.606836,417.530000 138.926986,35.606633,418.770000 138.926110,35.606445,420.600000 138.925227,35.606271,421.210000 138.924333,35.606082,420.300000 138.923479,35.605843,419.790000 138.922648,35.605539,419.600000 138.921882,35.605154,419.700000 138.921183,35.604709,420.340000 138.920503,35.604248,421.640000 138.919872,35.603756,422.560000 138.919361,35.603189,423.160000 138.918869,35.602578,424.250000 138.918429,35.601938,425.140000 138.918137,35.601299,425.880000 138.917921,35.600646,425.900000 138.917812,35.599977,426.550000 138.917825,35.599290,427.270000 138.917980,35.598618,429.160000 138.918350,35.597812,431.740000 138.918787,35.597075,432.670000 138.915088,35.599320,433.150000 138.923783,35.591349,435.590000 138.924393,35.590848,457.300000 138.924544,35.589986,458.580000 138.924629,35.589311,457.770000 138.924725,35.588607,457.480000 138.924836,35.587898,457.180000 138.924978,35.587176,456.440000 138.925181,35.586461,456.540000 138.925472,35.585774,457.120000 138.925889,35.585114,456.060000 138.926405,35.584537,456.510000 138.926959,35.584004,457.000000 138.927589,35.583557,458.100000 138.928251,35.583133,459.210000 138.928915,35.582699,460.320000 138.929569,35.582250,461.770000 138.930189,35.581749,462.990000 138.930704,35.581157,465.990000 138.931086,35.580520,468.650000 138.931309,35.579829,471.400000 138.931344,35.579116,474.240000 138.931205,35.578371,476.190000 138.930877,35.577641,475.470000 138.930441,35.576991,474.890000 138.929916,35.576374,475.450000 138.929325,35.575791,475.940000 138.928700,35.575231,476.580000 138.928057,35.574687,477.290000 138.927395,35.574176,478.050000 138.926699,35.573679,478.420000 138.925946,35.573192,478.440000 138.925152,35.572721,478.710000 138.924340,35.572265,479.110000 138.923536,35.571820,479.820000 138.922729,35.571368,480.500000 138.921911,35.570911,481.470000 138.921107,35.570453,482.330000 138.920322,35.570010,483.350000 138.919541,35.569575,484.630000 138.918745,35.569140,486.010000 138.917954,35.568699,487.560000 138.917143,35.568247,489.020000 138.916326,35.567793,490.530000 138.915504,35.567332,492.160000 138.914684,35.566869,493.860000 138.913873,35.566420,495.680000 138.913074,35.565978,497.370000 138.912281,35.565540,498.960000 138.911495,35.565104,500.420000 138.910732,35.564664,501.780000 138.910006,35.564213,503.170000 138.909293,35.563754,504.490000 138.908596,35.563274,505.260000 138.907931,35.562760,505.720000 138.907286,35.562220,506.960000 138.906671,35.561661,508.310000 138.906086,35.561090,509.900000 138.905531,35.560503,511.420000 138.905006,35.559899,512.470000 138.904513,35.559283,512.890000 138.904054,35.558650,513.740000 138.903614,35.558003,514.900000 138.903187,35.557345,516.220000 138.902769,35.556682,517.740000 138.902355,35.556024,519.090000 138.901943,35.555361,520.660000 138.901529,35.554698,522.110000 138.901116,35.554034,523.450000 138.900705,35.553372,524.800000 138.900296,35.552714,526.050000 138.899882,35.552055,527.470000 138.899474,35.551390,528.550000 138.899060,35.550726,530.060000 138.898645,35.550051,531.780000 138.898215,35.549380,533.840000 138.897776,35.548708,535.960000 138.897304,35.548051,538.110000 138.896801,35.547400,540.070000 138.896271,35.546770,541.890000 138.895671,35.546183,543.840000 138.895020,35.545630,545.950000 138.894350,35.545104,547.250000 138.893627,35.544621,548.050000 138.892865,35.544176,549.590000 138.892081,35.543759,551.700000 138.891259,35.543392,552.950000 138.890410,35.543076,553.640000 138.889537,35.542783,553.660000 138.888646,35.542541,554.210000 138.887748,35.542328,555.190000 138.886831,35.542133,556.130000 138.885906,35.541961,557.440000 138.884991,35.541811,558.920000 138.884080,35.541655,560.390000 138.883167,35.541505,562.300000 138.882250,35.541368,564.770000 138.881329,35.541227,566.840000 138.880405,35.541079,569.190000 138.879477,35.540929,571.590000 138.878552,35.540757,573.960000 138.877641,35.540549,576.410000 138.876745,35.540282,578.670000 138.875889,35.539948,581.090000 138.875074,35.539552,584.030000 138.874299,35.539108,586.750000 138.873536,35.538652,589.550000 138.872776,35.538200,593.260000 138.872008,35.537755,597.360000 138.871232,35.537329,600.760000 138.870430,35.536933,604.840000 138.869600,35.536564,608.250000 138.868761,35.536224,610.670000 138.867935,35.535931,612.780000 138.867088,35.535637,614.870000 138.866207,35.535343,616.480000 138.865319,35.535044,618.580000 138.864440,35.534737,620.550000 138.863607,35.534418,622.450000 138.862851,35.534091,624.720000 138.862125,35.533738,626.960000 138.861427,35.533360,629.660000 138.860537,35.532827,633.260000 138.859688,35.532252,636.250000 138.859070,35.531791,638.270000 138.858484,35.531293,640.220000 138.857928,35.530782,641.940000 138.857241,35.530086,644.250000 138.857078,35.529906,644.600000 138.856759,35.529537,645.460000 138.856150,35.528782,647.190000 138.855689,35.528181,647.750000 138.855233,35.527556,648.130000 138.854816,35.526899,649.350000 138.854397,35.526258,650.830000 138.853981,35.525642,652.540000 138.853572,35.525031,654.220000 138.853168,35.524424,655.840000 138.852762,35.523824,657.690000 138.852337,35.523222,659.450000 138.851898,35.522626,661.370000 138.851434,35.522034,663.580000 138.850955,35.521458,665.530000 138.850464,35.520888,667.670000 138.849946,35.520326,669.200000 138.849407,35.519773,670.890000 138.848843,35.519238,673.450000 138.848239,35.518710,676.120000 138.847620,35.518206,679.170000 138.846993,35.517732,681.890000 138.846336,35.517270,683.740000 138.845653,35.516820,685.740000 138.844949,35.516383,687.620000 138.844220,35.515969,689.650000 138.843471,35.515582,691.350000 138.842699,35.515209,693.350000 138.841944,35.514848,695.460000 138.841201,35.514489,698.020000 138.840448,35.514118,700.780000 138.839699,35.513725,703.640000 138.838965,35.513301,706.280000 138.838256,35.512834,708.480000 138.837576,35.512356,710.810000 138.836943,35.511847,713.850000 138.836341,35.511320,717.020000 138.835798,35.510782,719.730000 138.835294,35.510225,722.940000 138.834816,35.509666,726.080000 138.834217,35.508946,729.800000 138.833584,35.508241,733.580000 138.832924,35.507544,736.880000 138.832185,35.506880,740.210000 138.831582,35.506409,743.060000 138.830947,35.505971,746.060000 138.830193,35.505554,748.120000 138.829382,35.505182,750.650000 138.828557,35.504884,753.330000 138.827744,35.504655,755.600000 138.826924,35.504494,757.420000 138.826022,35.504394,760.370000 138.825036,35.504344,762.850000 138.824109,35.504344,764.680000 138.823187,35.504374,766.600000 138.822241,35.504423,768.520000 138.821320,35.504477,770.250000 138.820388,35.504531,771.660000 138.819401,35.504562,773.560000 138.818426,35.504567,775.220000 138.817491,35.504529,776.660000 138.816612,35.504454,779.080000 138.815746,35.504345,781.190000 138.814861,35.504204,782.780000 138.813961,35.504011,784.100000 138.813054,35.503765,785.130000 138.812189,35.503469,786.220000 138.811326,35.503140,787.620000 138.810481,35.502772,788.740000 138.809661,35.502384,789.360000 138.808874,35.501966,790.790000 138.808098,35.501561,791.940000 138.807327,35.501162,793.220000 138.806533,35.500741,794.300000 138.805747,35.500344,795.410000 138.804965,35.499961,796.400000 138.804155,35.499590,797.640000 138.803321,35.499245,799.730000 138.802478,35.498927,803.070000 138.801574,35.498620,806.190000 138.800587,35.498336,809.580000 138.799700,35.498119,812.140000 138.798732,35.497899,814.850000 138.797866,35.497710,817.210000 138.796976,35.497534,819.520000 138.796121,35.497350,822.220000 138.795274,35.497154,824.650000 138.794426,35.496922,826.980000 138.793586,35.496660,829.180000 138.792768,35.496347,831.290000 138.792011,35.496022,834.060000 138.791272,35.495653,836.590000 138.790565,35.495247,838.360000 138.789906,35.494832,839.610000 138.789119,35.494298,841.910000 138.788252,35.493719,844.580000 138.787517,35.493222,846.290000 138.786796,35.492754,848.650000 138.786061,35.492320,851.290000 138.785310,35.491936,854.510000 138.784543,35.491598,857.960000 138.783768,35.491310,861.370000 138.782987,35.491065,865.280000 138.782182,35.490854,868.690000 138.781174,35.490638,873.980000 138.780228,35.490438,878.210000 138.779286,35.490224,881.950000 138.778348,35.489989,885.070000 138.777440,35.489683,887.650000 138.776635,35.489302,889.940000 138.775894,35.488781,892.120000 138.775486,35.488148,894.900000 138.775285,35.487452,897.630000 138.775171,35.486709,898.680000 138.775109,35.486291,900.200000 138.775095,35.486006,901.190000 138.775008,35.485318,902.650000 138.774162,35.485097,901.490000 138.773309,35.485468,901.040000 138.772554,35.485792,901.300000 138.771725,35.486149,902.920000 138.770871,35.486417,906.430000 138.770119,35.486755,908.920000 138.769706,35.487385,908.750000 138.769588,35.487977,907.500000 138.769582,35.488089,907.340000 138.769481,35.488767,904.380000 138.770174,35.489157,900.700000 138.771043,35.489205,899.900000 138.771921,35.489190,901.400000 138.772813,35.489171,901.400000 138.773684,35.488993,901.400000 138.774510,35.489159,901.400000 138.775314,35.489437,890.000000 138.776069,35.489804,890.000000 138.776696,35.490306,883.000000 138.777417,35.490697,881.700000 138.778190,35.490619,880.400000 138.778275,35.490611,880.400000 138.779080,35.490446,880.610000 138.779881,35.490668,877.800000 138.780721,35.490666,879.700000 138.781443,35.490324,877.250000 138.782205,35.489904,875.440000 138.782496,35.489616,866.470000 138.782780,35.489413,873.200000 138.782280,35.489587,875.000000 138.782100,35.489651,875.000000 138.781904,35.489627,875.800000 138.782067,35.489488,875.000000 138.782076,35.489480,875.800000 138.782031,35.489530,875.800000 138.782031,35.489530,875.800000 138.782027,35.489531,875.800000 138.782027,35.489531,875.800000 138.782101,35.489476,875.000000 138.782101,35.489476,875.000000 138.782042,35.489513,875.000000 138.782042,35.489513,875.000000 138.782062,35.489499,875.000000 138.782062,35.489499,875.000000 138.782046,35.489501,875.000000 138.782046,35.489501,875.000000 138.782017,35.489539,875.000000 138.781982,35.489556,875.800000 138.781959,35.489506,875.000000 138.781987,35.489526,875.000000 138.782097,35.489583,875.400000 138.782097,35.489583,875.000000 138.782097,35.489583,875.000000 138.782097,35.489583,875.000000 138.782097,35.489583,875.000000 138.782122,35.489585,875.000000 138.782122,35.489585,875.000000 138.782358,35.489635,875.000000 138.782358,35.489635,875.000000 138.782358,35.489635,875.000000 138.782081,35.489484,875.400000 138.782111,35.489405,876.000000 138.782127,35.489388,876.000000 138.782147,35.489358,876.000000 138.782070,35.489458,876.000000 138.782061,35.489466,876.000000 138.782140,35.489393,876.000000 138.781944,35.489195,876.000000 138.781944,35.489195,876.000000 138.782240,35.489347,876.000000 138.782240,35.489347,876.000000 138.782240,35.489347,876.000000 138.782061,35.489512,876.000000 138.782146,35.489505,876.000000 138.783401,35.487996,876.000000 138.782898,35.488598,876.000000 138.782422,35.489167,876.000000 138.782379,35.489867,876.000000 138.782392,35.489879,876.000000 138.782134,35.489401,876.000000 138.782139,35.489399,876.000000 138.782137,35.489394,876.000000 138.782401,35.489120,876.000000 138.782212,35.489365,876.000000 138.782212,35.489365,876.000000 138.782373,35.489241,876.000000 138.782460,35.489395,876.000000 138.782460,35.489395,876.000000 138.782399,35.489403,876.000000 138.782152,35.489389,876.000000 138.782152,35.489389,876.000000 138.782234,35.489278,876.000000 138.782148,35.489389,876.000000 138.782099,35.489435,875.800000 138.782049,35.489307,875.800000 138.782253,35.489134,875.800000 138.782106,35.489376,876.000000 138.782127,35.489402,876.000000 138.782191,35.489729,876.000000 138.782163,35.489636,876.000000 138.782179,35.489594,876.000000 138.782108,35.489514,876.000000 138.782265,35.489040,875.800000 138.782136,35.489493,876.000000 138.782128,35.489434,876.000000 138.782125,35.489389,876.000000 138.781934,35.489292,876.000000 138.781934,35.489292,876.000000 138.781934,35.489292,876.000000 138.782152,35.489468,876.000000 138.782126,35.489402,876.000000 138.782066,35.489507,876.000000 138.782123,35.489403,876.000000 138.782123,35.489403,876.000000 138.782046,35.489189,876.000000 138.782001,35.489409,876.000000 138.782147,35.489349,876.000000 138.782147,35.489349,876.000000 138.782113,35.489386,876.000000 138.782033,35.489438,876.000000 138.782027,35.489396,876.000000 138.781855,35.489327,876.000000 138.781855,35.489327,876.000000 138.781794,35.489404,876.000000 138.781820,35.489479,875.800000 138.781733,35.489588,876.000000 138.781733,35.489588,876.000000 138.781733,35.489588,876.000000 138.781787,35.489333,876.000000 138.781787,35.489333,876.000000 138.781867,35.489346,876.000000 138.781867,35.489346,876.000000 138.782131,35.489397,876.000000 138.782146,35.489386,876.000000 138.782085,35.489224,876.000000 138.782299,35.489321,876.000000 138.782299,35.489321,875.800000 138.781708,35.489865,875.800000 138.781691,35.489884,875.800000 138.781993,35.489230,876.000000 138.782006,35.489247,876.000000 138.782094,35.489284,876.000000 138.781877,35.489529,876.000000 138.781877,35.489529,876.000000 138.781889,35.489449,876.000000 138.781889,35.489449,876.000000 138.782094,35.489401,876.000000 138.781986,35.489398,876.000000 138.782307,35.489406,876.000000 138.782135,35.489439,875.800000 138.782135,35.489439,875.800000 138.782078,35.489566,876.000000 138.781839,35.489571,875.800000 138.781850,35.489694,875.800000 138.782154,35.489391,876.000000 138.782017,35.489466,876.000000 138.781871,35.489531,876.000000 138.781849,35.489543,876.000000 138.780981,35.489547,875.800000 138.781847,35.489424,875.800000 138.781632,35.489474,876.000000 138.781936,35.489441,876.000000 138.782058,35.489381,876.000000 138.782161,35.489392,876.000000 138.781871,35.489143,876.000000 138.781871,35.489143,876.000000 138.781871,35.489143,876.000000 138.782113,35.489426,876.000000 138.782121,35.489426,876.000000 138.782304,35.489505,876.000000 138.782320,35.489472,876.000000 138.783172,35.489281,876.000000 138.782153,35.489395,876.000000 138.782389,35.489376,876.000000 138.782204,35.489387,876.000000 138.782154,35.489545,875.800000 138.782154,35.489545,875.800000 138.782251,35.489384,876.000000 138.782144,35.489485,876.000000 138.782124,35.489405,876.000000 138.782279,35.489398,876.000000 138.782192,35.488711,876.000000 138.782104,35.489390,876.000000 138.782142,35.489394,876.000000 138.782467,35.489099,876.000000 138.782467,35.489099,876.000000 138.782110,35.489187,875.800000 138.782223,35.489295,875.800000 138.782203,35.489167,876.000000 138.782087,35.489379,876.000000 138.782670,35.489866,876.000000 138.782202,35.489366,876.000000 138.782109,35.489356,876.000000 138.781389,35.489939,876.000000 138.782132,35.489398,876.000000 138.782145,35.489386,876.000000 138.782145,35.489386,876.000000 138.782208,35.490075,876.000000 138.782150,35.489395,876.000000 138.782119,35.489403,876.000000 138.782295,35.489556,876.000000 138.782046,35.489740,876.000000 138.782041,35.489759,876.000000 138.782305,35.489264,876.000000 138.782143,35.489389,876.000000 138.781712,35.488788,876.000000 138.782134,35.489387,876.000000 138.782107,35.489404,876.000000 138.781933,35.489321,875.800000 138.781933,35.489321,875.800000 138.781212,35.487392,876.000000 138.782149,35.489405,876.000000 138.782011,35.489585,876.000000 138.782003,35.489509,876.000000 138.781940,35.489469,876.000000 138.781940,35.489469,876.000000 138.781940,35.489469,876.000000 138.782075,35.489422,876.000000 138.782369,35.489538,876.000000 138.782136,35.489397,876.000000 138.782136,35.489397,876.000000 138.782063,35.489497,875.400000 138.782063,35.489497,875.400000 138.781311,35.490031,875.800000 138.781938,35.489552,875.000000 138.782092,35.489486,875.000000 138.782077,35.489498,875.400000 138.782077,35.489498,875.400000 138.782089,35.489637,875.000000 138.782020,35.489622,875.100000 138.782020,35.489622,876.900000 138.781540,35.490215,874.200000 138.780870,35.490620,874.200000 138.780294,35.491111,874.200000 138.779842,35.491730,890.400000 138.779288,35.492258,890.400000 138.778643,35.492893,890.400000 138.778505,35.493714,890.400000 138.778269,35.494495,890.400000 138.777721,35.495150,890.400000 138.776906,35.495543,890.400000 138.775982,35.495720,890.400000 138.775176,35.496130,890.400000 138.774412,35.496592,890.400000 138.773650,35.496979,890.400000 138.772988,35.497397,890.400000 138.772410,35.497978,906.950000 138.771859,35.498556,908.220000 138.771260,35.498975,908.520000 138.771185,35.499040,908.590000 138.770472,35.499477,908.260000 138.769859,35.499959,908.330000 138.769116,35.500330,907.070000 138.768508,35.500829,905.670000 138.767697,35.501032,901.480000 138.767552,35.501768,899.020000 138.768054,35.502377,894.760000 138.768765,35.502823,892.360000 138.769498,35.503140,888.720000 138.770299,35.503456,882.660000 138.771055,35.503883,877.830000 138.771595,35.504415,876.310000 138.771953,35.505079,877.860000 138.772079,35.505782,881.800000 138.772185,35.506500,881.800000 138.772792,35.507056,881.800000 138.773611,35.507434,881.800000 138.774010,35.508110,881.800000 138.774198,35.508855,881.800000 138.774350,35.509525,881.800000 138.774478,35.510279,881.800000 138.774628,35.511001,881.800000 138.774569,35.511762,881.800000 138.774231,35.512386,881.800000 138.773682,35.512936,881.800000 138.772972,35.513287,888.660000 138.772076,35.513304,889.090000 138.771268,35.513125,888.110000 138.770435,35.512966,886.620000 138.769615,35.512804,886.540000 138.768730,35.512607,884.560000 138.767880,35.512571,885.650000 138.767053,35.512924,887.440000 138.766270,35.513234,888.180000 138.766566,35.513900,890.100000 138.767140,35.514419,888.630000 138.767882,35.514764,882.450000 138.768169,35.515436,882.080000 138.768679,35.515994,877.330000 138.769214,35.516513,874.540000 138.770100,35.516780,873.460000 138.770896,35.516980,873.080000 138.771193,35.517679,879.600000 138.771960,35.518029,879.600000 138.771845,35.518754,879.600000 138.771534,35.519467,879.600000 138.771237,35.520127,879.600000 138.770904,35.520754,879.600000 138.770428,35.521413,879.600000 138.769939,35.521990,879.600000 138.769384,35.522538,879.600000 138.768787,35.523124,879.600000 138.768029,35.523587,879.600000 138.767234,35.523809,881.060000 138.766359,35.524086,880.730000 138.765604,35.524463,881.680000 138.764805,35.524845,881.760000 138.763896,35.524959,879.940000 138.763057,35.525042,880.290000 138.762250,35.525262,882.760000 138.761568,35.525725,884.380000 138.760617,35.525600,886.680000 138.759732,35.525344,886.070000 138.758913,35.525117,884.870000 138.758189,35.524650,884.560000 138.757797,35.523934,883.480000 138.757516,35.523296,883.750000 138.752250,35.523412,883.760000 138.755042,35.522590,896.450000 138.754201,35.522634,876.520000 138.753942,35.522567,882.200000 138.753808,35.522501,882.100000 138.752974,35.522520,883.800000 138.752094,35.522679,883.800000 138.751411,35.523128,883.800000 138.751222,35.523321,883.800000 138.750838,35.523663,883.800000 138.750077,35.523938,883.800000 138.749181,35.523761,883.800000 138.748328,35.523861,883.800000 138.747538,35.524092,881.300000 138.746694,35.524162,881.300000 138.745919,35.523856,881.300000 138.745159,35.523535,880.600000 138.744394,35.523234,880.600000 138.743586,35.522924,880.600000 138.742805,35.522607,880.600000 138.741989,35.522279,880.600000 138.741540,35.521593,880.600000 138.741349,35.520923,880.600000 138.741124,35.520257,880.600000 138.740918,35.519550,880.600000 138.740583,35.518928,880.600000 138.740242,35.518296,880.600000 138.740025,35.517553,880.600000 138.739906,35.516817,880.600000 138.740140,35.516143,883.800000 138.740477,35.515467,885.070000 138.740775,35.514799,883.890000 138.740162,35.514298,882.770000 138.739290,35.514295,881.650000 138.738397,35.514409,880.250000 138.737764,35.514970,880.190000 138.736953,35.515250,881.910000 138.736110,35.514937,882.190000 138.735501,35.514408,883.530000 138.735017,35.513798,884.500000 138.734695,35.513093,884.450000 138.733936,35.512683,884.610000 138.733025,35.512706,882.860000 138.732426,35.513312,882.770000 138.732163,35.513986,882.240000 138.731540,35.514451,882.340000 138.730695,35.514641,883.450000 138.730200,35.514602,883.460000 138.729733,35.514510,883.010000 138.728820,35.514265,882.570000 138.728195,35.513690,884.170000 138.727608,35.513120,884.420000 138.729339,35.512484,884.470000 138.723556,35.512048,877.350000 138.722855,35.511616,884.210000 138.722166,35.511105,888.010000 138.719700,35.510971,881.000000 138.718803,35.511170,881.000000 138.718570,35.511192,881.000000 138.717934,35.511115,881.000000 138.717455,35.510562,881.000000 138.716978,35.509913,881.000000 138.716496,35.509308,881.000000 138.716150,35.508691,881.000000 138.715848,35.508006,881.000000 138.715427,35.507392,881.000000 138.715201,35.506703,881.000000 138.715183,35.506015,881.000000 138.715193,35.505262,881.000000 138.715449,35.504560,888.030000 138.716250,35.504371,885.890000 138.717111,35.504449,885.320000 138.717983,35.504361,884.560000 138.718696,35.503993,884.980000 138.719426,35.503533,881.540000 138.720090,35.503009,882.450000 138.720683,35.502536,882.950000 138.721392,35.502173,878.690000 138.722282,35.502112,875.190000 138.723158,35.502026,874.440000 138.723956,35.501653,873.570000 138.724746,35.501365,874.110000 138.725669,35.501303,875.650000 138.726396,35.501764,878.020000 138.727271,35.502078,881.770000 138.728163,35.502271,883.200000 138.729014,35.501884,884.960000 138.729867,35.501896,885.170000 138.730461,35.502507,888.190000 138.731326,35.502679,893.600000 138.732176,35.502916,895.120000 138.732762,35.503475,894.030000 138.733619,35.503503,892.680000 138.734485,35.503384,893.860000 138.735460,35.503396,893.840000 138.736394,35.503314,893.340000 138.737281,35.503502,895.310000 138.737619,35.502875,901.900000 138.737401,35.502216,901.900000 138.737176,35.501506,901.900000 138.736788,35.500804,901.900000 138.736393,35.500138,901.900000 138.735811,35.499647,901.900000 138.735095,35.499262,901.900000 138.734408,35.498688,901.900000 138.733823,35.498138,901.900000 138.733202,35.497556,901.900000 138.732622,35.497000,901.900000 138.732123,35.496313,901.900000 138.731660,35.495692,901.900000 138.731173,35.495086,901.900000 138.730699,35.494427,934.020000 138.730157,35.493906,937.510000 138.729443,35.493553,941.420000 138.728729,35.493071,945.920000 138.728330,35.492411,949.590000 138.728170,35.491654,952.040000 138.727977,35.490907,953.670000 138.727813,35.490187,955.360000 138.727598,35.489416,956.930000 138.727425,35.488718,958.480000 138.727238,35.488004,960.550000 138.727038,35.487293,962.710000 138.726843,35.486583,964.960000 138.726483,35.485939,967.600000 138.725934,35.485349,971.170000 138.725357,35.484822,974.440000 138.724759,35.484230,978.750000 138.724178,35.483648,982.740000 138.723643,35.483129,989.300000 138.722788,35.483277,993.900000 138.721993,35.483592,993.900000 138.721186,35.483934,993.900000 138.720594,35.484121,998.100000 138.720299,35.484224,998.100000 138.719365,35.484505,998.100000 138.718421,35.484735,998.100000 138.717568,35.484524,998.100000 138.716840,35.484014,998.100000 138.716102,35.483599,998.100000 138.715228,35.483214,998.100000 138.714367,35.482828,998.100000 138.713494,35.482458,998.100000 138.712556,35.482128,998.100000 138.711633,35.481891,998.100000 138.710702,35.481701,998.100000 138.709694,35.481538,998.100000 138.708693,35.481351,998.100000 138.707695,35.481162,998.100000 138.706785,35.481005,998.100000 138.705944,35.480857,998.100000 138.704993,35.480693,1022.160000 138.704068,35.480538,1024.520000 138.703158,35.480373,1025.980000 138.702193,35.480215,1029.100000 138.701242,35.480069,1028.800000 138.700337,35.479979,1027.830000 138.699523,35.479844,1028.870000 138.698658,35.479721,1030.650000 138.697768,35.479623,1036.370000 138.696924,35.479630,1032.800000 138.695974,35.479685,1032.800000 138.695146,35.479743,1032.800000 138.694220,35.479784,1032.800000 138.693274,35.479771,1032.800000 138.692423,35.479588,1032.800000 138.691608,35.479160,1032.800000 138.690980,35.478655,1032.800000 138.690226,35.478176,1032.800000 138.689420,35.477718,1032.800000 138.688597,35.477466,1032.800000 138.687763,35.477449,1032.800000 138.686840,35.477609,1032.800000 138.686002,35.477757,1032.800000 138.685079,35.477888,1032.800000 138.684246,35.478013,1034.500000 138.683369,35.478114,1034.560000 138.682675,35.478058,1034.950000 138.682510,35.478033,1034.600000 138.681709,35.477813,1033.470000 138.680913,35.477597,1037.860000 138.679916,35.477544,1039.770000 138.679083,35.477643,1039.760000 138.678211,35.477722,1040.690000 138.677357,35.477927,1043.240000 138.676517,35.478313,1045.320000 138.675593,35.478604,1044.960000 138.674666,35.478464,1045.360000 138.673845,35.478277,1048.580000 138.672959,35.478119,1053.280000 138.672003,35.477922,1057.630000 138.671108,35.477887,1061.250000 138.670213,35.477949,1062.940000 138.669238,35.478039,1063.370000 138.668247,35.478085,1062.450000 138.667248,35.478020,1061.420000 138.666244,35.477963,1059.630000 138.665248,35.478009,1056.830000 138.664250,35.477842,1052.480000 138.663465,35.477557,1048.830000 138.662595,35.477261,1046.630000 138.661640,35.477305,1048.330000 138.661067,35.477981,1048.040000 138.660609,35.478690,1047.280000 138.659811,35.479107,1045.860000 138.659043,35.479387,1044.110000 138.658218,35.479846,1041.190000 138.657394,35.480258,1037.610000 138.656591,35.480738,1033.530000 138.655738,35.481214,1029.510000 138.655022,35.481610,1026.260000 138.654335,35.481988,1023.350000 138.653656,35.482383,1020.840000 138.652933,35.482830,1017.800000 138.652194,35.483292,1014.900000 138.651503,35.483708,1011.660000 138.650708,35.484217,1008.690000 138.650708,35.484217,1008.690000 138.650013,35.484649,1005.990000 138.649309,35.485087,1003.270000 138.648589,35.485541,1001.350000 138.647881,35.485984,999.770000 138.647191,35.486412,998.220000 138.647191,35.486412,998.220000 138.646509,35.486834,997.130000 138.645839,35.487254,996.230000 138.645038,35.487722,996.110000 138.644084,35.487960,997.140000 138.643198,35.487870,997.090000 138.642413,35.487563,998.090000 138.641499,35.487175,1000.140000 138.640593,35.486825,999.290000 138.639847,35.486517,1000.750000 138.638984,35.486146,1001.830000 138.638054,35.485951,1001.510000 138.637071,35.486111,1000.450000 138.636235,35.486259,1000.700000 138.635240,35.486348,1001.900000 138.634465,35.486054,1003.140000 138.633592,35.485661,1003.570000 138.632670,35.485608,1004.120000 138.631889,35.485991,1003.640000 138.631046,35.486381,1002.920000 138.630300,35.486737,1000.870000 138.629459,35.487105,998.740000 138.628563,35.487429,995.670000 138.627681,35.487793,993.260000 138.626782,35.488170,992.860000 138.626090,35.488558,992.200000 138.625395,35.488984,992.150000 138.624695,35.489383,991.750000 138.623683,35.489511,989.290000 138.622856,35.489201,986.610000 138.622180,35.488786,983.550000 138.621380,35.488316,980.590000 138.620563,35.487865,977.670000 138.619823,35.487326,974.980000 138.619484,35.486653,970.270000 138.619263,35.485961,962.660000 138.618562,35.485535,954.380000 138.617721,35.485829,953.760000 138.616806,35.486017,950.020000 138.615865,35.486133,946.800000 138.615029,35.486512,944.290000 138.614993,35.487202,943.760000 138.615291,35.487882,943.290000 138.614951,35.488497,943.640000 138.614042,35.488548,944.270000 138.613125,35.488621,944.100000 138.612237,35.488823,942.590000 138.611429,35.489180,945.250000 138.611744,35.489897,947.390000 138.612187,35.490578,947.040000 138.611933,35.491269,947.950000 138.611186,35.491622,949.400000 138.610479,35.492109,950.820000 138.610796,35.492782,952.550000 138.610723,35.493461,955.010000 138.610274,35.494094,950.490000 138.609429,35.494327,949.080000 138.608587,35.494203,949.470000 138.607866,35.493798,949.370000 138.607058,35.493644,949.960000 138.606459,35.493154,951.380000 138.606292,35.492402,952.730000 138.605736,35.491800,950.960000 138.604871,35.491861,949.640000 138.603995,35.491841,954.500000 138.603203,35.491522,954.500000 138.602567,35.491075,954.500000 138.603196,35.490636,958.000000 138.603962,35.490643,955.100000 138.603469,35.491191,955.100000 138.603708,35.491848,956.900000 138.604623,35.491920,954.500000 138.605440,35.491760,954.500000 138.606214,35.492134,954.500000 138.606423,35.492874,954.500000 138.606736,35.493587,954.500000 138.607622,35.493747,954.500000 138.608430,35.494006,954.500000 138.609194,35.494373,954.500000 138.610063,35.494181,954.500000 138.610920,35.493902,954.500000 138.611597,35.493512,954.500000 138.611017,35.492996,954.500000 138.610677,35.492376,954.280000 138.610823,35.491704,955.570000 138.611699,35.491404,954.530000 138.612358,35.490949,954.350000 138.612059,35.490207,953.890000 138.611512,35.489698,953.610000 138.611870,35.489030,949.400000 138.612623,35.488730,948.460000 138.613468,35.488654,948.830000 138.614303,35.488582,949.090000 138.615120,35.488459,949.930000 138.615410,35.487765,950.440000 138.615186,35.487071,950.290000 138.615342,35.486339,949.810000 138.616301,35.486201,948.670000 138.617127,35.486096,950.330000 138.617950,35.485820,951.630000 138.618713,35.485517,951.990000 138.619279,35.486127,954.500000 138.619590,35.486877,954.500000 138.620020,35.487589,954.500000 138.620795,35.488055,954.500000 138.621531,35.488438,954.500000 138.622316,35.488914,954.500000 138.623082,35.489348,954.500000 138.623930,35.489615,954.500000 138.624859,35.489408,954.500000 138.625568,35.488995,954.500000 138.626327,35.488557,954.500000 138.627101,35.488108,954.500000 138.627878,35.487765,954.500000 138.628747,35.487418,954.500000 138.629632,35.487077,954.500000 138.630454,35.486748,987.890000 138.631306,35.486395,988.570000 138.632203,35.486025,988.900000 138.633101,35.485684,990.770000 138.633958,35.485786,993.320000 138.634698,35.486128,996.190000 138.635537,35.486370,998.250000 138.636521,35.486223,1001.490000 138.637411,35.486078,1004.290000 138.638353,35.486013,1006.980000 138.639312,35.486297,1009.990000 138.640166,35.486701,1013.940000 138.641053,35.487056,1016.650000 138.641878,35.487359,1018.410000 138.642648,35.487714,1019.750000 138.643467,35.488085,1022.600000 138.644302,35.488436,1021.470000 138.645064,35.488908,1020.540000 138.645855,35.489437,1019.780000 138.646625,35.489925,1017.610000 138.647364,35.490348,1015.980000 138.648262,35.490620,1016.640000 138.648969,35.491078,1019.360000 138.649380,35.491781,1021.870000 138.649665,35.492480,1023.870000 138.649875,35.493192,1023.870000 138.649570,35.493961,1024.320000 138.649324,35.494611,1025.380000 138.649346,35.495379,1026.340000 138.649460,35.496173,1026.560000 138.649700,35.496843,1026.740000 138.650247,35.497403,1025.620000 138.650911,35.497818,1017.030000 138.651608,35.498267,1010.310000 138.652345,35.498702,1009.170000 138.653102,35.499059,1007.930000 138.654056,35.499248,1009.200000 138.654936,35.499339,1008.710000 138.655815,35.499430,1008.610000 138.656766,35.499377,1008.710000 138.657728,35.499314,1008.300000 138.658630,35.499562,1008.780000 138.658869,35.500248,1008.040000 138.658942,35.500964,1006.290000 138.659206,35.501679,1005.780000 138.660003,35.501988,1004.410000 138.660819,35.501811,997.950000 138.661729,35.501629,989.960000 138.662653,35.501580,982.880000 138.663557,35.501565,975.410000 138.664389,35.501343,967.810000 138.665148,35.500968,962.480000 138.665907,35.500546,958.470000 138.666420,35.499946,953.030000 138.667048,35.499455,945.730000 138.667767,35.499917,945.290000 138.668372,35.500418,943.750000 138.668936,35.501022,944.200000 138.669688,35.501335,945.030000 138.670564,35.500997,946.550000 138.671385,35.500598,946.300000 138.671395,35.499852,942.780000 138.672255,35.500198,942.210000 138.672762,35.500847,940.400000 138.672770,35.501528,938.140000 138.673453,35.502039,937.900000 138.674416,35.502242,937.600000 138.675333,35.502109,939.700000 138.675990,35.501629,945.910000 138.676589,35.501129,948.050000 138.677399,35.501341,949.160000 138.677863,35.502017,951.530000 138.678760,35.502389,955.220000 138.679627,35.502340,956.220000 138.680503,35.501978,953.430000 138.681382,35.502064,955.340000 138.681531,35.502812,959.040000 138.682090,35.503373,962.080000 138.682929,35.503534,961.840000 138.683794,35.503741,963.890000 138.684593,35.503924,965.600000 138.685198,35.503979,967.450000 138.685474,35.503965,968.360000 138.686403,35.503942,969.480000 138.687374,35.504103,970.690000 138.688244,35.504328,972.600000 138.689104,35.504513,974.790000 138.689962,35.504141,975.100000 138.690785,35.503982,974.140000 138.691626,35.504223,974.440000 138.692117,35.504802,973.250000 138.692792,35.505220,973.820000 138.693598,35.505459,973.670000 138.694434,35.505701,973.950000 138.695357,35.505881,973.360000 138.696289,35.506025,975.180000 138.697203,35.505753,977.120000 138.697638,35.505645,976.170000 138.698107,35.505558,975.440000 138.699062,35.505376,974.700000 138.699900,35.505214,972.960000 138.700755,35.505059,970.110000 138.701619,35.504922,967.560000 138.701297,35.505329,952.800000 138.700876,35.505259,952.800000 138.700044,35.505251,954.400000 138.700857,35.505038,953.700000 138.701724,35.504935,953.700000 138.702603,35.505079,953.700000 138.703467,35.505169,953.700000 138.704900,35.505290,953.700000 138.705837,35.505707,953.700000 138.706401,35.506218,953.700000 138.707275,35.506523,953.700000 138.708193,35.506778,953.700000 138.708810,35.507275,953.700000 138.709467,35.507744,953.700000 138.709600,35.507046,953.700000 138.710455,35.506731,935.090000 138.711293,35.506842,925.770000 138.712183,35.506999,916.290000 138.713116,35.507175,908.850000 138.713985,35.507333,903.800000 138.714809,35.507479,901.180000 138.715586,35.507836,883.000000 138.715975,35.508555,883.000000 138.716345,35.509168,883.000000 138.716871,35.509779,883.000000 138.717335,35.510385,883.000000 138.717826,35.511038,883.000000 138.718648,35.511274,883.000000 138.719569,35.511085,883.000000 138.720387,35.510951,883.000000 138.721305,35.510794,883.000000 138.723226,35.511936,883.000000 138.724063,35.512342,883.000000 138.725011,35.512396,883.000000 138.728687,35.514298,883.000000 138.729530,35.514529,883.000000 138.730471,35.514680,883.000000 138.731416,35.514611,892.840000 138.732124,35.514113,889.720000 138.732464,35.513354,882.320000 138.732691,35.512635,879.290000 138.733540,35.512611,877.110000 138.734398,35.512725,877.800000 138.734855,35.513360,878.840000 138.735073,35.514119,877.610000 138.735698,35.514709,879.280000 138.736449,35.515178,877.950000 138.737329,35.515261,878.590000 138.738126,35.514921,880.430000 138.738717,35.514423,880.930000 138.739664,35.514372,881.110000 138.740515,35.514652,883.280000 138.740642,35.515395,880.670000 138.740221,35.516018,880.920000 138.739941,35.516737,882.270000 138.740105,35.517524,883.070000 138.740278,35.518226,884.030000 138.740555,35.518995,885.860000 138.740955,35.519696,891.110000 138.741128,35.520416,893.210000 138.741345,35.521115,884.740000 138.741556,35.521771,883.710000 138.742088,35.522350,882.610000 138.742928,35.522694,882.060000 138.743698,35.523038,880.940000 138.744501,35.523371,880.490000 138.745293,35.523704,879.620000 138.746060,35.524001,881.190000 138.746867,35.524223,880.760000 138.747658,35.524015,878.860000 138.748576,35.523797,876.780000 138.749415,35.523809,875.650000 138.750327,35.523956,876.560000 138.751015,35.523507,877.810000 138.751678,35.522974,875.250000 138.752551,35.522612,874.260000 138.753506,35.522564,873.600000 138.754433,35.522697,873.370000 138.755420,35.522707,874.100000 138.756352,35.522525,873.900000 138.757708,35.522080,873.350000 138.758305,35.523246,872.960000 138.758199,35.523943,873.190000 138.758311,35.524718,874.870000 138.758907,35.525205,876.790000 138.759838,35.525423,876.810000 138.760638,35.525622,874.460000 138.761483,35.525816,884.800000 138.762217,35.525359,884.800000 138.763043,35.525097,884.800000 138.763905,35.524992,884.800000 138.764757,35.524869,884.800000 138.765502,35.524536,884.800000 138.766218,35.524107,884.800000 138.766992,35.523808,884.800000 138.767901,35.523617,884.800000 138.768664,35.523212,884.800000 138.769198,35.522656,884.800000 138.769750,35.522126,884.800000 138.770120,35.522139,879.900000 138.770918,35.521827,883.100000 138.771783,35.521905,883.100000 138.772622,35.521647,883.100000 138.773394,35.521393,883.100000 138.774219,35.521195,883.100000 138.775050,35.521004,883.100000 138.775885,35.520790,883.100000 138.776700,35.520570,883.100000 138.777439,35.520242,883.100000 138.778166,35.519849,883.100000 138.778916,35.519428,883.100000 138.776425,35.520618,883.100000 138.790627,35.500152,846.600000 138.791228,35.499684,846.600000 138.791224,35.499004,846.600000 138.791529,35.498307,846.600000 138.792331,35.498045,832.500000 138.793181,35.498281,832.500000 138.794059,35.498448,832.500000 138.794952,35.498640,832.500000 138.795760,35.498881,832.500000 138.796557,35.499175,832.500000 138.797329,35.499450,832.500000 138.798073,35.499105,817.000000 138.798567,35.498530,813.700000 138.799287,35.498107,811.200000 138.799835,35.498622,809.700000 138.800744,35.498664,809.900000 138.801588,35.498881,809.900000 138.802376,35.499154,809.900000 138.803168,35.499434,809.900000 138.803920,35.499762,809.900000 138.804691,35.500070,809.900000 138.805520,35.500422,809.900000 138.806246,35.500784,809.900000 138.806970,35.501271,809.900000 138.807688,35.501702,789.960000 138.808434,35.502111,786.710000 138.809191,35.502438,788.200000 138.809922,35.502800,788.200000 138.810674,35.503106,795.200000 138.811532,35.503434,795.200000 138.812357,35.503725,795.200000 138.813181,35.503971,795.200000 138.813962,35.504241,795.200000 138.814866,35.504425,795.200000 138.815756,35.504638,795.200000 138.816671,35.504768,795.200000 138.817545,35.504880,795.200000 138.818398,35.505070,795.200000 138.819047,35.504616,771.500000 138.819864,35.504458,773.100000 138.820638,35.504758,772.800000 138.821364,35.505224,772.800000 138.822048,35.505723,772.800000 138.822809,35.506234,772.800000 138.823457,35.506665,772.800000 138.824156,35.507122,772.800000 138.824819,35.507600,772.800000 138.825596,35.508061,772.800000 138.826285,35.508485,772.800000 138.827162,35.508342,754.100000 138.827692,35.507816,754.100000 138.828240,35.507257,754.100000 138.829052,35.507473,747.200000 138.829823,35.507802,747.200000 138.830678,35.507770,747.200000 138.831440,35.508060,747.200000 138.832287,35.508200,747.200000 138.833159,35.508118,747.200000 138.833803,35.508734,747.200000 138.834275,35.509323,747.200000 138.834797,35.509954,747.200000 138.835290,35.510497,747.200000 138.835801,35.511045,747.200000 138.836353,35.511590,747.200000 138.836976,35.512104,747.200000 138.837738,35.512647,747.200000 138.838612,35.513220,747.200000 138.839449,35.513711,747.200000 138.840234,35.514073,747.200000 138.841009,35.514449,747.200000 138.841851,35.514864,747.200000 138.842727,35.515315,747.200000 138.843608,35.515782,712.370000 138.844470,35.516276,710.050000 138.845276,35.516791,706.970000 138.846136,35.517377,704.180000 138.846862,35.517901,703.890000 138.847590,35.518462,701.990000 138.848278,35.519030,699.650000 138.848920,35.519615,695.830000 138.849572,35.520227,691.940000 138.850197,35.520882,689.950000 138.850773,35.521534,686.060000 138.851289,35.522224,682.310000 138.851819,35.522913,679.150000 138.852328,35.523605,674.080000 138.852823,35.524284,668.900000 138.853320,35.524975,663.440000 138.853781,35.525623,658.390000 138.854228,35.526266,653.880000 138.854684,35.526953,650.000000 138.855167,35.527662,646.620000 138.855658,35.528362,643.610000 138.856161,35.529030,641.140000 138.856696,35.529703,638.780000 138.857300,35.530338,636.500000 138.857898,35.530924,635.120000 138.858559,35.531505,632.980000 138.859298,35.532088,629.470000 138.860065,35.532644,626.750000 138.860845,35.533159,624.950000 138.861655,35.533629,623.320000 138.861934,35.533771,622.550000 138.862511,35.534046,621.120000 138.863435,35.534448,618.990000 138.864358,35.534800,616.810000 138.865242,35.535110,614.590000 138.866174,35.535425,612.380000 138.867122,35.535740,610.280000 138.868088,35.536083,609.840000 138.869042,35.536455,609.080000 138.869981,35.536849,607.660000 138.870931,35.537282,605.960000 138.871818,35.537752,604.660000 138.872678,35.538259,603.400000 138.873531,35.538783,603.050000 138.874383,35.539323,602.970000 138.875278,35.539834,602.710000 138.876253,35.540263,600.190000 138.877263,35.540596,597.190000 138.878315,35.540829,593.440000 138.879370,35.540999,590.530000 138.880435,35.541140,587.400000 138.881461,35.541287,584.150000 138.882442,35.541437,581.110000 138.883428,35.541594,577.970000 138.884464,35.541758,574.650000 138.885558,35.541946,571.430000 138.886647,35.542157,568.390000 138.887720,35.542393,564.920000 138.888765,35.542654,560.810000 138.889783,35.542963,556.640000 138.890785,35.543299,552.360000 138.891760,35.543711,549.260000 138.892829,35.544228,546.540000 138.893523,35.544616,544.620000 138.894204,35.545080,542.310000 138.894890,35.545661,539.180000 138.895569,35.546287,536.430000 138.896205,35.546922,533.630000 138.896711,35.547543,530.880000 138.897097,35.548188,526.370000 138.897231,35.548866,549.000000 138.897699,35.549437,549.000000 138.898346,35.549988,549.000000 138.898772,35.550590,549.000000 138.899177,35.551198,549.000000 138.899712,35.551906,549.000000 138.900220,35.552644,549.000000 138.900666,35.553392,549.000000 138.901125,35.554166,549.000000 138.901533,35.554782,549.000000 138.902178,35.555707,549.000000 138.902614,35.556393,549.000000 138.903055,35.557236,549.000000 138.903417,35.557933,549.000000 138.903961,35.558707,549.000000 138.904424,35.559327,549.000000 138.904919,35.559971,549.000000 138.905441,35.560577,549.000000 138.906075,35.561243,549.000000 138.906653,35.561872,549.000000 138.907130,35.562430,509.630000 138.907543,35.563060,506.770000 138.908153,35.563642,503.970000 138.909020,35.563624,500.300000 138.909348,35.562891,497.880000 138.908805,35.562368,501.610000 138.908019,35.562105,504.140000 138.907415,35.561611,504.020000 138.906678,35.562018,505.700000 138.906738,35.562725,505.700000 138.907454,35.563133,504.900000 138.907997,35.563660,504.900000 138.908735,35.563984,504.900000 138.909571,35.564290,504.900000 138.910272,35.564679,504.900000 138.910973,35.565087,504.900000 138.911740,35.565528,504.900000 138.912540,35.565935,504.900000 138.913264,35.566368,504.900000 138.913998,35.566802,504.900000 138.914719,35.567191,504.900000 138.914957,35.567318,504.900000 138.915491,35.567592,504.900000 138.916124,35.568034,489.150000 138.915651,35.568591,487.800000 138.915795,35.569298,487.800000 138.916459,35.569791,487.800000 138.917031,35.570430,487.800000 138.917528,35.570997,487.800000 138.918183,35.571420,487.800000 138.919005,35.571802,487.800000 138.919721,35.572150,487.800000 138.920484,35.572527,487.800000 138.921240,35.572921,487.800000 138.922020,35.573322,487.800000 138.922777,35.573676,487.800000 138.923471,35.574079,487.800000 138.924259,35.574476,474.780000 138.925058,35.574848,472.460000 138.925903,35.575216,470.720000 138.926642,35.575610,468.390000 138.926699,35.576286,464.300000 138.926527,35.576978,464.300000 138.926863,35.577616,465.000000 138.926522,35.578266,465.100000 138.926775,35.578938,466.700000 138.927262,35.579507,466.700000 138.927379,35.580182,466.700000 138.927195,35.580906,466.700000 138.927643,35.581540,466.700000 138.928091,35.582115,466.700000 138.928020,35.582829,466.700000 138.927397,35.583332,492.770000 138.928253,35.583464,454.600000 138.928951,35.583031,454.600000 138.929536,35.582630,454.600000 138.929649,35.582549,454.600000 138.930302,35.582093,454.600000 138.930529,35.582042,454.600000 138.930845,35.582623,452.600000 138.930967,35.582568,452.600000 138.931790,35.582842,452.800000 138.932500,35.583266,453.000000 138.933265,35.583723,453.000000 138.933965,35.584092,453.000000 138.934647,35.584480,453.000000 138.935396,35.584941,453.000000 138.936104,35.585379,453.000000 138.936546,35.585992,445.800000 138.936083,35.586568,445.800000 138.935651,35.587176,445.800000 138.935266,35.587865,445.800000 138.934820,35.588495,445.800000 138.934018,35.588927,445.800000 138.933179,35.589011,445.800000 138.932490,35.589416,445.800000 138.932104,35.590105,445.800000 138.931334,35.590471,445.800000 138.930939,35.590655,445.800000 138.930646,35.590963,435.700000 138.930126,35.591594,435.700000 138.929848,35.592324,435.700000 138.929919,35.593084,435.700000 138.929931,35.593796,435.700000 138.929978,35.594534,435.700000 138.930011,35.595247,435.700000 138.930045,35.596020,435.700000 138.930215,35.596703,435.700000 138.930731,35.597331,435.700000 138.931314,35.597912,435.700000 138.932026,35.598430,435.700000 138.932745,35.598935,435.700000 138.933456,35.599413,436.350000 138.934213,35.599896,436.870000 138.934934,35.600331,439.070000 138.935679,35.600789,438.780000 138.936338,35.601264,438.410000 138.936946,35.601818,436.990000 138.937593,35.602385,435.920000 138.938432,35.602793,434.820000 138.939316,35.603064,430.740000 138.940174,35.603012,427.080000 138.940174,35.603012,427.080000 138.941015,35.603254,424.640000 138.941454,35.603933,422.960000 138.941368,35.604688,421.700000 138.941309,35.604890,421.510000 138.941125,35.605371,420.550000 138.940770,35.606114,420.250000 138.940360,35.606751,418.530000 138.939852,35.607323,416.190000 138.940236,35.608040,417.770000 138.940955,35.608574,421.010000 138.941669,35.609017,422.430000 138.942445,35.609432,422.830000 138.943190,35.609857,422.050000 138.943912,35.610288,421.490000 138.944163,35.610960,423.440000 138.943691,35.611542,424.360000 138.943278,35.612160,408.700000 138.943986,35.612597,408.000000 138.944735,35.612968,408.000000 138.945553,35.613181,410.300000 138.946345,35.613419,410.100000 138.947155,35.613726,409.400000 138.947934,35.614021,409.400000 138.948368,35.614661,409.800000 138.948411,35.615349,409.800000 138.948416,35.616040,409.800000 138.948410,35.616715,398.900000 138.948593,35.617420,398.900000 138.949045,35.618010,398.900000 138.949903,35.618073,398.900000 138.950811,35.618124,398.900000 138.951574,35.618469,398.900000 138.952385,35.618182,398.900000 138.953226,35.618229,398.900000 138.953886,35.618689,398.900000 138.954059,35.619466,398.900000 138.954375,35.620129,398.900000 138.955254,35.620282,449.520000 138.956009,35.620628,454.730000 138.956165,35.621398,461.030000 138.956382,35.622100,461.730000 138.955723,35.622602,459.970000 138.954983,35.623003,457.790000 138.954095,35.623267,451.910000 138.953613,35.623854,449.360000 138.952922,35.624384,443.350000 138.952469,35.625014,442.470000 138.951585,35.625194,436.930000 138.950806,35.625520,430.020000 138.950600,35.626249,427.000000 138.950509,35.627007,425.530000 138.950035,35.627594,421.530000 138.949242,35.627849,420.660000 138.948476,35.628201,423.380000 138.948149,35.628355,424.540000 138.947661,35.628507,425.540000 138.947563,35.629223,428.720000 138.947654,35.629515,430.740000 138.947807,35.629940,431.110000 138.948050,35.630606,432.630000 138.947926,35.631355,422.400000 138.947503,35.632038,422.400000 138.946814,35.632416,422.400000 138.946194,35.632923,437.100000 138.945371,35.633033,437.100000 138.946278,35.633054,437.100000 138.947212,35.632958,437.100000 138.948148,35.633107,437.100000 138.948944,35.633412,437.100000 138.949155,35.634098,437.100000 138.949980,35.633868,437.100000 138.950805,35.633798,411.540000 138.951508,35.633867,410.760000 138.951638,35.633840,414.000000 138.951899,35.634501,406.200000 138.952088,35.635166,399.280000 138.952359,35.635856,395.210000 138.952580,35.636579,391.990000 138.952683,35.637271,391.640000 138.953161,35.637887,391.130000 138.953689,35.638484,388.690000 138.954396,35.638988,374.800000 138.955030,35.639536,374.800000 138.955883,35.639659,374.800000 138.956250,35.640347,374.800000 138.956049,35.641031,374.800000 138.955421,35.641553,374.800000 138.955028,35.642171,374.800000 138.955170,35.642866,374.800000 138.955152,35.643635,374.800000 138.955283,35.644318,374.800000 138.955991,35.644721,374.800000 138.956925,35.644801,374.800000 138.957835,35.644821,411.620000 138.958744,35.644845,420.100000 138.959443,35.645273,420.100000 138.960085,35.645780,420.100000 138.960684,35.646309,420.100000 138.961306,35.646841,420.100000 138.962007,35.647411,420.100000 138.962547,35.647983,420.100000 138.962628,35.648698,420.100000 138.962746,35.649435,420.100000 138.962811,35.650143,420.100000 138.962711,35.650385,420.100000 138.962306,35.650718,420.100000 138.961640,35.651192,420.100000 138.961195,35.651531,420.100000 138.960959,35.651686,420.100000 138.960369,35.652302,420.100000 138.960095,35.652951,420.100000 138.960264,35.653785,449.660000 138.960720,35.654394,448.930000 138.961293,35.654918,446.500000 138.962035,35.655346,446.750000 138.962609,35.655915,452.830000 138.963232,35.656498,454.990000 138.963740,35.657070,457.990000 138.964261,35.657645,460.260000 138.964665,35.658267,458.260000 138.964588,35.658995,459.270000 138.964331,35.659644,460.670000 138.964711,35.660267,461.810000 138.964945,35.660997,464.280000 138.965259,35.661717,467.830000 138.965636,35.662342,469.790000 138.966133,35.662896,473.060000 138.966658,35.663473,476.260000 138.967190,35.664082,480.310000 138.967298,35.664859,481.560000 138.967353,35.665580,481.230000 138.966943,35.666203,482.410000 138.966115,35.666287,483.260000 138.965361,35.666753,484.690000 138.965462,35.667510,487.300000 138.965621,35.668191,490.730000 138.965697,35.668896,493.180000 138.966033,35.669565,498.330000 138.966110,35.670262,502.710000 138.966075,35.670945,506.260000 138.965904,35.671735,509.150000 138.965857,35.672462,511.160000 138.966003,35.673204,514.360000 138.966419,35.673801,516.420000 138.966919,35.674346,517.700000 138.967207,35.674991,518.460000 138.967343,35.675699,518.030000 138.967636,35.676347,519.270000 138.967846,35.677124,521.140000 138.968065,35.677832,525.000000 138.968360,35.678511,527.490000 138.968572,35.679209,529.480000 138.968571,35.679930,529.840000 138.968580,35.680667,531.500000 138.968791,35.681400,532.690000 138.969114,35.682169,535.350000 138.969469,35.682786,537.130000 138.970050,35.683371,541.050000 138.970168,35.684098,543.380000 138.969928,35.684751,544.360000 138.969151,35.685007,543.190000 138.968310,35.685001,543.240000 138.967544,35.685333,543.180000 138.966786,35.685612,541.480000 138.965878,35.685789,540.340000 138.965145,35.686235,540.270000 138.964542,35.686738,542.960000 138.964111,35.687388,546.560000 138.964421,35.688119,548.960000 138.964688,35.688793,553.650000 138.964184,35.689334,563.160000 138.963508,35.689751,570.820000 138.962722,35.689982,576.590000 138.962248,35.690556,583.510000 138.961531,35.690897,586.270000 138.960799,35.691424,587.340000 138.960121,35.691836,590.560000 138.959218,35.692107,591.850000 138.958457,35.692409,592.700000 138.957651,35.692889,594.710000 138.956931,35.693228,597.210000 138.956424,35.693776,598.710000 138.955693,35.694100,603.920000 138.954799,35.693958,603.370000 138.953950,35.694033,605.990000 138.953146,35.694236,608.270000 138.952635,35.694799,611.060000 138.952721,35.695527,612.580000 138.952880,35.696241,614.120000 138.952969,35.697095,616.180000 138.952192,35.697365,615.420000 138.951374,35.697523,617.920000 138.950498,35.697737,617.470000 138.950140,35.698403,617.940000 138.950247,35.699220,618.390000 138.949927,35.699961,619.360000 138.949563,35.700671,620.380000 138.949793,35.701416,620.670000 138.950288,35.702152,624.780000 138.951019,35.702723,626.260000 138.951713,35.703291,629.680000 138.952114,35.703902,636.480000 138.951906,35.704634,640.470000 138.951308,35.705164,645.160000 138.950656,35.705628,648.050000 138.950719,35.706362,652.090000 138.951056,35.707050,656.250000 138.951255,35.707823,660.610000 138.951306,35.708520,665.690000 138.950695,35.709013,670.140000 138.949855,35.709229,675.460000 138.948980,35.709167,679.960000 138.948198,35.708826,682.040000 138.947400,35.708437,685.540000 138.946556,35.708078,688.430000 138.945724,35.708185,690.850000 138.944689,35.708133,692.690000 138.943803,35.707795,694.050000 138.942962,35.707538,695.250000 138.942123,35.707809,695.990000 138.942452,35.708542,699.280000 138.942494,35.709278,703.490000 138.942149,35.709940,705.150000 138.941559,35.710533,707.500000 138.941370,35.711357,708.030000 138.940852,35.711900,705.900000 138.940212,35.712452,704.580000 138.939565,35.713064,706.440000 138.940279,35.714516,706.440000 138.940594,35.713223,706.440000 138.938533,35.716092,672.900000 138.938522,35.716836,699.620000 138.938859,35.717539,715.590000 138.939283,35.718219,721.910000 138.939626,35.718866,724.370000 138.939858,35.719578,726.030000 138.939858,35.719578,726.030000 138.940243,35.720195,734.190000 138.941038,35.720599,741.950000 138.941810,35.721043,750.220000 138.942552,35.721454,758.210000 138.940279,35.717647,760.930000 138.960108,35.744087,813.260000 138.959918,35.744892,777.410000 138.959413,35.745505,792.130000 138.958920,35.746076,798.220000 138.958277,35.746659,807.490000 138.957519,35.747129,811.640000 138.956723,35.747530,814.370000 138.955809,35.747610,814.310000 138.955731,35.748300,814.380000 138.955283,35.748962,815.500000 138.954496,35.749249,811.160000 138.954415,35.749963,809.410000 138.954910,35.750575,809.020000 138.955048,35.751335,803.270000 138.954113,35.751214,791.050000 138.953264,35.751001,781.780000 138.953705,35.751596,755.500000 138.953497,35.752315,755.500000 138.953101,35.753013,755.500000 138.952646,35.753710,755.500000 138.952743,35.754465,755.500000 138.952770,35.755151,755.500000 138.952146,35.755688,755.500000 138.951212,35.755834,755.500000 138.950421,35.756085,755.500000 138.950681,35.755398,755.500000 138.950715,35.754664,755.500000 138.950476,35.754018,764.780000 138.949941,35.753477,776.700000 138.949861,35.753391,776.600000 138.949822,35.754067,776.500000 138.950634,35.754330,775.800000 138.950602,35.755086,775.800000 138.950191,35.755754,775.800000 138.951047,35.755935,775.800000 138.950273,35.756211,775.800000 138.949407,35.756442,775.800000 138.948599,35.756778,775.800000 138.948128,35.756175,775.800000 138.947567,35.755593,775.800000 138.947318,35.756306,744.310000 138.946757,35.756830,739.630000 138.946138,35.757370,729.630000 138.946833,35.757814,695.500000 138.947395,35.758442,695.500000 138.948171,35.758723,681.000000 138.949092,35.758468,681.000000 138.949856,35.758100,681.000000 138.950748,35.758179,681.000000 138.951628,35.758417,681.000000 138.952389,35.758048,681.000000 138.953004,35.757537,681.000000 138.953910,35.757403,681.000000 138.954896,35.757413,681.000000 138.955791,35.757503,681.000000 138.956663,35.757691,681.000000 138.957493,35.757873,681.000000 138.957743,35.758572,681.000000 138.958575,35.758758,681.000000 138.959327,35.759151,681.000000 138.959944,35.759652,655.600000 138.960744,35.759450,653.520000 138.961460,35.759085,656.010000 138.962311,35.758731,656.800000 138.963158,35.758724,658.560000 138.964005,35.758527,657.140000 138.964793,35.758182,655.360000 138.965746,35.758311,655.630000 138.965854,35.758427,655.570000 138.966011,35.758958,656.030000 138.966228,35.759731,654.380000 138.966678,35.760351,647.480000 138.967319,35.760895,645.100000 138.968210,35.761057,642.660000 138.969134,35.760717,641.570000 138.969925,35.760239,639.610000 138.970725,35.760053,635.930000 138.971663,35.760335,636.450000 138.972525,35.760590,634.600000 138.973433,35.760651,631.110000 138.974380,35.760617,629.120000 138.975336,35.760502,626.270000 138.976346,35.760379,621.780000 138.977260,35.760240,619.180000 138.978165,35.760158,616.860000 138.979093,35.760184,614.640000 138.979706,35.760799,612.400000 138.980527,35.761128,609.700000 138.980860,35.761874,608.470000 138.981488,35.762323,602.090000 138.982161,35.762760,603.040000 138.982880,35.763127,603.060000 138.983861,35.763013,601.860000 138.984653,35.762567,598.090000 138.985365,35.762150,595.600000 138.986243,35.761902,592.220000 138.987172,35.761797,587.890000 138.988064,35.761803,585.890000 138.988960,35.761467,585.750000 138.989810,35.761260,584.930000 138.990643,35.761304,586.030000 138.990709,35.761983,581.990000 138.991449,35.762415,585.150000 138.991811,35.762454,584.460000 138.992272,35.762514,582.780000 138.993080,35.762779,582.870000 138.992865,35.763512,583.120000 138.992479,35.764127,583.270000 138.992228,35.764862,582.300000 138.992774,35.765460,583.120000 138.993266,35.766163,584.490000 138.993435,35.766883,587.580000 138.994000,35.767489,589.970000 138.994939,35.767478,590.370000 138.995840,35.767677,589.210000 138.996037,35.767701,588.380000 138.996740,35.767727,587.630000 138.997577,35.767536,587.660000 138.998416,35.767815,588.770000 138.998390,35.768567,587.700000 138.998002,35.769336,586.310000 138.997620,35.769966,585.070000 138.997437,35.770705,583.730000 138.996973,35.771375,584.050000 138.997002,35.772081,584.090000 138.997192,35.772833,582.850000 138.997528,35.773508,582.110000 138.998127,35.774040,581.500000 138.998916,35.774299,579.100000 138.999522,35.774853,578.840000 139.000116,35.775337,578.860000 139.001046,35.775172,578.230000 139.001774,35.774728,576.670000 139.002546,35.775115,576.530000 139.002804,35.775813,577.530000 139.002535,35.776503,577.850000 139.002598,35.777250,577.970000 139.003107,35.777861,578.350000 139.004009,35.778080,577.940000 139.004696,35.778495,582.280000 139.005567,35.778615,582.630000 139.006447,35.778886,579.940000 139.007286,35.779092,579.180000 139.008270,35.779178,579.930000 139.009220,35.779238,578.780000 139.010054,35.779141,578.360000 139.010959,35.778969,578.300000 139.011851,35.778698,578.670000 139.012567,35.778310,576.080000 139.013372,35.778087,575.340000 139.014337,35.777926,575.960000 139.015102,35.777622,575.330000 139.015888,35.777941,575.770000 139.015939,35.778695,575.340000 139.016051,35.779391,586.850000 139.016326,35.780036,588.360000 139.017020,35.780448,583.150000 139.017752,35.780917,582.380000 139.018554,35.781338,582.840000 139.018757,35.780471,582.840000 139.021081,35.781348,583.000000 139.021932,35.781702,583.000000 139.022771,35.781876,583.000000 139.023654,35.781756,583.000000 139.024480,35.781531,583.000000 139.025221,35.781942,583.000000 139.025410,35.782653,583.000000 139.028217,35.781422,583.000000 139.028069,35.782160,583.000000 139.028505,35.782889,583.000000 139.029089,35.783410,583.000000 139.029960,35.784080,583.000000 139.030878,35.783818,583.000000 139.031770,35.783612,583.000000 139.031770,35.783612,583.000000 139.033551,35.785120,583.000000 139.033996,35.785703,583.000000 139.034617,35.785240,583.000000 139.034486,35.784561,583.000000 139.034383,35.783822,599.650000 139.034505,35.783028,626.740000 139.034859,35.782382,617.080000 139.035688,35.782445,596.520000 139.036228,35.782971,592.520000 139.036743,35.783526,594.400000 139.037519,35.783810,597.360000 139.038362,35.783981,590.290000 139.039198,35.784147,586.460000 139.040139,35.784194,584.680000 139.041027,35.784268,580.950000 139.041898,35.784246,579.180000 139.042319,35.784170,579.430000 139.042798,35.783993,578.920000 139.043506,35.783627,576.810000 139.044391,35.783680,575.860000 139.044257,35.784377,573.350000 139.044036,35.785117,572.740000 139.043416,35.785678,577.680000 139.042702,35.786051,577.190000 139.042469,35.786705,575.610000 139.043370,35.786666,577.370000 139.044299,35.786932,574.170000 139.044857,35.787492,576.550000 139.045602,35.787880,575.560000 139.045027,35.788461,576.680000 139.044376,35.789000,579.870000 139.043460,35.789062,578.750000 139.042688,35.789376,578.220000 139.042764,35.790062,579.380000 139.043491,35.789721,589.520000 139.043123,35.789593,582.330000 139.043052,35.789161,583.720000 139.042686,35.789381,585.260000 139.042566,35.790133,589.570000 139.043363,35.789468,590.170000 139.047336,35.794108,590.840000 139.048243,35.793958,554.110000 139.049103,35.793881,563.350000 139.049935,35.793751,560.180000 139.050838,35.793684,555.430000 139.051529,35.794099,551.570000 139.052459,35.793912,549.180000 139.051567,35.793984,547.150000 139.057146,35.794337,519.400000 139.058604,35.793560,519.400000 139.059390,35.793932,519.400000 139.059958,35.794456,519.400000 139.064823,35.794315,519.400000 139.063796,35.794515,519.400000 139.064612,35.794781,519.400000 139.065491,35.794921,519.400000 139.066342,35.794862,519.400000 139.066342,35.794862,519.400000 139.067231,35.794814,519.400000 139.069865,35.794291,519.400000 139.070755,35.794350,519.400000 139.071573,35.793989,519.400000 139.072378,35.793649,519.400000 139.073317,35.793682,519.400000 139.073660,35.794465,519.400000 139.073875,35.795154,519.400000 139.074344,35.795746,457.720000 139.075113,35.796178,458.990000 139.075113,35.796178,458.990000 139.078110,35.798043,389.870000 139.079029,35.798113,423.810000 139.082817,35.799724,451.070000 139.083225,35.799049,392.970000 139.084125,35.798828,404.680000 139.084596,35.799479,411.490000 139.084602,35.800196,405.960000 139.084465,35.800862,405.040000 139.085071,35.801496,406.240000 139.085924,35.801859,406.330000 139.086824,35.801796,405.080000 139.087638,35.801623,404.030000 139.088229,35.801046,397.830000 139.089090,35.800730,394.070000 139.089908,35.800876,391.360000 139.090723,35.801209,387.800000 139.090864,35.801267,387.480000 139.091442,35.801581,386.010000 139.091948,35.802163,385.740000 139.091961,35.802936,383.870000 139.092024,35.803614,389.510000 139.092671,35.804107,389.230000 139.093286,35.804574,386.720000 139.093581,35.805305,385.910000 139.094306,35.805735,384.140000 139.094958,35.806186,383.550000 139.095454,35.806749,385.560000 139.095726,35.807424,388.780000 139.096382,35.807842,388.140000 139.097073,35.808233,384.770000 139.097739,35.807799,383.300000 139.098230,35.807166,383.300000 139.098813,35.806639,376.800000 139.099579,35.806289,377.200000 139.100081,35.805668,377.200000 139.100559,35.805011,377.200000 139.101072,35.804456,377.200000 139.101626,35.803941,377.200000 139.102161,35.803383,377.200000 139.102483,35.802694,377.200000 139.103291,35.802337,377.200000 139.103950,35.801914,377.200000 139.103473,35.802019,377.200000 139.103090,35.802165,371.680000 139.102296,35.802419,371.470000 139.104608,35.802702,371.400000 139.087598,35.799944,411.400000 139.090213,35.800868,387.400000 139.090917,35.801263,387.400000 139.091632,35.801758,387.400000 139.092082,35.802427,387.400000 139.091906,35.803174,387.400000 139.092094,35.803711,387.400000 139.092185,35.803810,387.400000 139.092850,35.804268,387.400000 139.093422,35.804775,387.400000 139.093638,35.805509,387.400000 139.094397,35.805788,387.400000 139.095079,35.806225,387.400000 139.095532,35.806872,387.400000 139.095813,35.807517,377.570000 139.096500,35.807923,377.220000 139.097223,35.808316,373.440000 139.097739,35.807736,374.320000 139.098284,35.807166,377.760000 139.098883,35.806671,376.800000 139.099138,35.806709,372.000000 139.099138,35.806709,377.600000 139.099138,35.806709,377.400000 139.098412,35.807073,376.800000 139.097899,35.807689,376.800000 139.097432,35.808254,383.300000 139.097654,35.808298,380.400000 139.098286,35.808284,380.400000 139.099193,35.808321,380.400000 139.100093,35.808209,380.400000 139.100932,35.808117,380.400000 139.104608,35.802702,380.400000 139.102669,35.802555,372.600000 139.104348,35.803574,372.600000 139.104106,35.802699,372.600000 139.104702,35.802220,372.600000 139.105665,35.802088,372.600000 139.106585,35.802377,372.600000 139.107440,35.802777,372.600000 139.108114,35.803274,372.600000 139.108717,35.803745,372.600000 139.109472,35.804097,372.600000 139.110084,35.804738,372.600000 139.110562,35.805292,372.600000 139.111174,35.805913,372.600000 139.111762,35.806505,372.600000 139.112187,35.807137,372.600000 139.112791,35.807686,372.600000 139.113193,35.808361,372.600000 139.113650,35.809025,372.600000 139.114121,35.809646,372.600000 139.114416,35.810368,353.820000 139.115042,35.810838,354.090000 139.115472,35.811540,354.880000 139.115956,35.812123,356.580000 139.116683,35.812469,358.240000 139.117519,35.812764,358.940000 139.118416,35.812702,358.760000 139.119326,35.812924,358.480000 139.120257,35.812743,357.310000 139.121087,35.812797,356.340000 139.121870,35.812489,355.350000 139.122538,35.812014,355.510000 139.123501,35.811795,355.810000 139.124133,35.812481,354.430000 139.124647,35.813116,353.430000 139.125390,35.813512,355.100000 139.126305,35.813613,358.050000 139.127231,35.813683,358.630000 139.128280,35.813983,358.770000 139.128722,35.814610,354.200000 139.129500,35.814955,351.720000 139.130066,35.815524,354.030000 139.130965,35.815732,356.890000 139.131742,35.815383,357.350000 139.132345,35.814893,358.880000 139.132842,35.814318,359.350000 139.133258,35.813752,359.580000 139.133320,35.813659,359.910000 139.134174,35.813598,360.530000 139.134885,35.814100,358.720000 139.135238,35.814796,358.300000 139.136171,35.814946,358.000000 139.137041,35.815063,356.720000 139.137757,35.815454,354.820000 139.138558,35.815663,348.480000 139.139411,35.815879,302.000000 139.140402,35.815909,334.410000 139.141258,35.815922,334.190000 139.142090,35.815885,332.350000 139.143069,35.815806,331.640000 139.143979,35.815546,333.190000 139.144680,35.815181,333.290000 139.145138,35.814960,334.590000 139.145504,35.814786,335.420000 139.146288,35.814488,337.420000 139.147118,35.814541,336.180000 139.147686,35.815056,336.470000 139.148258,35.815570,338.040000 139.149125,35.815742,335.440000 139.149967,35.815695,333.240000 139.150851,35.815751,331.250000 139.151729,35.815711,330.320000 139.152062,35.815355,332.800000 139.152062,35.815355,332.000000 139.152062,35.815355,331.900000 139.152062,35.815355,332.800000 139.152969,35.815705,331.900000 139.153874,35.815775,331.900000 139.154289,35.815678,331.900000 139.154633,35.815497,331.900000 139.154979,35.814681,331.900000 139.155324,35.813808,331.900000 139.155493,35.813015,331.900000 139.155537,35.812183,331.900000 139.156106,35.811638,331.900000 139.156822,35.811178,331.900000 139.157065,35.810999,331.900000 139.157539,35.810627,331.900000 139.158124,35.810135,331.900000 139.158880,35.809683,331.900000 139.159712,35.809414,331.900000 139.160626,35.809355,331.900000 139.161363,35.809728,305.990000 139.161889,35.810298,305.430000 139.161981,35.810979,304.260000 139.161942,35.811654,301.810000 139.162100,35.812369,300.240000 139.162698,35.812921,300.990000 139.163398,35.813452,302.170000 139.164343,35.813455,302.000000 139.165210,35.813201,300.120000 139.165857,35.812709,299.700000 139.166475,35.812212,300.100000 139.167097,35.811682,300.020000 139.167766,35.811139,300.450000 139.168410,35.810683,299.320000 139.168850,35.809960,298.910000 139.169170,35.809313,299.140000 139.169405,35.808594,298.770000 139.169613,35.807855,297.800000 139.170044,35.807227,298.560000 139.170597,35.806638,297.200000 139.171140,35.806112,296.260000 139.172092,35.806230,294.730000 139.172637,35.806851,294.830000 139.173207,35.807378,295.430000 139.173969,35.807712,295.510000 139.174741,35.807912,295.040000 139.174892,35.807893,294.910000 139.175384,35.807807,294.180000 139.175713,35.807748,293.480000 139.176492,35.807438,291.640000 139.177189,35.806980,290.490000 139.177408,35.806274,291.860000 139.177255,35.805585,293.120000 139.177057,35.804829,294.050000 139.176894,35.804153,292.870000 139.176743,35.803463,292.400000 139.176587,35.802750,291.280000 139.176536,35.802058,290.720000 139.176692,35.801388,292.240000 139.177342,35.800925,291.140000 139.178194,35.800948,287.100000 139.179055,35.801032,283.380000 139.179951,35.801174,280.690000 139.180884,35.801114,279.270000 139.181771,35.801196,278.950000 139.182619,35.801283,277.590000 139.183538,35.801300,276.000000 139.184386,35.801478,276.000000 139.184874,35.802026,276.000000 139.185121,35.802711,276.000000 139.185394,35.803451,276.000000 139.185704,35.804187,276.000000 139.186225,35.804798,276.000000 139.186789,35.805368,276.000000 139.187631,35.805723,276.000000 139.188453,35.805882,276.000000 139.189357,35.805696,276.000000 139.190241,35.805438,276.000000 139.191030,35.805223,269.370000 139.191840,35.805011,266.380000 139.192779,35.804765,262.740000 139.193698,35.804513,258.880000 139.194614,35.804359,257.530000 139.195625,35.804335,257.180000 139.196512,35.804511,256.650000 139.197381,35.804648,256.270000 139.198294,35.804668,256.320000 139.199112,35.804837,256.500000 139.199985,35.804849,256.450000 139.200825,35.804794,256.470000 139.201724,35.804849,256.650000 139.202570,35.804952,255.860000 139.203433,35.805055,255.790000 139.204285,35.805172,256.170000 139.205110,35.805307,256.080000 139.205950,35.805384,255.430000 139.206840,35.805635,252.980000 139.207530,35.806032,252.900000 139.208291,35.806378,252.900000 139.208745,35.807008,252.900000 139.209196,35.807647,252.900000 139.209335,35.808325,252.900000 139.209635,35.809019,252.900000 139.209697,35.809715,252.900000 139.209449,35.810446,252.900000 139.209273,35.811144,252.900000 139.209109,35.811883,252.900000 139.208340,35.812406,252.900000 139.208056,35.813070,252.900000 139.208697,35.813557,252.900000 139.208321,35.814164,284.750000 139.208285,35.814922,295.050000 139.207827,35.815626,300.310000 139.208152,35.816359,307.940000 139.208495,35.816987,313.420000 139.208624,35.817765,320.220000 139.208921,35.818439,327.240000 139.208921,35.818439,327.240000 139.208775,35.819137,337.950000 139.208860,35.819843,358.010000 139.208865,35.820493,366.360000 139.208789,35.820542,366.680000 139.209524,35.820888,373.440000 139.209618,35.821566,379.920000 139.210134,35.822162,379.650000 139.210463,35.822857,382.090000 139.210743,35.823526,382.840000 139.211094,35.824231,380.150000 139.211459,35.824915,378.020000 139.212010,35.825550,375.600000 139.212512,35.826191,372.310000 139.213194,35.826689,371.300000 139.214156,35.826686,365.630000 139.215012,35.827024,359.880000 139.215955,35.826917,347.210000 139.216579,35.827401,343.110000 139.217469,35.827322,333.070000 139.218211,35.827018,325.010000 139.218856,35.826955,317.960000 139.219078,35.826803,315.780000 139.219922,35.826557,307.900000 139.220412,35.825939,303.000000 139.221269,35.825728,302.850000 139.222012,35.825335,299.230000 139.222864,35.825111,292.950000 139.223724,35.825144,285.170000 139.224581,35.824926,275.070000 139.225415,35.824822,262.000000 139.226207,35.824423,255.030000 139.226542,35.823741,249.710000 139.227428,35.823663,243.100000 139.228348,35.823687,236.790000 139.229221,35.823568,232.110000 139.229212,35.822750,230.320000 139.229525,35.822094,229.410000 139.230198,35.821692,227.270000 139.230938,35.821314,227.760000 139.231813,35.820866,228.640000 139.232638,35.820396,231.120000 139.233441,35.820096,230.320000 139.234423,35.819870,228.390000 139.235363,35.819558,227.050000 139.236048,35.819118,226.060000 139.236807,35.818669,223.620000 139.237695,35.818473,222.320000 139.238628,35.818619,221.160000 139.239576,35.818491,220.080000 139.240542,35.818587,218.970000 139.241527,35.818614,218.620000 139.242386,35.818524,216.210000 139.243276,35.818384,212.930000 139.244190,35.818362,209.620000 139.244788,35.818899,219.300000 139.245570,35.819215,219.300000 139.246223,35.819687,219.300000 139.246590,35.820293,219.300000 139.246775,35.820958,219.300000 139.246826,35.821733,219.300000 139.247341,35.822374,219.300000 139.247913,35.822949,219.300000 139.248640,35.823312,209.400000 139.249507,35.823116,209.400000 139.250300,35.822872,209.400000 139.251267,35.822821,209.400000 139.252187,35.823040,209.400000 139.253006,35.823265,209.400000 139.253887,35.823590,209.400000 139.254645,35.823874,209.400000 139.255214,35.824501,209.400000 139.255528,35.825224,209.400000 139.255694,35.825953,209.400000 139.256358,35.826373,209.400000 139.257140,35.826792,209.400000 139.257971,35.826867,209.120000 139.258826,35.826871,209.810000 139.259464,35.827330,208.700000 139.260184,35.827786,207.880000 139.260811,35.828285,206.640000 139.261551,35.828724,203.010000 139.262326,35.829117,200.920000 139.263069,35.829503,198.650000 139.263985,35.829687,198.350000 139.264868,35.829678,197.480000 139.265768,35.829692,196.050000 139.266561,35.830087,195.310000 139.267115,35.830745,194.350000 139.267659,35.831321,193.300000 139.268406,35.831785,189.680000 139.269228,35.832009,182.400000 139.269937,35.832366,182.400000 139.270623,35.832798,182.400000 139.271303,35.833217,182.400000 139.272002,35.833645,182.400000 139.272733,35.834156,182.400000 139.273322,35.834689,182.400000 139.273947,35.835265,182.400000 139.274548,35.835816,182.400000 139.275134,35.836385,182.400000 139.275905,35.836877,182.400000 139.276759,35.837190,182.400000 139.277636,35.837419,182.400000 139.278470,35.837598,185.280000 139.279351,35.837674,183.540000 139.280214,35.837727,182.120000 139.281085,35.837764,169.500000 139.282003,35.837738,169.500000 139.282918,35.837750,169.500000 139.283750,35.837789,169.500000 139.284672,35.837753,169.500000 139.285622,35.837825,169.500000 139.286509,35.837963,169.500000 139.287410,35.838109,169.500000 139.288267,35.838231,169.500000 139.289154,35.838369,169.500000 139.290054,35.838514,169.500000 139.290963,35.838474,169.500000 139.291781,35.838346,169.500000 139.292598,35.838218,169.500000 139.292890,35.838159,169.500000 139.293465,35.837989,170.790000 139.294331,35.837717,169.670000 139.295128,35.837491,170.160000 139.295841,35.837944,170.480000 139.296151,35.838598,173.440000 139.296338,35.839359,176.990000 139.296198,35.840025,179.900000 139.296314,35.840758,185.460000 139.296566,35.841484,193.190000 139.296566,35.841598,194.190000 139.296530,35.842177,198.690000 139.296517,35.842623,202.540000 139.296503,35.842947,204.920000 139.296519,35.843665,207.230000 139.296511,35.844421,210.340000 139.296519,35.845205,215.580000 139.296529,35.845718,221.130000 139.296534,35.845923,221.920000 139.296594,35.846667,225.450000 139.296745,35.847338,226.930000 139.296904,35.848067,226.740000 139.297068,35.848816,228.230000 139.296972,35.849538,228.710000 139.296646,35.850262,230.190000 139.296857,35.850980,228.740000 139.297482,35.851506,228.270000 139.298096,35.852051,226.220000 139.298636,35.852671,224.060000 139.299195,35.853318,221.720000 139.299896,35.853773,218.900000 139.300688,35.854215,213.850000 139.301368,35.854648,202.230000 139.301827,35.855314,191.930000 139.302274,35.855972,177.620000 139.302634,35.856635,168.700000 139.303023,35.857234,156.400000 139.303740,35.857646,156.400000 139.304423,35.858073,156.400000 139.305009,35.858582,162.900000 139.305861,35.858826,162.900000 139.306762,35.858905,162.900000 139.307690,35.859043,162.900000 139.308575,35.859214,162.900000 139.309459,35.859356,162.900000 139.310333,35.859367,159.100000 139.310873,35.859346,159.100000 139.311221,35.859341,160.100000 139.312061,35.859351,160.100000 139.312896,35.859392,158.800000 139.312801,35.860106,158.800000 139.312579,35.860784,158.800000 139.312294,35.861507,158.800000 139.312166,35.862248,158.800000 139.312342,35.862921,158.800000 139.312836,35.863611,158.800000 139.313326,35.864212,158.800000 139.314185,35.864286,158.800000 139.314465,35.863965,158.800000 139.314697,35.863751,158.800000 139.315304,35.863199,158.800000 139.315903,35.862646,158.800000 139.316467,35.862120,162.600000 139.317114,35.861637,162.600000 139.317874,35.861323,161.300000 139.318707,35.861180,161.300000 139.319551,35.861168,161.300000 139.320050,35.861201,161.300000 139.320431,35.861220,161.300000 139.321352,35.861238,161.300000 139.322193,35.861199,161.300000 139.323116,35.861122,161.300000 139.324007,35.860958,161.300000 139.324944,35.860750,161.300000 139.325799,35.860567,161.300000 139.326623,35.860393,161.300000 139.327551,35.860186,161.300000 139.328471,35.859987,156.460000 139.329336,35.859810,156.160000 139.330239,35.859612,156.220000 139.331153,35.859396,156.030000 139.331839,35.859261,154.310000 139.332045,35.859212,153.840000 139.332883,35.859027,152.920000 139.333722,35.858883,153.700000 139.334570,35.858850,153.700000 139.335452,35.858809,150.500000 139.336341,35.858773,150.500000 139.337202,35.858741,150.500000 139.338192,35.858670,150.500000 139.339075,35.858544,150.500000 139.339960,35.858365,150.500000 139.340854,35.858204,150.500000 139.341794,35.858027,150.500000 139.342298,35.858276,145.900000 139.343034,35.857866,143.400000 139.343942,35.857784,143.400000 139.344798,35.857707,143.400000 139.345753,35.857683,143.400000 139.346602,35.857669,143.400000 139.347374,35.857955,144.600000 139.348282,35.858132,144.600000 139.349098,35.858328,144.600000 139.349925,35.858532,144.600000 139.350725,35.858761,144.600000 139.351638,35.859011,144.600000 139.352521,35.859269,144.600000 139.353317,35.859507,144.600000 139.354140,35.859793,140.900000 139.354960,35.859998,140.900000 139.355752,35.860216,140.900000 139.356649,35.860454,140.900000 139.357538,35.860709,140.900000 139.358431,35.860946,140.900000 139.359324,35.861201,140.900000 139.360140,35.861471,140.900000 139.360909,35.861752,140.900000 139.361728,35.862061,140.900000 139.362570,35.862371,132.660000 139.363449,35.862659,135.750000 139.364279,35.862926,137.500000 139.365089,35.863191,136.310000 139.365869,35.863462,137.220000 139.366365,35.863625,138.200000 139.366645,35.863731,138.510000 139.367441,35.863991,126.500000 139.368259,35.864288,126.500000 139.369134,35.864551,126.500000 139.369901,35.864821,126.500000 139.370740,35.865138,125.000000 139.371534,35.865474,125.000000 139.372379,35.865850,125.000000 139.373230,35.866255,125.000000 139.374067,35.866653,125.000000 139.374832,35.867018,125.000000 139.375685,35.867381,125.000000 139.376600,35.867654,125.000000 139.377487,35.867914,125.000000 139.378267,35.868150,125.000000 139.379028,35.868411,125.000000 139.379159,35.868454,125.000000 139.379944,35.868694,117.700000 139.380732,35.868928,117.700000 139.381512,35.869313,117.700000 139.382275,35.869708,117.700000 139.382999,35.870081,117.700000 139.383777,35.870491,117.700000 139.384503,35.870841,117.700000 139.385268,35.871229,117.700000 139.386012,35.871594,117.700000 139.386760,35.871983,117.700000 139.387554,35.872389,117.700000 139.388359,35.872782,120.490000 139.389148,35.873168,121.270000 139.389870,35.873550,118.650000 139.390596,35.873928,109.900000 139.391277,35.874319,109.900000 139.392081,35.874731,109.900000 139.392816,35.875077,109.900000 139.393558,35.875450,109.900000 139.394304,35.875813,109.900000 139.395082,35.876196,109.900000 139.395814,35.876529,109.900000 139.396534,35.876935,109.900000 139.397266,35.877301,105.700000 139.398085,35.877662,105.700000 139.398641,35.877819,105.700000 139.398872,35.877887,105.700000 139.399762,35.878029,105.700000 139.400694,35.878055,105.700000 139.401569,35.878015,105.700000 139.402471,35.877843,106.830000 139.403272,35.877646,106.040000 139.403648,35.877569,86.300000 139.404111,35.877435,86.300000 139.404904,35.877191,86.300000 139.405723,35.876954,86.300000 139.406515,35.876738,86.300000 139.407396,35.876510,86.300000 139.408298,35.876256,86.300000 139.409141,35.876005,86.300000 139.409946,35.875783,86.300000 139.410822,35.875531,86.300000 139.411621,35.875294,86.300000 139.411971,35.875195,86.300000 139.412519,35.875043,86.300000 139.413377,35.874802,90.820000 139.414177,35.874579,91.300000 139.414998,35.874375,90.090000 139.415819,35.874155,89.350000 139.416622,35.873928,83.300000 139.417425,35.873615,83.300000 139.417720,35.873465,83.300000 139.418134,35.873202,83.300000 139.418715,35.872715,84.500000 139.419284,35.872135,84.500000 139.419526,35.871822,84.500000 139.419815,35.871498,84.500000 139.420294,35.870923,84.500000 139.420739,35.870306,84.500000 139.423536,35.867675,84.500000 139.423894,35.866988,95.500000 139.424475,35.866445,95.500000 139.425077,35.865811,95.500000 139.425592,35.865202,95.500000 139.426083,35.864656,93.800000 139.426591,35.864120,94.200000 139.427117,35.863576,98.200000 139.427607,35.863010,100.300000 139.428105,35.862450,100.300000 139.428666,35.861840,100.300000 139.429197,35.861242,100.300000 139.429708,35.860664,100.300000 139.430290,35.860133,99.000000 139.430824,35.859562,99.000000 139.431364,35.858929,99.000000 139.431859,35.858374,99.000000 139.432412,35.857756,99.000000 139.432905,35.857202,99.000000 139.433461,35.856643,100.700000 139.434017,35.856068,100.700000 139.434523,35.855508,100.700000 139.435040,35.854950,100.700000 139.435563,35.854375,100.700000 139.436188,35.853754,100.700000 139.436798,35.853278,100.700000 139.437471,35.852881,100.700000 139.438252,35.852396,100.700000 139.438946,35.851973,100.700000 139.439671,35.851509,100.700000 139.440394,35.851063,98.900000 139.441132,35.850630,98.900000 139.441860,35.850203,98.900000 139.442555,35.849770,96.600000 139.443308,35.849302,97.700000 139.444049,35.848865,97.700000 139.444782,35.848425,97.700000 139.445537,35.847963,97.700000 139.446274,35.847507,97.700000 139.446984,35.847101,97.700000 139.447670,35.846684,97.700000 139.448353,35.846277,97.700000 139.449032,35.845851,97.700000 139.449307,35.845681,97.700000 139.449721,35.845428,97.700000 139.450458,35.844981,97.700000 139.451254,35.844531,97.700000 139.451970,35.844100,97.700000 139.452681,35.843668,97.700000 139.453438,35.843200,97.700000 139.454194,35.842743,96.730000 139.454985,35.842263,97.670000 139.455699,35.841832,98.670000 139.456380,35.841411,98.680000 139.457137,35.840948,99.860000 139.457867,35.840516,100.630000 139.458582,35.840083,101.130000 139.459315,35.839642,101.340000 139.460006,35.839225,101.260000 139.460800,35.838745,101.560000 139.461547,35.838261,102.810000 139.462194,35.837789,102.980000 139.462805,35.837328,102.220000 139.463447,35.836826,101.900000 139.463705,35.836625,101.520000 139.464088,35.836304,98.800000 139.464763,35.835756,98.800000 139.465129,35.835462,98.500000 139.465407,35.835226,98.500000 139.466051,35.834716,98.500000 139.466656,35.834232,98.500000 139.467289,35.833718,98.500000 139.467923,35.833214,98.500000 139.468556,35.832693,98.500000 139.469160,35.832166,98.500000 139.469785,35.831593,98.500000 139.470440,35.831010,98.500000 139.471030,35.830471,98.500000 139.471588,35.829961,98.500000 139.472141,35.829448,98.500000 139.472729,35.828902,98.500000 139.473345,35.828331,98.500000 139.473928,35.827788,106.400000 139.474509,35.827274,106.400000 139.475091,35.826787,106.400000 139.475643,35.826279,106.400000 139.476276,35.825704,106.400000 139.476839,35.825187,106.400000 139.477396,35.824667,106.400000 139.478038,35.824105,110.200000 139.478626,35.823565,110.200000 139.479075,35.823150,110.200000 139.479193,35.823038,110.200000 139.479773,35.822500,110.200000 139.480419,35.821895,110.200000 139.481080,35.821294,110.200000 139.481635,35.820784,110.200000 139.482250,35.820225,110.200000 139.482829,35.819689,110.200000 139.483436,35.819120,110.200000 139.484009,35.818613,110.200000 139.484610,35.818074,98.100000 139.485172,35.817555,98.100000 139.486003,35.817425,98.100000 139.486778,35.817810,99.600000 139.487576,35.818195,99.600000 139.488300,35.818551,99.600000 139.489036,35.818908,99.600000 139.489785,35.819252,99.600000 139.490590,35.819624,99.600000 139.491333,35.819979,99.600000 139.492162,35.820380,99.600000 139.492983,35.820776,99.600000 139.493786,35.821146,99.600000 139.494512,35.821492,99.600000 139.495329,35.821876,99.600000 139.496059,35.822240,96.810000 139.496822,35.822604,95.730000 139.497477,35.822044,94.860000 139.497953,35.821454,94.730000 139.498467,35.820811,93.750000 139.498972,35.820193,92.550000 139.499483,35.819575,92.120000 139.499989,35.818961,92.650000 139.500526,35.818375,93.120000 139.501059,35.817761,92.530000 139.501566,35.817116,92.280000 139.502046,35.816540,93.270000 139.502517,35.815935,94.260000 139.502990,35.815311,96.260000 139.503330,35.814625,96.760000 139.504175,35.814390,95.700000 139.505050,35.814565,95.700000 139.506005,35.814687,95.700000 139.506879,35.814840,95.700000 139.507798,35.815022,95.700000 139.508613,35.815300,95.700000 139.509405,35.815560,95.700000 139.510233,35.815791,95.700000 139.511015,35.816069,95.700000 139.511816,35.816281,95.700000 139.512734,35.816509,95.700000 139.513474,35.816845,95.700000 139.514223,35.817196,95.700000 139.514961,35.817544,88.100000 139.515458,35.817970,87.000000 139.515578,35.818087,87.000000 139.516153,35.818634,87.000000 139.516931,35.818264,87.000000 139.517709,35.817901,87.000000 139.518501,35.817611,87.000000 139.519162,35.817112,85.800000 139.520070,35.817058,84.200000 139.520849,35.817380,84.200000 139.521757,35.817625,84.200000 139.522603,35.817821,84.200000 139.523506,35.817987,84.200000 139.524353,35.818116,84.200000 139.525205,35.818157,84.200000 139.526103,35.818130,84.200000 139.526671,35.817601,79.700000 139.526890,35.816914,79.700000 139.527117,35.816234,79.700000 139.527382,35.815488,79.700000 139.527634,35.814827,79.700000 139.527903,35.814157,79.700000 139.528165,35.813477,79.700000 139.528430,35.812793,79.700000 139.528758,35.812094,79.700000 139.529004,35.811448,79.700000 139.529260,35.810756,79.700000 139.529751,35.810210,79.700000 139.530722,35.810335,79.700000 139.531568,35.810429,79.700000 139.532501,35.810536,93.310000 139.533371,35.810634,92.620000 139.534342,35.810739,90.870000 139.535178,35.810816,89.250000 139.536195,35.810927,87.330000 139.537167,35.811041,86.130000 139.538122,35.811164,85.310000 139.539137,35.811304,83.490000 139.540122,35.811517,82.230000 139.540996,35.811765,80.160000 139.541781,35.812002,75.720000 139.542545,35.812339,54.900000 139.543289,35.812758,54.900000 139.543970,35.813167,54.900000 139.544756,35.813588,54.900000 139.545558,35.814003,54.900000 139.546330,35.814459,54.900000 139.547134,35.814909,54.900000 139.547501,35.814949,54.900000 139.547618,35.814328,54.900000 139.547707,35.813649,54.900000 139.548318,35.813073,54.900000 139.548716,35.812463,54.900000 139.548989,35.811715,54.900000 139.549245,35.810974,54.900000 139.549510,35.810291,57.400000 139.549787,35.809591,81.900000 139.550046,35.808935,81.900000 139.550326,35.808221,81.900000 139.550569,35.807575,81.900000 139.550824,35.806901,81.900000 139.551133,35.806238,81.900000 139.551587,35.805607,81.900000 139.552117,35.805063,81.900000 139.552757,35.804608,81.900000 139.553549,35.804170,81.900000 139.554363,35.803747,81.900000 139.554898,35.803464,81.900000 139.555103,35.803378,81.900000 139.555792,35.802975,81.900000 139.556487,35.802581,74.200000 139.557305,35.802262,89.700000 139.557973,35.801801,89.700000 139.558658,35.801408,74.100000 139.558738,35.801360,74.100000 139.559442,35.800948,74.100000 139.560192,35.800515,74.100000 139.560973,35.800079,74.100000 139.561761,35.799691,74.100000 139.562506,35.799333,74.100000 139.563306,35.798967,74.100000 139.564066,35.798655,74.100000 139.564818,35.798343,74.100000 139.564998,35.798263,74.100000 139.565591,35.798023,74.900000 139.566370,35.797718,74.900000 139.567145,35.797419,74.900000 139.567940,35.797103,74.900000 139.568743,35.796796,74.900000 139.569591,35.796447,74.900000 139.570353,35.796141,74.900000 139.571139,35.795836,78.000000 139.571934,35.795527,78.000000 139.572731,35.795211,78.000000 139.573519,35.794914,78.000000 139.574369,35.794588,78.000000 139.575226,35.794252,78.000000 139.576052,35.793944,78.000000 139.576912,35.793606,78.000000 139.577785,35.793259,78.000000 139.578661,35.792918,78.000000 139.579506,35.792575,78.000000 139.580271,35.792268,78.000000 139.581043,35.791989,57.600000 139.581788,35.791654,57.600000 139.582531,35.791284,57.600000 139.583306,35.790899,57.600000 139.584154,35.790490,57.600000 139.584926,35.790105,57.600000 139.585737,35.789756,57.600000 139.586544,35.789510,57.600000 139.587398,35.789302,57.600000 139.588269,35.789091,57.600000 139.589077,35.788884,57.600000 139.589882,35.788675,77.300000 139.590692,35.788482,77.300000 139.591530,35.788259,77.300000 139.592405,35.788058,80.700000 139.593296,35.787838,80.700000 139.594168,35.787616,80.700000 139.595048,35.787379,80.700000 139.595838,35.787128,80.700000 139.596665,35.786836,80.700000 139.597527,35.786520,80.700000 139.598313,35.786241,80.700000 139.599094,35.785968,80.700000 139.599901,35.785696,80.700000 139.600754,35.785417,80.700000 139.601529,35.785127,80.700000 139.602274,35.784836,69.390000 139.602304,35.784823,69.660000 139.603159,35.784545,78.700000 139.604022,35.784382,78.700000 139.604960,35.784220,78.700000 139.605892,35.784035,78.700000 139.606809,35.783844,78.700000 139.607715,35.783706,78.700000 139.608583,35.783516,78.700000 139.609487,35.783352,78.700000 139.610316,35.783147,78.700000 139.611074,35.782809,75.400000 139.611841,35.782412,75.400000 139.612564,35.782035,75.400000 139.613314,35.781615,75.400000 139.614141,35.781188,75.400000 139.614912,35.780785,75.400000 139.615709,35.780367,75.400000 139.616507,35.779952,75.400000 139.617232,35.779572,75.400000 139.617979,35.779193,75.400000 139.618753,35.778846,75.400000 139.619497,35.778488,84.600000 139.620350,35.778432,84.600000 139.621248,35.778494,75.300000 139.622109,35.778848,75.300000 139.622831,35.779233,75.300000 139.623656,35.779414,56.800000 139.624520,35.779602,55.200000 139.625378,35.779529,55.200000 139.626185,35.779211,55.200000 139.626927,35.778905,55.200000 139.627747,35.778559,55.200000 139.628494,35.778216,55.200000 139.629232,35.777781,68.300000 139.629983,35.777374,68.300000 139.630729,35.777017,68.300000 139.631441,35.776590,71.700000 139.632209,35.776201,71.700000 139.632964,35.775803,71.700000 139.633765,35.775435,69.700000 139.634517,35.775042,69.700000 139.635024,35.774489,69.700000 139.635527,35.773937,72.700000 139.636137,35.773404,72.700000 139.636770,35.772892,72.700000 139.637473,35.772414,72.700000 139.638240,35.771993,72.700000 139.639000,35.771682,72.700000 139.639805,35.771510,72.700000 139.640737,35.771314,72.700000 139.641662,35.771107,72.700000 139.642499,35.770865,72.700000 139.643240,35.770479,74.200000 139.643992,35.770073,76.400000 139.644660,35.769665,76.400000 139.645384,35.769261,76.400000 139.646199,35.768881,76.400000 139.647056,35.768662,76.400000 139.647931,35.768446,76.400000 139.648734,35.768237,76.400000 139.649649,35.767994,76.400000 139.650490,35.767794,76.400000 139.651336,35.767597,76.400000 139.652185,35.767377,76.400000 139.652990,35.767185,76.400000 139.653800,35.766981,60.270000 139.654184,35.766862,59.840000 139.654598,35.766719,70.000000 139.655412,35.766532,70.000000 139.655755,35.766447,70.000000 139.656229,35.766292,70.000000 139.657091,35.766051,70.000000 139.657995,35.765825,70.000000 139.658815,35.765578,70.000000 139.659613,35.765347,70.000000 139.659712,35.765319,70.000000 139.660463,35.765125,88.300000 139.661310,35.764898,88.300000 139.662185,35.764667,88.300000 139.663032,35.764439,88.300000 139.663884,35.764210,88.300000 139.664746,35.763977,88.300000 139.665554,35.763726,88.300000 139.666395,35.763514,88.300000 139.667199,35.763288,88.300000 139.668049,35.763030,88.300000 139.668845,35.762823,67.600000 139.669328,35.762697,67.600000 139.669704,35.762588,67.600000 139.670551,35.762333,70.900000 139.671397,35.762099,70.900000 139.672289,35.761848,70.900000 139.673155,35.761611,70.900000 139.673937,35.761374,70.900000 139.674824,35.761144,70.900000 139.675630,35.760903,70.900000 139.676472,35.760670,70.900000 139.677294,35.760443,70.400000 139.678100,35.760213,69.700000 139.678904,35.759970,69.700000 139.679758,35.759735,69.700000 139.680577,35.759389,69.700000 139.681379,35.759003,69.700000 139.682109,35.758640,69.700000 139.682818,35.758265,69.700000 139.683545,35.757856,70.700000 139.684223,35.757440,70.300000 139.684950,35.757046,70.300000 139.685754,35.756625,70.300000 139.686474,35.756244,70.300000 139.687177,35.755851,70.300000 139.687913,35.755424,70.300000 139.688598,35.754935,70.300000 139.689331,35.754426,70.300000 139.689996,35.753958,70.300000 139.690704,35.753455,70.300000 139.691488,35.752966,70.300000 139.692205,35.752450,70.300000 139.692912,35.751968,70.300000 139.693591,35.751544,56.790000 139.694224,35.751032,67.800000 139.694969,35.750563,67.800000 139.695642,35.750107,67.800000 139.696327,35.749575,67.800000 139.696925,35.749084,67.800000 139.697574,35.748581,70.800000 139.698156,35.748057,70.800000 139.698768,35.747515,70.800000 139.699382,35.746974,70.800000 139.699550,35.746841,70.800000 139.700024,35.746524,70.800000 139.700670,35.746079,70.800000 139.701293,35.745594,70.800000 139.701972,35.745112,70.800000 139.702612,35.744612,70.800000 139.703224,35.744089,70.800000 139.703935,35.743601,70.800000 139.704520,35.743110,70.800000 139.703809,35.743504,66.000000 139.703169,35.744062,69.900000 139.702498,35.744576,69.900000 139.701811,35.745028,69.900000 139.701159,35.745532,69.900000 139.700533,35.746016,69.900000 139.699905,35.746545,69.900000 139.699208,35.747044,69.900000 139.698619,35.747543,69.900000 139.698030,35.748029,69.900000 139.697404,35.748503,69.900000 139.697090,35.748767,70.800000 139.696778,35.749010,70.800000 139.696175,35.749489,70.800000 139.695554,35.749966,70.800000 139.694903,35.750434,70.800000 139.694190,35.750915,70.800000 139.693519,35.751430,70.800000 139.692801,35.751903,70.800000 139.692092,35.752393,70.800000 139.691466,35.752839,70.800000 139.690733,35.753316,70.800000 139.690049,35.753763,70.800000 139.689296,35.754291,70.800000 139.688624,35.754722,70.800000 139.687908,35.755210,59.250000 139.687819,35.755279,59.530000 139.687208,35.755645,62.120000 139.686916,35.755829,69.000000 139.686468,35.756085,69.000000 139.685723,35.756461,69.000000 139.684971,35.756887,69.000000 139.684306,35.757321,69.000000 139.683578,35.757750,69.000000 139.682924,35.758170,69.000000 139.682193,35.758513,70.600000 139.681480,35.758871,70.600000 139.680745,35.759235,70.600000 139.679994,35.759604,70.600000 139.679203,35.759827,70.600000 139.678421,35.760094,70.600000 139.677550,35.760334,69.800000 139.676704,35.760564,69.800000 139.675844,35.760875,69.800000 139.675598,35.760943,69.800000 139.675017,35.761134,69.800000 139.674178,35.761341,69.800000 139.673385,35.761550,68.600000 139.672569,35.761755,75.400000 139.671686,35.761979,70.100000 139.670901,35.762209,70.100000 139.670086,35.762422,70.100000 139.669250,35.762654,70.100000 139.668424,35.762889,70.100000 139.667665,35.763165,70.100000 139.666830,35.763324,70.100000 139.666002,35.763557,70.100000 139.665571,35.763639,70.100000 139.665214,35.763187,70.400000 139.664840,35.763316,71.500000 139.665442,35.763699,70.400000 139.665471,35.763717,70.400000 139.665409,35.763703,70.200000 139.665083,35.763701,73.100000 139.665115,35.763702,73.100000 139.664896,35.763736,75.300000 139.664342,35.763731,70.900000 139.664069,35.763480,78.100000 139.663385,35.763078,69.700000 139.663090,35.762398,69.700000 139.663568,35.761798,70.500000 139.664319,35.761402,70.500000 139.665045,35.760949,72.900000 139.665768,35.760584,73.200000 139.666456,35.760193,73.200000 139.666715,35.759524,68.000000 139.666679,35.758818,67.100000 139.666814,35.758143,67.200000 139.666599,35.757490,68.800000 139.666583,35.756794,71.200000 139.667260,35.756377,72.500000 139.668106,35.756375,69.200000 139.668972,35.756528,66.700000 139.669809,35.756586,66.800000 139.669830,35.755864,68.900000 139.669997,35.755190,72.000000 139.670286,35.754504,72.200000 139.670496,35.753839,71.900000 139.670696,35.753145,70.200000 139.670693,35.752423,70.500000 139.670667,35.751748,65.700000 139.670534,35.751053,70.900000 139.670630,35.750339,65.100000 139.670778,35.749649,65.800000 139.670835,35.748944,66.000000 139.670174,35.748494,69.700000 139.669447,35.748116,66.800000 139.668606,35.747925,66.600000 139.667758,35.747807,67.400000 139.666985,35.747516,69.100000 139.666505,35.748099,70.500000 139.666515,35.748788,69.100000 139.666222,35.749436,67.400000 139.665365,35.749492,66.900000 139.664907,35.749763,54.300000 139.665458,35.749489,54.300000 139.678536,35.743866,54.300000 139.680769,35.742759,54.300000 139.689383,35.738201,54.300000 139.698636,35.733325,54.300000 139.709827,35.729575,66.500000 139.711261,35.729144,61.200000 139.710444,35.729472,61.200000 139.718743,35.726787,61.200000 139.719701,35.725451,61.200000 139.727682,35.718622,61.200000 139.733110,35.709618,61.200000 139.743097,35.700913,28.600000 139.736622,35.692385,28.600000 139.741093,35.689302,28.600000 139.740454,35.685604,28.600000 139.737580,35.684164,28.600000 139.747480,35.683545,28.600000 139.745883,35.679462,28.600000 139.744925,35.680512,28.600000 139.740454,35.678718,28.600000 139.752590,35.677274,28.600000 139.768243,35.674080,28.600000 139.774314,35.670198,28.600000 139.785003,35.664274,29.800000 139.784227,35.664016,29.300000 139.783442,35.663322,29.400000 139.782240,35.662778,39.800000 139.781999,35.662117,39.900000 139.781224,35.661844,39.700000 139.780531,35.661462,39.800000 139.779887,35.661034,39.500000 139.779535,35.660412,41.400000 139.778924,35.659950,41.500000 139.778202,35.659615,39.900000 139.778312,35.658934,42.600000 139.778577,35.658281,39.700000 139.777921,35.657849,39.800000 139.777546,35.657223,40.200000 139.777333,35.657296,39.900000 139.777019,35.656663,40.600000 139.776259,35.656243,44.100000 139.776268,35.656190,74.900000 139.776251,35.656205,74.900000 139.776248,35.656204,74.900000 139.776248,35.656204,74.900000 139.776311,35.656218,74.900000 139.776294,35.656212,74.900000 139.776294,35.656212,74.900000 139.776268,35.656221,74.900000 139.776358,35.656229,74.900000 139.776358,35.656229,74.900000 139.776322,35.656214,74.900000 139.776322,35.656214,74.900000 139.776328,35.656226,74.900000 139.776328,35.656226,74.900000 139.776204,35.656197,74.900000 139.776204,35.656197,74.900000 139.776322,35.656213,74.900000 139.776322,35.656213,74.900000 139.776255,35.656225,74.900000 139.776255,35.656225,74.900000 139.776419,35.656241,74.900000 139.776419,35.656241,74.900000 139.776442,35.656240,74.900000 139.776442,35.656240,74.900000 139.776429,35.656239,74.900000 139.776429,35.656239,74.900000 139.776347,35.656224,74.900000 139.776347,35.656224,74.900000 139.776284,35.656231,74.900000 139.776284,35.656231,74.900000 139.776401,35.656235,74.900000 139.776401,35.656235,74.900000 139.776360,35.656234,74.900000 139.776360,35.656234,74.900000 139.776412,35.656239,74.900000 139.776412,35.656239,74.900000 139.776412,35.656229,74.900000 139.776412,35.656229,74.900000 139.776287,35.656210,74.900000 139.776307,35.656220,74.900000 139.776376,35.656224,74.900000 139.776376,35.656224,74.900000 139.776299,35.656222,74.900000 139.776299,35.656222,74.900000 139.776249,35.656210,74.900000 139.776249,35.656210,74.900000 139.776415,35.656233,74.900000 139.776415,35.656233,74.900000 139.776423,35.656244,74.900000 139.776423,35.656244,74.900000 139.776237,35.656215,74.900000 139.776237,35.656215,74.900000 139.776249,35.656213,74.900000 139.776249,35.656213,74.900000 139.776331,35.656223,74.900000 139.776331,35.656223,74.900000 139.776401,35.656231,74.900000 139.776401,35.656231,74.900000 139.776399,35.656227,74.900000 139.776399,35.656227,74.900000 139.776400,35.656234,74.900000 139.776400,35.656234,74.900000 139.776352,35.656221,74.900000 139.776352,35.656221,74.900000</coordinates></LineString></Placemark></Document></kml>